Jugador,Equipo,Posicion,Puntos,Valor,Valor_Anterior,Estado,Fecha
Llorenç Serred,Espanyol,Desc,0,468327,468827,Disponible,2026-09-07
Aaron Ndive Mayol,Valencia,Desc,0,700000,700000,Disponible,2026-09-07
Abde Rebbach,Alavés,Desc,27,5402815,5411060,Disponible,2026-09-07
Abdel Abqar,Getafe,Desc,6,5220408,5362530,Lesionado,2026-09-07
Abdoulaye Faye,Celta,Desc,3,2547196,2624873,Disponible,2026-09-07
Abel Bretones,Osasuna,Desc,26,8772817,8278763,Disponible,2026-09-07
Abiel Osorio,Elche,Desc,0,828321,843820,Disponible,2026-09-07
Adam Aznou,Málaga,Desc,0,1017279,0,Disponible,2026-09-07
Adama Timera,Espanyol,Desc,0,515527,517993,Disponible,2026-09-07
Ademola Lookman,Atlético,Desc,25,58016120,58968792,Disponible,2026-09-07
Adrià Altimira,Deportivo,Desc,14,5378568,5514895,Disponible,2026-09-07
Adrià Pedrosa,Rayo,Desc,0,2936085,3012460,Disponible,2026-09-07
Adrián Molina,Rayo,Desc,0,552424,556428,Disponible,2026-09-07
Aimar Blázquez,Valencia,Desc,0,580962,581656,Disponible,2026-09-07
Aimar Oroz,Osasuna,Desc,17,11870051,12228712,Lesionado,2026-09-07
Aissa Mandi,Levante,Desc,45,10638212,10545578,Disponible,2026-09-07
Aitor Fraga,Real Sociedad,Desc,0,601574,602234,Disponible,2026-09-07
Aitor Mañas,Alavés,Desc,7,457596,457649,Disponible,2026-09-07
Aitor Paredes,Athletic,Desc,42,10438454,9986534,Disponible,2026-09-07
Alassane Diatta,Villarreal,Desc,0,463757,464066,Disponible,2026-09-07
Alberto Calatrava,Levante,Desc,0,657122,665488,Disponible,2026-09-07
Alberto Moleiro,Villarreal,Desc,38,47536843,48593680,Disponible,2026-09-07
Alberto Risco,Getafe,Desc,3,524689,527537,Disponible,2026-09-07
Aleix Febas,Celta,Desc,19,19112648,19669354,Lesionado,2026-09-07
Alejandro Balde,Barcelona,Desc,0,15450561,15877108,Disponible,2026-09-07
Alejandro Catena,Osasuna,Desc,29,37224069,36608063,Disponible,2026-09-07
Alejandro Iturbe,Elche,Desc,0,578889,583996,Disponible,2026-09-07
Alejandro Panach,Valencia,Desc,0,501311,501909,Disponible,2026-09-07
Alejandro Rego,Athletic,Desc,0,2682158,2764908,Disponible,2026-09-07
Alemão,Rayo,Desc,11,2044551,2103188,Disponible,2026-09-07
Álex Baena,Atlético,Desc,65,66918852,66125890,Disponible,2026-09-07
Álex Berenguer,Athletic,Desc,45,9722543,9567045,Disponible,2026-09-07
Álex Calatrava,Espanyol,Desc,39,6735581,6615379,Disponible,2026-09-07
Alex Freeman,Villarreal,Desc,11,1502267,1532612,Disponible,2026-09-07
Álex Grimaldo,Atlético,Desc,22,35617567,36400490,Disponible,2026-09-07
Alex Lebarbier,Real Sociedad,Desc,0,601574,602234,Disponible,2026-09-07
Alex Marchal,Real Sociedad,Desc,10,601574,602234,Disponible,2026-09-07
Alex Padilla,Athletic,Desc,0,911936,930919,Disponible,2026-09-07
Álex Pastor,Málaga,Desc,0,392397,389733,Disponible,2026-09-07
Álex Remiro,Real Sociedad,Desc,49,39310304,39055030,Disponible,2026-09-07
Alexis Ciria,Real Madrid,Desc,0,684465,693970,Disponible,2026-09-07
Alfonso Herrero,Málaga,Desc,38,12146715,11958856,Disponible,2026-09-07
Aliou Dieng,Valencia,Desc,11,2470741,2539623,Disponible,2026-09-07
Altay Bayindir,Celta,Desc,0,1395751,1434893,Disponible,2026-09-07
Álvaro Djaló,Athletic,Desc,2,663281,671904,Disponible,2026-09-07
Álvaro Fidalgo,Betis,Desc,3,1576006,1617701,Disponible,2026-09-07
Álvaro García,Rayo,Desc,35,19715320,19940737,Disponible,2026-09-07
Álvaro Mantilla,Racing,Desc,20,1952709,1993245,Disponible,2026-09-07
Álvaro Padilla,Elche,Desc,0,739193,750979,Disponible,2026-09-07
Álvaro Valles,Betis,Desc,73,44766796,43148521,Disponible,2026-09-07
Ander Barrenetxea,Real Sociedad,Desc,22,23531759,23862383,Disponible,2026-09-07
Ander Guevara,Alavés,Desc,0,696537,706545,Disponible,2026-09-07
André Almeida,Racing,Desc,4,1507855,1535071,Disponible,2026-09-07
Andrei Ratiu,Rayo,Desc,25,26597897,26768949,Disponible,2026-09-07
Andrés Antañón,Celta,Desc,3,581040,581700,Disponible,2026-09-07
Andrés Castrín,Sevilla,Desc,8,3832519,3861892,Disponible,2026-09-07
Andrés García,Getafe,Desc,26,7877408,7985887,Disponible,2026-09-07
Andrés Martín,Racing,Desc,30,16826471,17332181,Lesionado,2026-09-07
Andrés Vallecillo,Racing,Desc,0,514653,517083,Disponible,2026-09-07
Andriy Lunin,Real Madrid,Desc,0,1460933,1489228,Disponible,2026-09-07
Ángel Fortuño,Espanyol,Desc,0,458306,458388,Disponible,2026-09-07
Ángel Ortiz,Betis,Desc,15,1212819,1243786,Disponible,2026-09-07
Ángel Pérez,Alavés,Desc,54,11877600,11351598,Disponible,2026-09-07
Angel Recio,Málaga,Desc,21,1101773,1102086,Disponible,2026-09-07
Angeliño,Deportivo,Desc,0,10357107,10608126,Disponible,2026-09-07
Ante Budimir,Osasuna,Desc,76,54136896,53275137,Disponible,2026-09-07
Anthony Gordon,Barcelona,Desc,45,79624158,77571860,Disponible,2026-09-07
Antonio Blanco,Alavés,Desc,40,18087372,17863692,Disponible,2026-09-07
Antonio Rüdiger,Real Madrid,Desc,12,23515961,24021324,Disponible,2026-09-07
Antonio Sivera,Alavés,Desc,56,42294959,42069630,Disponible,2026-09-07
Antony,Betis,Desc,46,63281059,63974028,Disponible,2026-09-07
Arda Güler,Real Madrid,Desc,69,80739752,78726765,Disponible,2026-09-07
Arnau Comas,Deportivo,Desc,0,527084,530032,Disponible,2026-09-07
Arnau Ortiz,Atlético,Desc,12,1015750,1034810,Disponible,2026-09-07
Arnaut Danjuma,Valencia,Desc,18,4854843,4922779,Disponible,2026-09-07
Arouna Sangante,Sevilla,Desc,18,10723652,10957679,Disponible,2026-09-07
Arsen Zakharyan,Real Sociedad,Desc,2,656787,665139,Disponible,2026-09-07
Asier Bonel,Osasuna,Desc,0,600000,600000,Disponible,2026-09-07
Asier Osambela,Osasuna,Desc,8,460413,460583,Disponible,2026-09-07
Asier Villalibre,Racing,Desc,10,5041969,5188851,Disponible,2026-09-07
Augusto Batalla,Rayo,Desc,21,23091238,23785660,Lesionado,2026-09-07
Axel Tape,Levante,Desc,0,2515446,2592040,Disponible,2026-09-07
Aymeric Laporte,Athletic,Desc,31,39055225,38472100,Disponible,2026-09-07
Beñat Gerenabarrena,Athletic,Desc,44,1900817,1708181,Disponible,2026-09-07
Beñat Prados,Athletic,Desc,0,850439,866860,Disponible,2026-09-07
Beñat Turrientes,Real Sociedad,Desc,43,5780452,5567852,Disponible,2026-09-07
Bernardo Silva,Real Madrid,Desc,24,49895942,51067167,Disponible,2026-09-07
Bil Nsongo,Deportivo,Desc,22,6726226,6624856,Disponible,2026-09-07
Borja Iglesias,Celta,Desc,0,16533436,16980233,Disponible,2026-09-07
Borja Mayoral,Getafe,Desc,1,1818305,1866535,Disponible,2026-09-07
Boyomo,Osasuna,Desc,12,19161575,19670918,Disponible,2026-09-07
Brian Fariñas,Barcelona,Desc,0,709016,719544,Disponible,2026-09-07
Bright Ede,Deportivo,Desc,19,4322360,4291336,Disponible,2026-09-07
Buba Sangaré,Elche,Desc,7,3926638,3952689,Disponible,2026-09-07
Carl Starfelt,Celta,Desc,11,9708138,9970452,Disponible,2026-09-07
Carles Aleñá,Alavés,Desc,21,2711079,2768217,Disponible,2026-09-07
Carlos Dotor,Málaga,Desc,41,4628320,4642985,Disponible,2026-09-07
Carlos Espí,Real Madrid,Desc,16,14067446,13890467,Disponible,2026-09-07
Carlos López,Málaga,Desc,0,396239,393735,Disponible,2026-09-07
Carlos Macià,Villarreal,Desc,11,716955,727814,Disponible,2026-09-07
Carlos Puga,Málaga,Desc,11,4471128,4573753,Disponible,2026-09-07
Carlos Romero,Villarreal,Desc,15,29346664,30211435,Duda,2026-09-07
Carlos Sánchez,Racing,Desc,0,524689,527537,Disponible,2026-09-07
Carlos Soler,Real Sociedad,Desc,27,30518701,30907404,Disponible,2026-09-07
César Tárrega,Valencia,Desc,30,11021780,11278328,Disponible,2026-09-07
Cheikh Thiam,Villarreal,Desc,0,659133,667583,Disponible,2026-09-07
Chidera Ejuke,Sevilla,Desc,27,4590753,4427556,Disponible,2026-09-07
Chupete,Málaga,Desc,27,32894128,33739968,Disponible,2026-09-07
Clemens Riedel,Espanyol,Desc,13,5743308,5881147,Disponible,2026-09-07
Coke Carrillo,Celta,Desc,0,1567556,0,Disponible,2026-09-07
Couhaib Driouech,Celta,Desc,6,3471280,3565160,Disponible,2026-09-07
Cristian Rivero,Valencia,Desc,0,438435,437689,Disponible,2026-09-07
Cristian Romero,Atlético,Desc,0,34180443,34820148,Disponible,2026-09-07
Dakonam Djené,Getafe,Desc,13,15545242,15445957,Disponible,2026-09-07
Dani Cárdenas,Rayo,Desc,13,1254564,1227240,Disponible,2026-09-07
Dani Lorenzo,Málaga,Desc,27,10854456,10915010,Disponible,2026-09-07
Dani Martínez,Atlético,Desc,12,546263,550010,Disponible,2026-09-07
Dani Olmo,Barcelona,Desc,31,47346283,47816167,Disponible,2026-09-07
Dani Requena,Levante,Desc,2,1154481,1183570,Disponible,2026-09-07
Daniel Raba,Valencia,Desc,2,911499,930464,Disponible,2026-09-07
David Hancko,Atlético,Desc,33,42049007,42668264,Disponible,2026-09-07
David Larrubia,Málaga,Desc,51,32453058,33255125,Disponible,2026-09-07
David Mella,Deportivo,Desc,5,2372267,2432537,Disponible,2026-09-07
David Otorbi,Valencia,Desc,8,601574,602292,Disponible,2026-09-07
David Soria,Getafe,Desc,37,34402875,33813281,Disponible,2026-09-07
Davinchi,Getafe,Desc,8,1896384,1953890,Disponible,2026-09-07
Dean Huijsen,Real Madrid,Desc,42,53303221,52066321,Disponible,2026-09-07
Denis Suárez,Alavés,Desc,20,2589940,2599878,Disponible,2026-09-07
Denzel Dumfries,Real Madrid,Desc,21,38358328,38937541,Disponible,2026-09-07
Diego Ferrer,Getafe,Desc,0,526899,529839,Disponible,2026-09-07
Diego Rico,Osasuna,Desc,0,2997579,3083195,Disponible,2026-09-07
Diego Villares,Deportivo,Desc,8,1521056,1562770,Disponible,2026-09-07
Dimitri Foulquier,Valencia,Desc,0,1203753,1234895,Duda,2026-09-07
Dominik Livakovic,Barcelona,Desc,0,3032799,3109031,Disponible,2026-09-07
Eder Aller,Barcelona,Desc,0,701836,702705,Disponible,2026-09-07
Edu Altozano,Sevilla,Desc,0,483847,484993,Disponible,2026-09-07
Edu Expósito,Espanyol,Desc,43,27774903,28254314,Disponible,2026-09-07
Eduardo Camavinga,Real Madrid,Desc,12,8366009,8251236,Disponible,2026-09-07
Einar Galilea,Málaga,Desc,23,4552038,4583656,Disponible,2026-09-07
Eneko Jauregi,Málaga,Desc,2,777834,791230,Disponible,2026-09-07
Enes Ünal,Getafe,Desc,20,19112609,18976945,Disponible,2026-09-07
Eric Garcia,Barcelona,Desc,38,53990146,54841198,Disponible,2026-09-07
Ezequiel Ponce,Elche,Desc,9,1139941,1168425,Disponible,2026-09-07
Facundo Bernal,Betis,Desc,37,12392032,12026368,Disponible,2026-09-07
Facundo Buonanotte,Elche,Desc,13,4205790,4319101,Disponible,2026-09-07
Federico Redondo,Elche,Desc,23,1234786,1259525,Disponible,2026-09-07
Federico Valverde,Real Madrid,Desc,46,72887531,73441979,Disponible,2026-09-07
Félix Correia,Sevilla,Desc,0,6919249,7102131,Disponible,2026-09-07
Ferran Jutglà,Celta,Desc,11,7769320,7897766,Disponible,2026-09-07
Filip Ugrinic,Valencia,Desc,50,3683845,3722804,Disponible,2026-09-07
Florian Lejeune,Rayo,Desc,32,26066277,26741064,Disponible,2026-09-07
Fran García,Betis,Desc,28,21490497,20196012,Disponible,2026-09-07
Fran González,Sevilla,Desc,0,521565,524283,Disponible,2026-09-07
Gabriel Moscardo,Espanyol,Desc,21,4761823,4906327,Disponible,2026-09-07
Gabriel Suazo,Sevilla,Desc,19,4350134,4426990,Disponible,2026-09-07
Georges Mikautadze,Villarreal,Desc,31,65400769,66829633,Disponible,2026-09-07
Georgiy Tsitaishvili,Rayo,Desc,0,1637603,1686823,Disponible,2026-09-07
Gerard Martín,Barcelona,Desc,48,48567292,48500329,Disponible,2026-09-07
Germán Parreño,Deportivo,Desc,0,480613,481625,Disponible,2026-09-07
Germán Valera,Elche,Desc,32,16015853,16421570,Disponible,2026-09-07
Giacomo Quagliata,Deportivo,Desc,13,3240285,3185963,Disponible,2026-09-07
Giorgi Guliashvili,Racing,Desc,1,1072070,1097726,Disponible,2026-09-07
Giorgi Kochorashvili,Sevilla,Desc,9,7908344,8096402,Disponible,2026-09-07
Gnangoro Bouare,Rayo,Desc,11,800000,800000,Disponible,2026-09-07
Gonçalo Guedes,Real Sociedad,Desc,15,20039311,20401179,Disponible,2026-09-07
Gonzalo Villar,Elche,Desc,47,10474125,10399948,Disponible,2026-09-07
Gorka Carrera,Real Sociedad,Desc,0,566974,571584,Disponible,2026-09-07
Gorka Guruzeta,Athletic,Desc,5,10901653,11217860,Disponible,2026-09-07
Grady Diangana,Elche,Desc,0,717927,728827,Disponible,2026-09-07
Grégoire Swiderski,Alavés,Desc,0,484150,485309,Disponible,2026-09-07
Hamza Abdelkarim,Barcelona,Desc,2,3519985,3573990,Disponible,2026-09-07
Héctor Bellerín,Betis,Desc,28,15128419,14795140,Disponible,2026-09-07
Héctor Fort,Real Sociedad,Desc,0,3316717,3255608,Disponible,2026-09-07
Hugo Burcio,Celta,Desc,0,601574,602257,Disponible,2026-09-07
Hugo Duro,Valencia,Desc,6,6142321,6293764,Disponible,2026-09-07
Hugo González,Celta,Desc,8,920533,939875,Disponible,2026-09-07
Hugo Novoa,Alavés,Desc,0,614227,620806,Disponible,2026-09-07
Hugo Pérez,Racing,Desc,0,874638,892067,Disponible,2026-09-07
Hugo Rincón,Athletic,Desc,4,1956984,2016152,Disponible,2026-09-07
Hugo Sotelo,Levante,Desc,7,1017326,1040701,Disponible,2026-09-07
Iago Aspas,Celta,Desc,16,6382552,6381169,Disponible,2026-09-07
Ibai Aguirre,R. Sociedad B,Desc,0,601574,602257,Disponible,2026-09-07
Ibrahima Konaté,Real Madrid,Desc,18,47023145,47732845,Disponible,2026-09-07
Ifeanyi Ndukwe,Levante,Desc,0,1902374,1959895,Disponible,2026-09-07
Igor Galdin,Levante,Desc,0,515660,518132,Disponible,2026-09-07
Igor Zubeldia,Real Sociedad,Desc,25,9298946,9099563,Disponible,2026-09-07
Iker Córdoba,Valencia,Desc,-2,900000,900000,Disponible,2026-09-07
Iker Losada,Betis,Desc,0,1415838,1455817,Disponible,2026-09-07
Iker Monreal,Athletic,Desc,0,601574,602257,Disponible,2026-09-07
Iker Muñoz,Sevilla,Desc,24,483847,484993,Disponible,2026-09-07
Iker Muñoz,Osasuna,Desc,24,1760244,1712563,Disponible,2026-09-07
Iker Muñoz,Sevilla,Desc,0,483847,484993,Disponible,2026-09-07
Iker Muñoz,Osasuna,Desc,0,1760244,1712563,Disponible,2026-09-07
Ilaix Moriba,Celta,Desc,28,6682788,6765764,Disponible,2026-09-07
Ilias Akhomach,Villarreal,Desc,3,3112939,3194437,Disponible,2026-09-07
Iñigo Arguibide,Osasuna,Desc,33,2568088,2316378,Disponible,2026-09-07
Íñigo Sainz-Maza,Racing,Desc,0,544306,547972,Disponible,2026-09-07
Iñigo Vicente,Racing,Desc,53,28011434,27523351,Disponible,2026-09-07
Ionut Radu,Celta,Desc,54,36381052,35742976,Disponible,2026-09-07
Isaac Romero,Sevilla,Desc,13,6581652,6713712,Disponible,2026-09-07
Iván Alonso,Rayo,Desc,0,468327,468827,Disponible,2026-09-07
Iván Balliu,Rayo,Desc,2,709703,720260,Disponible,2026-09-07
Iván Martín,Racing,Desc,37,8425375,8454076,Disponible,2026-09-07
Iván Romero,Levante,Desc,26,5671818,5765569,Disponible,2026-09-07
Iván Villar,Celta,Desc,0,636849,644370,Disponible,2026-09-07
Izan Merino,Málaga,Desc,21,4533561,4630371,Disponible,2026-09-07
Jan Oblak,Atlético,Desc,27,48989368,49649326,Disponible,2026-09-07
Jaume Durá,Valencia,Desc,0,700000,700000,Disponible,2026-09-07
Javi Galán,Celta,Desc,13,9490865,9731200,Disponible,2026-09-07
Javi Guerra,Valencia,Desc,28,22527583,22948104,Disponible,2026-09-07
Javi Morcillo,Elche,Desc,4,701836,702702,Disponible,2026-09-07
Javi Navarro,Real Madrid,Desc,0,701836,702622,Disponible,2026-09-07
Javi Rodríguez,Celta,Desc,16,10347639,10533914,Disponible,2026-09-07
Javi Rueda,Celta,Desc,25,3592461,3575986,Disponible,2026-09-07
Javier Hernández,Espanyol,Desc,35,13859608,13545729,Disponible,2026-09-07
Jean Ives Valou,Getafe,Desc,-5,483847,484993,Disponible,2026-09-07
Jeanuël Belocian,Racing,Desc,6,3228282,3304513,Disponible,2026-09-07
Jeremy Toljan,Levante,Desc,7,2523864,2589667,Disponible,2026-09-07
Jesús Areso,Athletic,Desc,32,2870206,2698720,Disponible,2026-09-07
Jesús Vázquez,Valencia,Desc,19,1960422,1983086,Disponible,2026-09-07
Jiri Letácek,Getafe,Desc,0,522375,525127,Disponible,2026-09-07
Joan Garcia,Barcelona,Desc,44,72631539,72828634,Disponible,2026-09-07
Joao Cancelo,Barcelona,Desc,3,35819624,36584315,Disponible,2026-09-07
Job Ochieng,Real Sociedad,Desc,3,549604,553490,Disponible,2026-09-07
Johan Mojica,Getafe,Desc,26,16247125,16363901,Disponible,2026-09-07
Johnny Cardoso,Atlético,Desc,5,3339288,3426590,Disponible,2026-09-07
Jon Ander Olasagasti,Levante,Desc,68,6639997,6298166,Disponible,2026-09-07
Jon Aramburu,Real Sociedad,Desc,37,17863625,17411035,Disponible,2026-09-07
Jon Gorrotxategi,Real Sociedad,Desc,2,3436354,3527763,Disponible,2026-09-07
Jon Guridi,Sevilla,Desc,28,6664932,6807564,Disponible,2026-09-07
Jon Martín,Real Sociedad,Desc,25,27065686,26504843,Disponible,2026-09-07
Jon Moncayola,Osasuna,Desc,38,7663372,7584277,Disponible,2026-09-07
Jon Pacheco,Real Sociedad,Desc,0,2267190,2337714,Disponible,2026-09-07
Jonathan Asp Jensen,Deportivo,Desc,16,5067664,5202498,Disponible,2026-09-07
Jonathan David,Atlético,Desc,0,37046716,37974039,Disponible,2026-09-07
Jonathan Dubasin,Osasuna,Desc,13,8792562,9043520,Disponible,2026-09-07
Jones El-Abdellaoui,Celta,Desc,8,995300,1017757,Disponible,2026-09-07
Jordi Pesquer,Barcelona,Desc,0,600000,600000,Disponible,2026-09-07
Jorge Cabello,Levante,Desc,0,572445,577283,Disponible,2026-09-07
Jorge Castellanos,Racing,Desc,0,515527,517993,Disponible,2026-09-07
Jorge Castillo,Atlético,Desc,0,1000000,1000000,Disponible,2026-09-07
Jorge Cestero,Real Madrid,Desc,0,512622,514967,Disponible,2026-09-07
Jorge Herrando,Osasuna,Desc,24,1903516,1953124,Lesionado,2026-09-07
Jorge Salinas,Racing,Desc,44,7050122,7090984,Disponible,2026-09-07
José Ángel Carmona,Sevilla,Desc,2,2562940,2637820,Disponible,2026-09-07
José Gayà,Valencia,Desc,12,8757541,8996729,Disponible,2026-09-07
José María Giménez,Deportivo,Desc,6,4717634,4294255,Disponible,2026-09-07
José Salinas,Málaga,Desc,9,703766,714076,Disponible,2026-09-07
Joseph Otu,Málaga,Desc,0,748871,761060,Disponible,2026-09-07
Jozhua Vertrouwd,Rayo,Desc,-1,761618,774338,Lesionado,2026-09-07
Juan Berrocal,Málaga,Desc,0,926611,946206,Disponible,2026-09-07
Juan Carlos Arana,Racing,Desc,-1,558822,563092,Disponible,2026-09-07
Juan Cruz,Málaga,Desc,13,9108154,9373622,Disponible,2026-09-07
Juan Foyth,Villarreal,Desc,28,17248483,17737026,Duda,2026-09-07
Juan Iglesias,Sevilla,Desc,38,11453127,11669348,Disponible,2026-09-07
Juan Musso,Atlético,Desc,0,2606589,2675597,Disponible,2026-09-07
Juani,Málaga,Desc,0,1000000,1000000,Disponible,2026-09-07
Jude Bellingham,Real Madrid,Desc,88,116219283,115309702,Disponible,2026-09-07
Julen Agirrezabala,Racing,Desc,49,11786748,11003271,Disponible,2026-09-07
Julen Lobete,Málaga,Desc,0,554315,558398,Lesionado,2026-09-07
Jules Koundé,Barcelona,Desc,14,29881801,30359815,Disponible,2026-09-07
Julio Díaz,Sevilla,Desc,-2,426824,425594,Disponible,2026-09-07
Karim Adeyemi,Barcelona,Desc,25,51782305,51764844,Disponible,2026-09-07
Karl Etta Eyong,Levante,Desc,10,17041419,17400400,Lesionado,2026-09-07
Kevin Sánchez,Deportivo,Desc,0,616207,622868,Disponible,2026-09-07
Kike Barja,Osasuna,Desc,18,1788055,1815541,Disponible,2026-09-07
Kike Ribes,Celta Fortuna,Desc,0,600000,600000,Disponible,2026-09-07
Kike Salas,Sevilla,Desc,19,8088635,8245024,Disponible,2026-09-07
Kiko Femenia,Getafe,Desc,1,2643334,2670414,Disponible,2026-09-07
Kylian Mbappé,Real Madrid,Desc,91,139529633,139268591,Disponible,2026-09-07
Lamine Yamal,Barcelona,Desc,92,129602052,128424291,Disponible,2026-09-07
Leandro Cabrera,Espanyol,Desc,1,10117110,10311820,Disponible,2026-09-07
Leo Román,Deportivo,Desc,29,37801318,37855803,Disponible,2026-09-07
Logan Costa,Villarreal,Desc,-2,761951,774685,Disponible,2026-09-07
Lorenzo Amatucci,Deportivo,Desc,49,17005629,16794167,Disponible,2026-09-07
Lucas Boyé,Alavés,Desc,64,16366469,15792986,Disponible,2026-09-07
Lucas Cepeda,Elche,Desc,14,956119,959206,Disponible,2026-09-07
Lucas Noubi,Deportivo,Desc,28,13833220,13610269,Disponible,2026-09-07
Lucas Torró,Osasuna,Desc,13,1807866,1841850,Disponible,2026-09-07
Lucien Agoume,Sevilla,Desc,53,7152735,7172568,Disponible,2026-09-07
Luis Rioja,Valencia,Desc,9,6995720,7198513,Duda,2026-09-07
Luiz Junior,Villarreal,Desc,8,30940117,31451075,Disponible,2026-09-07
Luken Beitia,Real Sociedad,Desc,-6,458274,458355,Disponible,2026-09-07
Manel Usedo,Levante,Desc,0,562724,567157,Disponible,2026-09-07
Manu Bueno,Sevilla,Desc,5,570427,575181,Disponible,2026-09-07
Manu González,Betis,Desc,0,581040,581691,Disponible,2026-09-07
Manu Hernando,Racing,Desc,22,2778581,2789692,Disponible,2026-09-07
Manu Sánchez,Levante,Desc,54,4867528,4933060,Disponible,2026-09-07
Manuel Ángel Castillo,Sevilla,Desc,0,900000,900000,Disponible,2026-09-07
Marc Aguado,Elche,Desc,26,4981557,5079120,Disponible,2026-09-07
Marc Bartra,Betis,Desc,62,34275419,33852904,Disponible,2026-09-07
Marc Bernal,Barcelona,Desc,46,16612314,15664996,Disponible,2026-09-07
Marc Casadó,Deportivo,Desc,2,2972238,2657566,Disponible,2026-09-07
Marc Cucurella,Real Madrid,Desc,29,64796483,66028538,Disponible,2026-09-07
Marc Roca,Betis,Desc,37,9413369,8892057,Disponible,2026-09-07
Marc Santos,Levante,Desc,3,609923,616323,Disponible,2026-09-07
Marco Román,Rayo,Desc,0,562724,567157,Disponible,2026-09-07
Marcos Navarro,Valencia,Desc,0,501311,501909,Disponible,2026-09-07
Mario Martín,Getafe,Desc,5,2969291,3050502,Disponible,2026-09-07
Mario Rivas,Real Madrid,Desc,0,700000,700000,Disponible,2026-09-07
Marko Dmitrovic,Espanyol,Desc,49,39796701,40086839,Disponible,2026-09-07
Maroan Sannadi,Athletic,Desc,1,420065,418554,Disponible,2026-09-07
Martim Neto,Elche,Desc,9,1263892,1297540,Disponible,2026-09-07
Martín Satriano,Getafe,Desc,17,20323544,20827731,Disponible,2026-09-07
Mathew Ryan,Levante,Desc,69,21856825,21107826,Disponible,2026-09-07
Matia Barzic,Elche,Desc,0,567430,572059,Disponible,2026-09-07
Matías Dituro,Elche,Desc,1,9163020,9149992,Disponible,2026-09-07
Matteo Prati,Racing,Desc,8,3753499,3858827,Disponible,2026-09-07
Mauro Echegoyen,Osasuna,Desc,0,494451,496039,Disponible,2026-09-07
Miguel Cubo,Atlético,Desc,0,496905,498596,Disponible,2026-09-07
Miguel Loureiro,Deportivo,Desc,12,2321330,2373959,Disponible,2026-09-07
Miguel Román,Celta,Desc,34,8766735,8366026,Disponible,2026-09-07
Miguel Sierra,Sevilla,Desc,38,3153541,2922220,Disponible,2026-09-07
Mikel Jauregizar,Athletic,Desc,16,17913339,18416198,Disponible,2026-09-07
Mikel Oyarzabal,Real Sociedad,Desc,37,60634857,60788266,Disponible,2026-09-07
Mikel Rodriguez,Alavés,Desc,39,2721330,2791977,Lesionado,2026-09-07
Moi Gómez,Osasuna,Desc,37,3378108,3170215,Disponible,2026-09-07
Morten Hjulmand,Atlético,Desc,41,25613735,26114291,Disponible,2026-09-07
Mouctar Diakhaby,Valencia,Desc,12,4222295,4321537,Disponible,2026-09-07
Nacho Pérez,Levante,Desc,48,1559235,1520908,Disponible,2026-09-07
Nahuel Tenaglia,Alavés,Desc,61,31878165,31107903,Disponible,2026-09-07
Natan,Betis,Desc,28,32255635,32589138,Disponible,2026-09-07
Nathan-Dylan Saliba,Villarreal,Desc,22,6480373,6499725,Disponible,2026-09-07
Nelson Deossa,Betis,Desc,27,2539176,2477544,Disponible,2026-09-07
Nemanja Gudelj,Getafe,Desc,1,6586762,6662024,Disponible,2026-09-07
Nico Guillén,Sevilla,Desc,14,2724042,2807142,Disponible,2026-09-07
Nicolas Pépé,Villarreal,Desc,60,65278943,65401966,Disponible,2026-09-07
Nicolás Valentini,Alavés,Desc,-3,738533,750291,Disponible,2026-09-07
Nordin Al Lal,Elche,Desc,0,445049,444579,Disponible,2026-09-07
Odysseas Vlachodimos,Sevilla,Desc,31,27393741,27291098,Disponible,2026-09-07
Oihan Sancet,Athletic,Desc,49,36129169,35096771,Disponible,2026-09-07
Omar El Hilali,Espanyol,Desc,32,12783629,12793659,Disponible,2026-09-07
Orel Mangala,Getafe,Desc,20,12563768,12648504,Disponible,2026-09-07
Oriol Rey,Levante,Desc,32,1408253,1371038,Disponible,2026-09-07
Orri Steinn Óskarsson,Real Sociedad,Desc,22,7685318,7573505,Disponible,2026-09-07
Óscar López,Getafe,Desc,0,700000,700000,Disponible,2026-09-07
Óscar Valentín,Rayo,Desc,29,3944117,4016599,Disponible,2026-09-07
Pablo Barrios,Atlético,Desc,49,54388557,53860670,Disponible,2026-09-07
Pablo Durán,Celta,Desc,8,708339,718839,Disponible,2026-09-07
Pablo Fornals,Betis,Desc,35,52855010,53535433,Disponible,2026-09-07
Pablo García,Racing,Desc,35,3748061,3333295,Disponible,2026-09-07
Pablo García,Deportivo,Desc,35,463623,468964,Disponible,2026-09-07
Pablo Gavi,Barcelona,Desc,2,19305405,19753931,Disponible,2026-09-07
Pablo Ibáñez,Alavés,Desc,45,7121985,6856709,Disponible,2026-09-07
Pablo Maffeo,Valencia,Desc,11,7870695,8064184,Disponible,2026-09-07
Pablo Martínez,Málaga,Desc,11,5278752,5430117,Disponible,2026-09-07
Pablo Ramón,Racing,Desc,35,1559250,1542655,Disponible,2026-09-07
Paco Cortés,Levante,Desc,7,571517,576316,Disponible,2026-09-07
Pape Gueye,Villarreal,Desc,50,41407427,42405881,Disponible,2026-09-07
Pau Cubarsí,Barcelona,Desc,28,67592612,67941275,Disponible,2026-09-07
Pau Navarro,Villarreal,Desc,0,5087467,5238230,Disponible,2026-09-07
Pedro Bigas,Elche,Desc,-4,2867758,2948768,Disponible,2026-09-07
Pedro Díaz,Rayo,Desc,17,1235064,1255422,Disponible,2026-09-07
Pedro Felipe,Racing,Desc,1,1382799,1421402,Disponible,2026-09-07
Peio Canales,Athletic,Desc,28,9008613,9270455,Lesionado,2026-09-07
Pepelu,Valencia,Desc,38,9969015,10070770,Disponible,2026-09-07
Peque,Sevilla,Desc,21,2904613,2924660,Disponible,2026-09-07
Pere Milla,Espanyol,Desc,0,5598192,5760174,Disponible,2026-09-07
Petar Ratkov,Levante,Desc,0,3938735,4048490,Disponible,2026-09-07
Pierre-Emerick Aubameyang,Deportivo,Desc,79,75236925,71620053,Disponible,2026-09-07
Pol Lozano,Espanyol,Desc,3,1352008,1389328,Disponible,2026-09-07
Quilindschy Hartman,Espanyol,Desc,-1,4543239,4685124,Disponible,2026-09-07
Rafa Rodríguez,Málaga,Desc,10,3414617,3516851,Disponible,2026-09-07
Rafel Bauzà,Espanyol,Desc,13,609923,616323,Disponible,2026-09-07
Ramón Enríquez,Málaga,Desc,-2,573301,578175,Disponible,2026-09-07
Ramón Terrats,Getafe,Desc,40,6739490,6506730,Disponible,2026-09-07
Randy Nteka,Rayo,Desc,10,1199825,1224647,Disponible,2026-09-07
Raphinha,Barcelona,Desc,93,129244637,127336088,Disponible,2026-09-07
Raúl García,Osasuna,Desc,16,1627086,1639002,Disponible,2026-09-07
Raúl Jiménez,Valencia,Desc,0,1561503,0,Disponible,2026-09-07
Raul Moro,Osasuna,Desc,4,10374224,10687920,Disponible,2026-09-07
Renato Veiga,Villarreal,Desc,12,26387538,26956021,Disponible,2026-09-07
Robbie Ure,Sevilla,Desc,10,12993276,13017281,Disponible,2026-09-07
Robert Navarro,Athletic,Desc,42,3018187,2564916,Disponible,2026-09-07
Robin Le Normand,Atlético,Desc,15,11073744,11310417,Disponible,2026-09-07
Rockson Yeboah,Osasuna,Desc,-4,1049975,1074710,Disponible,2026-09-07
Rodrigo Mendoza,Atlético,Desc,23,1140985,1157259,Disponible,2026-09-07
Rodrigo Riquelme,Betis,Desc,54,13362285,12775764,Disponible,2026-09-07
Roger Hinojo,Espanyol,Desc,30,4992401,5128899,Disponible,2026-09-07
Romain Del Castillo,Osasuna,Desc,0,12918711,13290687,Disponible,2026-09-07
Rubén Gómez,Villarreal,Desc,0,470094,470667,Disponible,2026-09-07
Rubén Vargas,Sevilla,Desc,2,13729334,14153982,Duda,2026-09-07
Ryunosuke Sato,Valencia,Desc,21,9329452,9593057,Disponible,2026-09-07
Saba Sazonov,Getafe,Desc,7,887264,905219,Disponible,2026-09-07
Salvi Esquivel,Atlético,Desc,0,566462,571051,Disponible,2026-09-07
Santi Comesaña,Villarreal,Desc,19,21412797,22020380,Disponible,2026-09-07
Santiago Mouriño,Villarreal,Desc,17,23321137,23977138,Disponible,2026-09-07
Sebastián Boselli,Getafe,Desc,-3,1434984,1475761,Disponible,2026-09-07
Sebastián Cáceres,Celta,Desc,0,5500000,5500000,Disponible,2026-09-07
Selu Diallo,Alavés,Desc,0,646716,654649,Disponible,2026-09-07
Sergio Camello,Rayo,Desc,72,7545489,6655411,Disponible,2026-09-07
Sergio Canales,Racing,Desc,52,25975001,25725850,Disponible,2026-09-07
Sergio Carreira,Celta,Desc,16,6392208,6295710,Disponible,2026-09-07
Sergio Gómez,Real Sociedad,Desc,26,15039842,14867814,Disponible,2026-09-07
Sergio Herrera,Osasuna,Desc,18,36290669,36188770,Disponible,2026-09-07
Sergio José Lozano,Rayo,Desc,0,515527,517993,Disponible,2026-09-07
Sergio Martínez,Real Madrid,Desc,28,1736327,1771037,Disponible,2026-09-07
Sergio Mestre,Real Madrid,Desc,0,677102,677860,Disponible,2026-09-07
Simon Eriksson,Racing,Desc,0,1636475,1683754,Disponible,2026-09-07
Stole Dimitrievski,Valencia,Desc,34,21031889,20974100,Disponible,2026-09-07
Takefusa Kubo,Real Sociedad,Desc,22,24588439,24957883,Disponible,2026-09-07
Tani Oluwaseyi,Villarreal,Desc,0,1564856,1603606,Disponible,2026-09-07
Tete Morente,Elche,Desc,16,1565858,1574266,Disponible,2026-09-07
Teun Gijselhart,Deportivo,Desc,3,1558996,1604940,Disponible,2026-09-07
Theo Folgado,Real Sociedad,Desc,0,701836,702606,Disponible,2026-09-07
Thibaut Courtois,Real Madrid,Desc,29,63315380,63339903,Disponible,2026-09-07
Toni Martinez,Alavés,Desc,19,22100309,22687765,Duda,2026-09-07
Trent Alexander-Arnold,Real Madrid,Desc,30,22240607,22076183,Disponible,2026-09-07
Tyrhys Dolan,Espanyol,Desc,24,14141999,13886392,Disponible,2026-09-07
Umar Sadiq,Valencia,Desc,19,4284952,4412322,Lesionado,2026-09-07
Unai López,Rayo,Desc,57,10307322,9759645,Disponible,2026-09-07
Unai Marrero,Real Sociedad,Desc,0,717994,728897,Disponible,2026-09-07
Unai Santos,Osasuna,Desc,0,517028,519557,Disponible,2026-09-07
Unai Simón,Athletic,Desc,64,46122750,45330916,Disponible,2026-09-07
Valentín Gómez,Betis,Desc,23,1800593,1813021,Disponible,2026-09-07
Vanja Drkusic,Espanyol,Desc,11,2368094,2431295,Disponible,2026-09-07
Víctor Chust,Elche,Desc,2,4818666,4935447,Disponible,2026-09-07
Víctor García,Levante,Desc,3,1199117,1224303,Disponible,2026-09-07
Ville Koski,Alavés,Desc,36,6219812,5708975,Disponible,2026-09-07
Williot Swedberg,Celta,Desc,31,5413475,5530221,Disponible,2026-09-07
Wojciech Szczesny,Barcelona,Desc,0,1434679,1468763,Disponible,2026-09-07
Xanet Oláiz,Alavés,Desc,2,484150,485309,Disponible,2026-09-07
Xavi Espart,Barcelona,Desc,63,10561093,9079943,Disponible,2026-09-07
Yangel Herrera,Real Sociedad,Desc,28,3592035,3600994,Disponible,2026-09-07
Yanis Musuayi,Levante,Desc,0,1507201,1550987,Disponible,2026-09-07
Yassir Zabiri,Racing,Desc,36,7721909,7421072,Disponible,2026-09-07
Yoel Lago,Celta,Desc,37,2228512,2009399,Disponible,2026-09-07
Youssouf Fofana,Sevilla,Desc,1,15141152,15341054,Disponible,2026-09-07
Zaid Romero,Getafe,Desc,28,31459699,31309319,Disponible,2026-09-07
Zakaria Eddahchouri,Deportivo,Desc,13,1075397,1089109,Disponible,2026-09-07
Llorenç Serred,Espanyol,Desc,0,466297,468327,Disponible,2026-09-08
Aaron Ndive Mayol,Valencia,Desc,0,700000,700000,Disponible,2026-09-08
Abde Rebbach,Alavés,Desc,28,5332609,5402815,Disponible,2026-09-08
Abdel Abqar,Getafe,Desc,6,5065404,5220408,Duda,2026-09-08
Abdoulaye Faye,Celta,Desc,3,2469779,2547196,Disponible,2026-09-08
Abel Bretones,Osasuna,Desc,25,8934960,8772817,Disponible,2026-09-08
Abiel Osorio,Elche,Desc,3,811891,828321,Disponible,2026-09-08
Adam Aznou,Málaga,Desc,0,1017279,0,Disponible,2026-09-08
Adama Timera,Espanyol,Desc,0,511608,515527,Disponible,2026-09-08
Ademola Lookman,Atlético,Desc,25,56900498,58016120,Disponible,2026-09-08
Adrià Altimira,Deportivo,Desc,14,5229144,5378568,Disponible,2026-09-08
Adrià Pedrosa,Rayo,Desc,0,2859014,2936085,Disponible,2026-09-08
Adrián Molina,Rayo,Desc,0,547031,552424,Disponible,2026-09-08
Aimar Blázquez,Valencia,Desc,0,581656,581656,Disponible,2026-09-08
Aimar Oroz,Osasuna,Desc,17,11509295,11870051,Lesionado,2026-09-08
Aissa Mandi,Levante,Desc,46,11012287,10638212,Disponible,2026-09-08
Aitor Fraga,Real Sociedad,Desc,0,602234,602234,Disponible,2026-09-08
Aitor Mañas,Alavés,Desc,7,455996,457596,Disponible,2026-09-08
Aitor Paredes,Athletic,Desc,42,10877408,10438454,Disponible,2026-09-08
Alassane Diatta,Villarreal,Desc,0,461909,463757,Disponible,2026-09-08
Alberto Calatrava,Levante,Desc,0,647540,657122,Disponible,2026-09-08
Alberto Moleiro,Villarreal,Desc,38,46416721,47536843,Disponible,2026-09-08
Alberto Risco,Getafe,Desc,3,520404,524689,Disponible,2026-09-08
Aleix Febas,Celta,Desc,19,18551389,19112648,Duda,2026-09-08
Alejandro Balde,Barcelona,Desc,0,15003651,15450561,Disponible,2026-09-08
Alejandro Catena,Osasuna,Desc,32,37297903,37224069,Disponible,2026-09-08
Alejandro Iturbe,Elche,Desc,0,572437,578889,Disponible,2026-09-08
Alejandro Panach,Valencia,Desc,0,501909,501909,Disponible,2026-09-08
Alejandro Rego,Athletic,Desc,0,2599889,2682158,Disponible,2026-09-08
Alemão,Rayo,Desc,11,1986704,2044551,Disponible,2026-09-08
Álex Baena,Atlético,Desc,65,67336700,66918852,Disponible,2026-09-08
Álex Berenguer,Athletic,Desc,45,9797245,9722543,Disponible,2026-09-08
Álex Calatrava,Espanyol,Desc,39,6734438,6735581,Disponible,2026-09-08
Alex Freeman,Villarreal,Desc,11,1473646,1502267,Disponible,2026-09-08
Álex Grimaldo,Atlético,Desc,22,34853708,35617567,Disponible,2026-09-08
Alex Lebarbier,Real Sociedad,Desc,0,602234,602234,Disponible,2026-09-08
Alex Marchal,Real Sociedad,Desc,11,602234,602234,Disponible,2026-09-08
Alex Padilla,Athletic,Desc,0,892161,911936,Disponible,2026-09-08
Álex Pastor,Málaga,Desc,0,393405,392397,Disponible,2026-09-08
Álex Remiro,Real Sociedad,Desc,49,39436027,39310304,Disponible,2026-09-08
Alexis Ciria,Real Madrid,Desc,0,673789,684465,Disponible,2026-09-08
Alfonso Herrero,Málaga,Desc,39,12608410,12146715,Disponible,2026-09-08
Aliou Dieng,Valencia,Desc,10,2407185,2470741,Disponible,2026-09-08
Altay Bayindir,Celta,Desc,0,1359896,1395751,Disponible,2026-09-08
Álvaro Djaló,Athletic,Desc,2,653453,663281,Disponible,2026-09-08
Álvaro Fidalgo,Betis,Desc,3,1537075,1576006,Disponible,2026-09-08
Álvaro García,Rayo,Desc,35,19518052,19715320,Disponible,2026-09-08
Álvaro Mantilla,Racing,Desc,20,1918436,1952709,Disponible,2026-09-08
Álvaro Padilla,Elche,Desc,0,726329,739193,Disponible,2026-09-08
Álvaro Valles,Betis,Desc,73,46078954,44766796,Disponible,2026-09-08
Ander Barrenetxea,Real Sociedad,Desc,22,23152370,23531759,Disponible,2026-09-08
Ander Guevara,Alavés,Desc,0,685378,696537,Disponible,2026-09-08
André Almeida,Racing,Desc,4,1486515,1507855,Disponible,2026-09-08
Andrei Ratiu,Rayo,Desc,25,26417263,26597897,Disponible,2026-09-08
Andrés Antañón,Celta,Desc,3,581700,581700,Disponible,2026-09-08
Andrés Castrín,Sevilla,Desc,8,3800046,3832519,Disponible,2026-09-08
Andrés García,Getafe,Desc,33,7788336,7877408,Disponible,2026-09-08
Andrés Martín,Racing,Desc,30,16314881,16826471,Lesionado,2026-09-08
Andrés Vallecillo,Racing,Desc,0,510770,514653,Disponible,2026-09-08
Andriy Lunin,Real Madrid,Desc,0,1429995,1460933,Disponible,2026-09-08
Ángel Fortuño,Espanyol,Desc,0,456676,458306,Disponible,2026-09-08
Ángel Ortiz,Betis,Desc,15,1182350,1212819,Disponible,2026-09-08
Ángel Pérez,Alavés,Desc,54,12816970,11877600,Disponible,2026-09-08
Angel Recio,Málaga,Desc,21,1194990,1101773,Disponible,2026-09-08
Angeliño,Deportivo,Desc,0,10084271,10357107,Disponible,2026-09-08
Ante Budimir,Osasuna,Desc,76,55590309,54136896,Disponible,2026-09-08
Anthony Gordon,Barcelona,Desc,45,81799670,79624158,Disponible,2026-09-08
Antonio Blanco,Alavés,Desc,40,18374465,18087372,Disponible,2026-09-08
Antonio Rüdiger,Real Madrid,Desc,12,22971957,23515961,Disponible,2026-09-08
Antonio Sivera,Alavés,Desc,56,42511625,42294959,Disponible,2026-09-08
Antony,Betis,Desc,46,62502679,63281059,Disponible,2026-09-08
Arda Güler,Real Madrid,Desc,69,82593634,80739752,Disponible,2026-09-08
Arnau Comas,Deportivo,Desc,0,522704,527084,Disponible,2026-09-08
Arnau Ortiz,Atlético,Desc,12,995919,1015750,Disponible,2026-09-08
Arnaut Danjuma,Valencia,Desc,18,4786374,4854843,Disponible,2026-09-08
Arouna Sangante,Sevilla,Desc,18,10428517,10723652,Disponible,2026-09-08
Arsen Zakharyan,Real Sociedad,Desc,2,647218,656787,Disponible,2026-09-08
Asier Bonel,Osasuna,Desc,0,600000,600000,Disponible,2026-09-08
Asier Osambela,Osasuna,Desc,8,458700,460413,Disponible,2026-09-08
Asier Villalibre,Racing,Desc,10,4894285,5041969,Disponible,2026-09-08
Augusto Batalla,Rayo,Desc,21,22384367,23091238,Lesionado,2026-09-08
Axel Tape,Levante,Desc,0,2438368,2515446,Disponible,2026-09-08
Aymeric Laporte,Athletic,Desc,31,39877609,39055225,Disponible,2026-09-08
Beñat Gerenabarrena,Athletic,Desc,44,2091622,1900817,Disponible,2026-09-08
Beñat Prados,Athletic,Desc,0,833125,850439,Disponible,2026-09-08
Beñat Turrientes,Real Sociedad,Desc,43,5970725,5780452,Disponible,2026-09-08
Bernardo Silva,Real Madrid,Desc,24,48745520,49895942,Disponible,2026-09-08
Bil Nsongo,Deportivo,Desc,22,6872197,6726226,Disponible,2026-09-08
Borja Iglesias,Celta,Desc,0,16120504,16533436,Disponible,2026-09-08
Borja Mayoral,Getafe,Desc,1,1771052,1818305,Disponible,2026-09-08
Boyomo,Osasuna,Desc,14,18627242,19161575,Disponible,2026-09-08
Brian Fariñas,Barcelona,Desc,0,697358,709016,Disponible,2026-09-08
Bright Ede,Deportivo,Desc,19,4318157,4322360,Disponible,2026-09-08
Buba Sangaré,Elche,Desc,10,3888843,3926638,Disponible,2026-09-08
Carl Starfelt,Celta,Desc,29,9557455,9708138,Disponible,2026-09-08
Carles Aleñá,Alavés,Desc,21,2736185,2711079,Disponible,2026-09-08
Carlos Dotor,Málaga,Desc,41,4663860,4628320,Disponible,2026-09-08
Carlos Espí,Real Madrid,Desc,16,14157911,14067446,Disponible,2026-09-08
Carlos López,Málaga,Desc,0,397093,396239,Disponible,2026-09-08
Carlos Macià,Villarreal,Desc,11,704979,716955,Disponible,2026-09-08
Carlos Puga,Málaga,Desc,11,4360057,4471128,Disponible,2026-09-08
Carlos Romero,Villarreal,Desc,15,28460557,29346664,Duda,2026-09-08
Carlos Sánchez,Racing,Desc,0,520404,524689,Disponible,2026-09-08
Carlos Soler,Real Sociedad,Desc,41,30073358,30518701,Disponible,2026-09-08
César Tárrega,Valencia,Desc,30,10734432,11021780,Disponible,2026-09-08
Cheikh Thiam,Villarreal,Desc,0,649471,659133,Disponible,2026-09-08
Chidera Ejuke,Sevilla,Desc,27,4768236,4590753,Disponible,2026-09-08
Chupete,Málaga,Desc,27,32046224,32894128,Disponible,2026-09-08
Clemens Riedel,Espanyol,Desc,13,5606445,5743308,Disponible,2026-09-08
Coke Carrillo,Celta,Desc,0,1567556,0,Disponible,2026-09-08
Couhaib Driouech,Celta,Desc,11,3375554,3471280,Disponible,2026-09-08
Cristian Rivero,Valencia,Desc,0,437600,438435,Disponible,2026-09-08
Cristian Romero,Atlético,Desc,0,33486600,34180443,Disponible,2026-09-08
Dakonam Djené,Getafe,Desc,12,15605213,15545242,Disponible,2026-09-08
Dani Cárdenas,Rayo,Desc,13,1279082,1254564,Disponible,2026-09-08
Dani Lorenzo,Málaga,Desc,27,10866431,10854456,Disponible,2026-09-08
Dani Martínez,Atlético,Desc,12,541116,546263,Disponible,2026-09-08
Dani Olmo,Barcelona,Desc,31,47386781,47346283,Disponible,2026-09-08
Dani Requena,Levante,Desc,2,1125004,1154481,Disponible,2026-09-08
Daniel Raba,Valencia,Desc,2,891742,911499,Disponible,2026-09-08
David Hancko,Atlético,Desc,33,41333879,42049007,Disponible,2026-09-08
David Larrubia,Málaga,Desc,51,31678438,32453058,Disponible,2026-09-08
David Mella,Deportivo,Desc,5,2309580,2372267,Disponible,2026-09-08
David Otorbi,Valencia,Desc,8,602292,602292,Disponible,2026-09-08
David Soria,Getafe,Desc,42,34818237,34402875,Disponible,2026-09-08
Davinchi,Getafe,Desc,8,1840718,1896384,Disponible,2026-09-08
Dean Huijsen,Real Madrid,Desc,42,54396070,53303221,Disponible,2026-09-08
Denis Suárez,Alavés,Desc,20,2564475,2589940,Disponible,2026-09-08
Denzel Dumfries,Real Madrid,Desc,21,37708770,38358328,Disponible,2026-09-08
Diego Ferrer,Getafe,Desc,0,522526,526899,Disponible,2026-09-08
Diego Rico,Osasuna,Desc,0,2907996,2997579,Disponible,2026-09-08
Diego Villares,Deportivo,Desc,8,1478791,1521056,Disponible,2026-09-08
Dimitri Foulquier,Valencia,Desc,0,1172305,1203753,Lesionado,2026-09-08
Dominik Livakovic,Barcelona,Desc,0,2952956,3032799,Disponible,2026-09-08
Eder Aller,Barcelona,Desc,0,702705,702705,Disponible,2026-09-08
Edu Altozano,Sevilla,Desc,0,481196,483847,Disponible,2026-09-08
Edu Expósito,Espanyol,Desc,43,27760398,27774903,Disponible,2026-09-08
Eduardo Camavinga,Real Madrid,Desc,12,8463604,8366009,Disponible,2026-09-08
Einar Galilea,Málaga,Desc,23,4699655,4552038,Disponible,2026-09-08
Eneko Jauregi,Málaga,Desc,2,763424,777834,Disponible,2026-09-08
Enes Ünal,Getafe,Desc,24,19066044,19112609,Disponible,2026-09-08
Eric Garcia,Barcelona,Desc,38,52686516,53990146,Disponible,2026-09-08
Ezequiel Ponce,Elche,Desc,10,1111047,1139941,Disponible,2026-09-08
Facundo Bernal,Betis,Desc,37,12699695,12392032,Disponible,2026-09-08
Facundo Buonanotte,Elche,Desc,21,4095322,4205790,Disponible,2026-09-08
Federico Redondo,Elche,Desc,23,1209560,1234786,Disponible,2026-09-08
Federico Valverde,Real Madrid,Desc,46,71853677,72887531,Disponible,2026-09-08
Félix Correia,Sevilla,Desc,0,6717102,6919249,Disponible,2026-09-08
Ferran Jutglà,Celta,Desc,11,7644827,7769320,Disponible,2026-09-08
Filip Ugrinic,Valencia,Desc,50,3625420,3683845,Disponible,2026-09-08
Florian Lejeune,Rayo,Desc,32,25359316,26066277,Disponible,2026-09-08
Fran García,Betis,Desc,28,22689114,21490497,Disponible,2026-09-08
Fran González,Sevilla,Desc,0,517406,521565,Disponible,2026-09-08
Gabriel Moscardo,Espanyol,Desc,19,4623188,4761823,Disponible,2026-09-08
Gabriel Suazo,Sevilla,Desc,19,4307661,4350134,Disponible,2026-09-08
Georges Mikautadze,Villarreal,Desc,31,63849392,65400769,Disponible,2026-09-08
Georgiy Tsitaishvili,Rayo,Desc,0,1589636,1637603,Disponible,2026-09-08
Gerard Martín,Barcelona,Desc,46,49287514,48567292,Disponible,2026-09-08
Germán Parreño,Deportivo,Desc,0,478092,480613,Disponible,2026-09-08
Germán Valera,Elche,Desc,43,15612966,16015853,Disponible,2026-09-08
Giacomo Quagliata,Deportivo,Desc,13,3309113,3240285,Disponible,2026-09-08
Giorgi Guliashvili,Racing,Desc,1,1045891,1072070,Disponible,2026-09-08
Giorgi Kochorashvili,Sevilla,Desc,9,7691921,7908344,Disponible,2026-09-08
Gnangoro Bouare,Rayo,Desc,11,800000,800000,Disponible,2026-09-08
Gonçalo Guedes,Real Sociedad,Desc,19,19668923,20039311,Disponible,2026-09-08
Gonzalo Villar,Elche,Desc,57,10464761,10474125,Disponible,2026-09-08
Gorka Carrera,Real Sociedad,Desc,0,560999,566974,Disponible,2026-09-08
Gorka Guruzeta,Athletic,Desc,5,10594544,10901653,Disponible,2026-09-08
Grady Diangana,Elche,Desc,0,705913,717927,Disponible,2026-09-08
Grégoire Swiderski,Alavés,Desc,0,481488,484150,Disponible,2026-09-08
Hamza Abdelkarim,Barcelona,Desc,2,3441584,3519985,Disponible,2026-09-08
Héctor Bellerín,Betis,Desc,28,15510829,15128419,Disponible,2026-09-08
Héctor Fort,Real Sociedad,Desc,3,3352109,3316717,Disponible,2026-09-08
Hugo Burcio,Celta,Desc,0,602257,602257,Disponible,2026-09-08
Hugo Duro,Valencia,Desc,6,5973675,6142321,Disponible,2026-09-08
Hugo González,Celta,Desc,27,900544,920533,Disponible,2026-09-08
Hugo Novoa,Alavés,Desc,0,606361,614227,Disponible,2026-09-08
Hugo Pérez,Racing,Desc,0,856355,874638,Disponible,2026-09-08
Hugo Rincón,Athletic,Desc,4,1898583,1956984,Disponible,2026-09-08
Hugo Sotelo,Levante,Desc,9,993336,1017326,Disponible,2026-09-08
Iago Aspas,Celta,Desc,21,6368474,6382552,Disponible,2026-09-08
Ibai Aguirre,R. Sociedad B,Desc,0,602257,602257,Disponible,2026-09-08
Ibrahima Konaté,Real Madrid,Desc,18,46219275,47023145,Disponible,2026-09-08
Ifeanyi Ndukwe,Levante,Desc,0,1844294,1902374,Disponible,2026-09-08
Igor Galdin,Levante,Desc,0,511737,515660,Disponible,2026-09-08
Igor Zubeldia,Real Sociedad,Desc,36,9488281,9298946,Disponible,2026-09-08
Iker Córdoba,Valencia,Desc,-2,900000,900000,Disponible,2026-09-08
Iker Losada,Betis,Desc,0,1375907,1415838,Disponible,2026-09-08
Iker Monreal,Athletic,Desc,0,602257,602257,Disponible,2026-09-08
Iker Muñoz,Sevilla,Desc,24,481196,483847,Disponible,2026-09-08
Iker Muñoz,Osasuna,Desc,24,1778870,1760244,Disponible,2026-09-08
Iker Muñoz,Sevilla,Desc,0,481196,483847,Disponible,2026-09-08
Iker Muñoz,Osasuna,Desc,0,1778870,1760244,Disponible,2026-09-08
Ilaix Moriba,Celta,Desc,32,6597490,6682788,Disponible,2026-09-08
Ilias Akhomach,Villarreal,Desc,3,3029552,3112939,Disponible,2026-09-08
Iñigo Arguibide,Osasuna,Desc,32,2711778,2568088,Disponible,2026-09-08
Íñigo Sainz-Maza,Racing,Desc,0,539237,544306,Disponible,2026-09-08
Iñigo Vicente,Racing,Desc,53,28395592,28011434,Disponible,2026-09-08
Ionut Radu,Celta,Desc,57,36937756,36381052,Disponible,2026-09-08
Isaac Romero,Sevilla,Desc,13,6427906,6581652,Disponible,2026-09-08
Iván Alonso,Rayo,Desc,0,466297,468327,Disponible,2026-09-08
Iván Azón,Getafe,Desc,0,5146954,5303421,Disponible,2026-09-08
Iván Balliu,Rayo,Desc,2,698018,709703,Disponible,2026-09-08
Iván Martín,Racing,Desc,37,8362938,8425375,Disponible,2026-09-08
Iván Romero,Levante,Desc,26,5651262,5671818,Disponible,2026-09-08
Iván Villar,Celta,Desc,0,628078,636849,Disponible,2026-09-08
Izan Merino,Málaga,Desc,21,4422214,4533561,Disponible,2026-09-08
Jan Oblak,Atlético,Desc,27,48360577,48989368,Disponible,2026-09-08
Jaume Durá,Valencia,Desc,0,700000,700000,Disponible,2026-09-08
Javi Galán,Celta,Desc,20,9271314,9490865,Disponible,2026-09-08
Javi Guerra,Valencia,Desc,28,21996672,22527583,Disponible,2026-09-08
Javi Morcillo,Elche,Desc,15,702702,702702,Disponible,2026-09-08
Javi Navarro,Real Madrid,Desc,0,702622,702622,Disponible,2026-09-08
Javi Rodríguez,Celta,Desc,16,10155227,10347639,Disponible,2026-09-08
Javi Rueda,Celta,Desc,32,3600868,3592461,Disponible,2026-09-08
Javier Hernández,Espanyol,Desc,35,14032719,13859608,Disponible,2026-09-08
Jean Ives Valou,Getafe,Desc,-5,481196,483847,Disponible,2026-09-08
Jeanuël Belocian,Racing,Desc,6,3153839,3228282,Disponible,2026-09-08
Jeremy Toljan,Levante,Desc,7,2463852,2523864,Disponible,2026-09-08
Jesús Areso,Athletic,Desc,32,3057905,2870206,Disponible,2026-09-08
Jesús Vázquez,Valencia,Desc,19,1927327,1960422,Disponible,2026-09-08
Jiri Letácek,Getafe,Desc,0,518184,522375,Disponible,2026-09-08
Joan Garcia,Barcelona,Desc,44,72799220,72631539,Disponible,2026-09-08
Joao Cancelo,Barcelona,Desc,3,34911533,35819624,Disponible,2026-09-08
Job Ochieng,Real Sociedad,Desc,33,544322,549604,Disponible,2026-09-08
Johan Mojica,Getafe,Desc,38,16053450,16247125,Disponible,2026-09-08
Johnny Cardoso,Atlético,Desc,5,3258259,3339288,Disponible,2026-09-08
Jon Ander Olasagasti,Levante,Desc,66,6977781,6639997,Disponible,2026-09-08
Jon Aramburu,Real Sociedad,Desc,44,18201577,17863625,Disponible,2026-09-08
Jon Gorrotxategi,Real Sociedad,Desc,4,3345125,3436354,Disponible,2026-09-08
Jon Guridi,Sevilla,Desc,28,6705769,6664932,Disponible,2026-09-08
Jon Martín,Real Sociedad,Desc,19,27469632,27065686,Disponible,2026-09-08
Jon Moncayola,Osasuna,Desc,38,7614230,7663372,Disponible,2026-09-08
Jon Pacheco,Real Sociedad,Desc,3,2197476,2267190,Disponible,2026-09-08
Jonathan Asp Jensen,Deportivo,Desc,16,4933513,5067664,Disponible,2026-09-08
Jonathan David,Atlético,Desc,0,36092541,37046716,Disponible,2026-09-08
Jonathan Dubasin,Osasuna,Desc,13,8537903,8792562,Disponible,2026-09-08
Jones El-Abdellaoui,Celta,Desc,12,972192,995300,Disponible,2026-09-08
Jordi Pesquer,Barcelona,Desc,0,600000,600000,Disponible,2026-09-08
Jorge Cabello,Levante,Desc,0,566251,572445,Disponible,2026-09-08
Jorge Castellanos,Racing,Desc,0,511608,515527,Disponible,2026-09-08
Jorge Castillo,Atlético,Desc,0,1000000,1000000,Disponible,2026-09-08
Jorge Cestero,Real Madrid,Desc,0,508820,512622,Disponible,2026-09-08
Jorge Herrando,Osasuna,Desc,24,1851190,1903516,Lesionado,2026-09-08
Jorge Salinas,Racing,Desc,44,6979038,7050122,Disponible,2026-09-08
José Ángel Carmona,Sevilla,Desc,2,2492541,2562940,Disponible,2026-09-08
José Gayà,Valencia,Desc,9,8517382,8757541,Disponible,2026-09-08
José María Giménez,Deportivo,Desc,6,5179866,4717634,Disponible,2026-09-08
José Salinas,Málaga,Desc,9,717352,703766,Disponible,2026-09-08
Joseph Otu,Málaga,Desc,0,735620,748871,Disponible,2026-09-08
Jozhua Vertrouwd,Rayo,Desc,-1,747856,761618,Lesionado,2026-09-08
Juan Berrocal,Málaga,Desc,0,906250,926611,Disponible,2026-09-08
Juan Carlos Arana,Racing,Desc,-1,553172,558822,Disponible,2026-09-08
Juan Cruz,Málaga,Desc,13,8843288,9108154,Disponible,2026-09-08
Juan Foyth,Villarreal,Desc,28,16746112,17248483,Duda,2026-09-08
Juan Iglesias,Sevilla,Desc,37,11366279,11453127,Disponible,2026-09-08
Juan Musso,Atlético,Desc,0,2539667,2606589,Disponible,2026-09-08
Juani,Málaga,Desc,0,1000000,1000000,Disponible,2026-09-08
Jude Bellingham,Real Madrid,Desc,88,117022866,116219283,Disponible,2026-09-08
Julen Agirrezabala,Racing,Desc,49,12575694,11786748,Disponible,2026-09-08
Julen Lobete,Málaga,Desc,0,548846,554315,Lesionado,2026-09-08
Jules Koundé,Barcelona,Desc,14,29696885,29881801,Disponible,2026-09-08
Julio Díaz,Sevilla,Desc,-2,426454,426824,Disponible,2026-09-08
Karim Adeyemi,Barcelona,Desc,25,51202259,51782305,Disponible,2026-09-08
Karl Etta Eyong,Levante,Desc,10,16628163,17041419,Lesionado,2026-09-08
Kevin Sánchez,Deportivo,Desc,0,608261,616207,Disponible,2026-09-08
Kike Barja,Osasuna,Desc,18,1752510,1788055,Disponible,2026-09-08
Kike Ribes,Celta Fortuna,Desc,0,600000,600000,Disponible,2026-09-08
Kike Salas,Sevilla,Desc,19,7996957,8088635,Disponible,2026-09-08
Kiko Femenia,Getafe,Desc,2,2601994,2643334,Lesionado,2026-09-08
Kylian Mbappé,Real Madrid,Desc,91,139591791,139529633,Disponible,2026-09-08
Lamine Yamal,Barcelona,Desc,92,131136104,129602052,Disponible,2026-09-08
Leandro Cabrera,Espanyol,Desc,1,10032349,10117110,Disponible,2026-09-08
Leo Román,Deportivo,Desc,29,37760228,37801318,Disponible,2026-09-08
Logan Costa,Villarreal,Desc,-2,748176,761951,Disponible,2026-09-08
Lorenzo Amatucci,Deportivo,Desc,49,17196826,17005629,Disponible,2026-09-08
Lucas Boyé,Alavés,Desc,64,17737988,16366469,Disponible,2026-09-08
Lucas Cepeda,Elche,Desc,24,948766,956119,Disponible,2026-09-08
Lucas Noubi,Deportivo,Desc,28,14058621,13833220,Disponible,2026-09-08
Lucas Torró,Osasuna,Desc,13,1769368,1807866,Disponible,2026-09-08
Lucien Agoume,Sevilla,Desc,52,7356128,7152735,Disponible,2026-09-08
Luis Rioja,Valencia,Desc,9,6790936,6995720,Duda,2026-09-08
Luiz Junior,Villarreal,Desc,8,30343174,30940117,Disponible,2026-09-08
Luken Beitia,Real Sociedad,Desc,-6,456647,458274,Disponible,2026-09-08
Manel Usedo,Levante,Desc,0,556919,562724,Disponible,2026-09-08
Manu Bueno,Sevilla,Desc,5,564313,570427,Disponible,2026-09-08
Manu González,Betis,Desc,0,581691,581691,Disponible,2026-09-08
Manu Hernando,Racing,Desc,22,2754666,2778581,Disponible,2026-09-08
Manu Sánchez,Levante,Desc,55,4929075,4867528,Disponible,2026-09-08
Manuel Ángel Castillo,Sevilla,Desc,0,900000,900000,Disponible,2026-09-08
Marc Aguado,Elche,Desc,26,4875553,4981557,Disponible,2026-09-08
Marc Bartra,Betis,Desc,62,34787552,34275419,Disponible,2026-09-08
Marc Bernal,Barcelona,Desc,46,17291068,16612314,Disponible,2026-09-08
Marc Casadó,Deportivo,Desc,2,3261158,2972238,Disponible,2026-09-08
Marc Cucurella,Real Madrid,Desc,29,63535972,64796483,Disponible,2026-09-08
Marc Roca,Betis,Desc,37,9887516,9413369,Disponible,2026-09-08
Marc Santos,Levante,Desc,3,602230,609923,Disponible,2026-09-08
Marco Román,Rayo,Desc,0,556919,562724,Disponible,2026-09-08
Marcos Navarro,Valencia,Desc,0,501909,501909,Disponible,2026-09-08
Mario Martín,Getafe,Desc,17,2899512,2969291,Disponible,2026-09-08
Mario Rivas,Real Madrid,Desc,0,700000,700000,Disponible,2026-09-08
Marko Dmitrovic,Espanyol,Desc,49,39653219,39796701,Disponible,2026-09-08
Maroan Sannadi,Athletic,Desc,1,419966,420065,Disponible,2026-09-08
Martim Neto,Elche,Desc,9,1230039,1263892,Disponible,2026-09-08
Martín Satriano,Getafe,Desc,27,19946933,20323544,Disponible,2026-09-08
Mathew Ryan,Levante,Desc,68,22925399,21856825,Disponible,2026-09-08
Matia Barzic,Elche,Desc,0,561436,567430,Disponible,2026-09-08
Matías Dituro,Elche,Desc,2,9135124,9163020,Disponible,2026-09-08
Matteo Prati,Racing,Desc,8,3647512,3753499,Disponible,2026-09-08
Mauro Echegoyen,Osasuna,Desc,0,491376,494451,Disponible,2026-09-08
Miguel Cubo,Atlético,Desc,0,493732,496905,Disponible,2026-09-08
Miguel Loureiro,Deportivo,Desc,12,2267733,2321330,Disponible,2026-09-08
Miguel Román,Celta,Desc,43,9125539,8766735,Disponible,2026-09-08
Miguel Sierra,Sevilla,Desc,38,3375178,3153541,Disponible,2026-09-08
Mikel Jauregizar,Athletic,Desc,16,17422277,17913339,Disponible,2026-09-08
Mikel Oyarzabal,Real Sociedad,Desc,39,60156776,60634857,Disponible,2026-09-08
Mikel Rodriguez,Alavés,Desc,39,2644749,2721330,Lesionado,2026-09-08
Moi Gómez,Osasuna,Desc,37,3705103,3378108,Duda,2026-09-08
Morten Hjulmand,Atlético,Desc,41,25052191,25613735,Disponible,2026-09-08
Mouctar Diakhaby,Valencia,Desc,12,4099786,4222295,Disponible,2026-09-08
Nacho Pérez,Levante,Desc,48,1651298,1559235,Disponible,2026-09-08
Nahuel Tenaglia,Alavés,Desc,62,32223387,31878165,Disponible,2026-09-08
Natan,Betis,Desc,28,31918999,32255635,Disponible,2026-09-08
Nathan-Dylan Saliba,Villarreal,Desc,22,6474498,6480373,Disponible,2026-09-08
Nelson Deossa,Betis,Desc,27,2575373,2539176,Disponible,2026-09-08
Nemanja Gudelj,Getafe,Desc,2,6494743,6586762,Disponible,2026-09-08
Nico Guillén,Sevilla,Desc,14,2641706,2724042,Disponible,2026-09-08
Nicolas Pépé,Villarreal,Desc,60,65356779,65278943,Disponible,2026-09-08
Nicolás Valentini,Alavés,Desc,-3,725694,738533,Disponible,2026-09-08
Nordin Al Lal,Elche,Desc,0,443951,445049,Disponible,2026-09-08
Odysseas Vlachodimos,Sevilla,Desc,31,27488092,27393741,Disponible,2026-09-08
Oihan Sancet,Athletic,Desc,49,37355119,36129169,Disponible,2026-09-08
Omar El Hilali,Espanyol,Desc,32,12895369,12783629,Disponible,2026-09-08
Orel Mangala,Getafe,Desc,29,12376094,12563768,Disponible,2026-09-08
Oriol Rey,Levante,Desc,32,1491651,1408253,Disponible,2026-09-08
Orri Steinn Óskarsson,Real Sociedad,Desc,22,7761851,7685318,Disponible,2026-09-08
Óscar López,Getafe,Desc,0,700000,700000,Disponible,2026-09-08
Óscar Valentín,Rayo,Desc,29,3862346,3944117,Disponible,2026-09-08
Pablo Barrios,Atlético,Desc,49,54804738,54388557,Disponible,2026-09-08
Pablo Durán,Celta,Desc,10,696869,708339,Disponible,2026-09-08
Pablo Fornals,Betis,Desc,35,52003542,52855010,Disponible,2026-09-08
Pablo García,Deportivo,Desc,35,468964,468964,Disponible,2026-09-08
Pablo García,Racing,Desc,35,4155974,3748061,Disponible,2026-09-08
Pablo Gavi,Barcelona,Desc,2,18827096,19305405,Disponible,2026-09-08
Pablo Ibáñez,Alavés,Desc,45,7577258,7121985,Disponible,2026-09-08
Pablo Maffeo,Valencia,Desc,11,7650828,7870695,Disponible,2026-09-08
Pablo Martínez,Málaga,Desc,10,5141753,5278752,Disponible,2026-09-08
Pablo Ramón,Racing,Desc,35,1581391,1559250,Disponible,2026-09-08
Paco Cortés,Levante,Desc,7,565359,571517,Disponible,2026-09-08
Pape Gueye,Villarreal,Desc,50,40357591,41407427,Disponible,2026-09-08
Pau Cubarsí,Barcelona,Desc,28,67155702,67592612,Disponible,2026-09-08
Pau Navarro,Villarreal,Desc,0,4934045,5087467,Disponible,2026-09-08
Pedro Bigas,Elche,Desc,-10,2787989,2867758,Disponible,2026-09-08
Pedro Díaz,Rayo,Desc,17,1215808,1235064,Disponible,2026-09-08
Pedro Felipe,Racing,Desc,1,1347725,1382799,Disponible,2026-09-08
Peio Canales,Athletic,Desc,28,8740153,9008613,Lesionado,2026-09-08
Pepelu,Valencia,Desc,39,9766291,9969015,Disponible,2026-09-08
Peque,Sevilla,Desc,21,2849517,2904613,Disponible,2026-09-08
Pere Milla,Espanyol,Desc,0,5430773,5598192,Disponible,2026-09-08
Petar Ratkov,Levante,Desc,0,3821183,3938735,Disponible,2026-09-08
Pierre-Emerick Aubameyang,Deportivo,Desc,79,78834380,75236925,Disponible,2026-09-08
Pol Lozano,Espanyol,Desc,3,1314631,1352008,Disponible,2026-09-08
Quilindschy Hartman,Espanyol,Desc,-1,4409776,4543239,Disponible,2026-09-08
Rafa Rodríguez,Málaga,Desc,10,3311091,3414617,Disponible,2026-09-08
Rafel Bauzà,Espanyol,Desc,13,602230,609923,Disponible,2026-09-08
Ramón Enríquez,Málaga,Desc,-2,567072,573301,Disponible,2026-09-08
Ramón Terrats,Getafe,Desc,44,6907265,6739490,Disponible,2026-09-08
Randy Nteka,Rayo,Desc,10,1172084,1199825,Disponible,2026-09-08
Raphinha,Barcelona,Desc,93,130568540,129244637,Disponible,2026-09-08
Raúl García,Osasuna,Desc,16,1609261,1627086,Disponible,2026-09-08
Raúl Jiménez,Valencia,Desc,0,1561503,0,Disponible,2026-09-08
Raul Moro,Osasuna,Desc,4,10076324,10374224,Disponible,2026-09-08
Renato Veiga,Villarreal,Desc,12,25864994,26387538,Disponible,2026-09-08
Robbie Ure,Sevilla,Desc,10,12789384,12993276,Disponible,2026-09-08
Robert Navarro,Athletic,Desc,42,3478014,3018187,Disponible,2026-09-08
Robin Le Normand,Atlético,Desc,15,10824076,11073744,Disponible,2026-09-08
Rockson Yeboah,Osasuna,Desc,-4,1024680,1049975,Disponible,2026-09-08
Rodrigo Mendoza,Atlético,Desc,23,1120100,1140985,Disponible,2026-09-08
Rodrigo Riquelme,Betis,Desc,54,13816505,13362285,Disponible,2026-09-08
Roger Hinojo,Espanyol,Desc,30,4914716,4992401,Disponible,2026-09-08
Romain Del Castillo,Osasuna,Desc,0,12526354,12918711,Disponible,2026-09-08
Roy Revivo,Elche,Desc,2,4590304,4735450,Disponible,2026-09-08
Rubén Gómez,Villarreal,Desc,0,467993,470094,Disponible,2026-09-08
Rubén Sánchez,Elche,Desc,0,425027,425337,Disponible,2026-09-08
Rubén Vargas,Sevilla,Desc,2,13302635,13729334,Duda,2026-09-08
Ryunosuke Sato,Valencia,Desc,20,9047399,9329452,Disponible,2026-09-08
Saba Sazonov,Getafe,Desc,7,868476,887264,Disponible,2026-09-08
Salvi Esquivel,Atlético,Desc,0,560507,566462,Disponible,2026-09-08
Santi Comesaña,Villarreal,Desc,19,20791063,21412797,Disponible,2026-09-08
Santiago Mouriño,Villarreal,Desc,17,22644337,23321137,Disponible,2026-09-08
Sebastián Boselli,Getafe,Desc,-3,1394287,1434984,Disponible,2026-09-08
Sebastián Cáceres,Celta,Desc,0,5500000,5500000,Disponible,2026-09-08
Selu Diallo,Alavés,Desc,0,637551,646716,Disponible,2026-09-08
Sergio Camello,Rayo,Desc,72,8532358,7545489,Disponible,2026-09-08
Sergio Canales,Racing,Desc,52,26243192,25975001,Disponible,2026-09-08
Sergio Carreira,Celta,Desc,17,6477758,6392208,Disponible,2026-09-08
Sergio Gómez,Real Sociedad,Desc,34,15235507,15039842,Disponible,2026-09-08
Sergio Herrera,Osasuna,Desc,18,36073276,36290669,Disponible,2026-09-08
Sergio José Lozano,Rayo,Desc,0,511608,515527,Disponible,2026-09-08
Sergio Martínez,Real Madrid,Desc,28,1708566,1771037,Disponible,2026-09-08
Sergio Mestre,Real Madrid,Desc,0,677860,677860,Disponible,2026-09-08
Simon Eriksson,Racing,Desc,0,1591412,1636475,Disponible,2026-09-08
Stole Dimitrievski,Valencia,Desc,34,20880034,21031889,Disponible,2026-09-08
Takefusa Kubo,Real Sociedad,Desc,22,24138992,24588439,Disponible,2026-09-08
Tani Oluwaseyi,Villarreal,Desc,0,1520911,1564856,Disponible,2026-09-08
Tete Morente,Elche,Desc,28,1551273,1565858,Disponible,2026-09-08
Teun Gijselhart,Deportivo,Desc,3,1513339,1558996,Disponible,2026-09-08
Theo Folgado,Real Sociedad,Desc,0,702606,702606,Disponible,2026-09-08
Thibaut Courtois,Real Madrid,Desc,29,62974612,63315380,Disponible,2026-09-08
Thomas Lemar,Elche,Desc,14,3292138,3315050,Disponible,2026-09-08
Toni Martinez,Alavés,Desc,19,21473002,22100309,Duda,2026-09-08
Trent Alexander-Arnold,Real Madrid,Desc,30,22326515,22240607,Disponible,2026-09-08
Tyrhys Dolan,Espanyol,Desc,22,14276568,14141999,Disponible,2026-09-08
Umar Sadiq,Valencia,Desc,19,4158212,4284952,Lesionado,2026-09-08
Unai López,Rayo,Desc,57,10946225,10307322,Disponible,2026-09-08
Unai Marrero,Real Sociedad,Desc,23,705978,717994,Disponible,2026-09-08
Unai Santos,Osasuna,Desc,0,513050,517028,Disponible,2026-09-08
Unai Simón,Athletic,Desc,64,46821324,46122750,Disponible,2026-09-08
Valentín Gómez,Betis,Desc,23,1780774,1800593,Disponible,2026-09-08
Vanja Drkusic,Espanyol,Desc,11,2298371,2368094,Disponible,2026-09-08
Víctor Chust,Elche,Desc,5,4705218,4818666,Disponible,2026-09-08
Víctor García,Levante,Desc,3,1167766,1199117,Disponible,2026-09-08
Ville Koski,Alavés,Desc,36,6705381,6219812,Disponible,2026-09-08
Williot Swedberg,Celta,Desc,31,5290906,5413475,Disponible,2026-09-08
Wojciech Szczesny,Barcelona,Desc,0,1402321,1434679,Disponible,2026-09-08
Xanet Oláiz,Alavés,Desc,2,481488,484150,Disponible,2026-09-08
Xavi Espart,Barcelona,Desc,63,12270072,10561093,Disponible,2026-09-08
Yangel Herrera,Real Sociedad,Desc,42,3584323,3592035,Disponible,2026-09-08
Yanis Musuayi,Levante,Desc,0,1463616,1507201,Disponible,2026-09-08
Yassir Zabiri,Racing,Desc,36,7938460,7721909,Disponible,2026-09-08
Yoel Lago,Celta,Desc,41,2442992,2228512,Disponible,2026-09-08
Youssouf Fofana,Sevilla,Desc,1,14853865,15141152,Disponible,2026-09-08
Zaid Romero,Getafe,Desc,27,31265877,31459699,Disponible,2026-09-08
Zakaria Eddahchouri,Deportivo,Desc,13,1061714,1075397,Disponible,2026-09-08
Llorenç Serred,Espanyol,Desc,0,464138,466297,Disponible,2026-09-09
Aaron Ndive Mayol,Valencia,Desc,0,700000,700000,Disponible,2026-09-09
Abde Rebbach,Alavés,Desc,28,5273467,5332549,Disponible,2026-09-09
Abdel Abqar,Getafe,Desc,6,4908461,5065403,Lesionado,2026-09-09
Abdoulaye Faye,Celta,Desc,3,2395054,2469778,Disponible,2026-09-09
Abel Bretones,Osasuna,Desc,25,9113672,8934818,Disponible,2026-09-09
Abiel Osorio,Elche,Desc,3,795908,811891,Disponible,2026-09-09
Adam Aznou,Málaga,Desc,0,1017279,0,Disponible,2026-09-09
Adama Timera,Espanyol,Desc,0,507637,511608,Disponible,2026-09-09
Ademola Lookman,Atlético,Desc,25,55722943,56899878,Disponible,2026-09-09
Adrià Altimira,Deportivo,Desc,14,5108571,5229144,Disponible,2026-09-09
Adrià Pedrosa,Rayo,Desc,0,2788985,2859014,Disponible,2026-09-09
Adrián Molina,Rayo,Desc,0,541642,547030,Disponible,2026-09-09
Aimar Blázquez,Valencia,Desc,0,581656,581656,Disponible,2026-09-09
Aimar Oroz,Osasuna,Desc,17,11151722,11509294,Lesionado,2026-09-09
Aissa Mandi,Levante,Desc,46,11401443,11012283,Disponible,2026-09-09
Aitor Fraga,Real Sociedad,Desc,0,602234,602234,Disponible,2026-09-09
Aitor Mañas,Alavés,Desc,7,454249,455996,Disponible,2026-09-09
Aitor Paredes,Athletic,Desc,42,11250901,10878761,Disponible,2026-09-09
Alassane Diatta,Villarreal,Desc,0,459926,461909,Disponible,2026-09-09
Alberto Calatrava,Levante,Desc,0,638131,647540,Disponible,2026-09-09
Alberto Moleiro,Villarreal,Desc,38,45397129,46416612,Disponible,2026-09-09
Alberto Risco,Getafe,Desc,3,516081,520404,Disponible,2026-09-09
Aleix Febas,Celta,Desc,19,18004826,18551388,Duda,2026-09-09
Alejandro Balde,Barcelona,Desc,0,14569832,15003628,Disponible,2026-09-09
Alejandro Catena,Osasuna,Desc,32,37144261,37297896,Disponible,2026-09-09
Alejandro Iturbe,Elche,Desc,0,566032,572437,Disponible,2026-09-09
Alejandro Panach,Valencia,Desc,0,501909,501909,Disponible,2026-09-09
Alejandro Rego,Athletic,Desc,0,2520992,2599889,Disponible,2026-09-09
Alemão,Rayo,Desc,11,1931510,1986702,Disponible,2026-09-09
Álex Baena,Atlético,Desc,65,67576406,67336686,Disponible,2026-09-09
Álex Berenguer,Athletic,Desc,45,9877180,9797243,Disponible,2026-09-09
Álex Calatrava,Espanyol,Desc,39,6714226,6734437,Disponible,2026-09-09
Alex Freeman,Villarreal,Desc,11,1449312,1473641,Disponible,2026-09-09
Álex Grimaldo,Atlético,Desc,22,34120477,34853621,Disponible,2026-09-09
Alex Lebarbier,Real Sociedad,Desc,0,602234,602234,Disponible,2026-09-09
Alex Marchal,Real Sociedad,Desc,11,602234,602234,Disponible,2026-09-09
Alex Padilla,Athletic,Desc,0,872967,892161,Disponible,2026-09-09
Álex Pastor,Málaga,Desc,0,394162,393405,Disponible,2026-09-09
Álex Remiro,Real Sociedad,Desc,49,39383106,39436019,Disponible,2026-09-09
Alexis Ciria,Real Madrid,Desc,0,663330,673789,Disponible,2026-09-09
Alfonso Herrero,Málaga,Desc,39,13040477,12608406,Disponible,2026-09-09
Aliou Dieng,Valencia,Desc,10,2348287,2407181,Disponible,2026-09-09
Altay Bayindir,Celta,Desc,0,1323209,1359896,Disponible,2026-09-09
Álvaro Djaló,Athletic,Desc,2,643808,653453,Disponible,2026-09-09
Álvaro Fidalgo,Betis,Desc,3,1496532,1537072,Disponible,2026-09-09
Álvaro García,Rayo,Desc,35,19262220,19517926,Disponible,2026-09-09
Álvaro Mantilla,Racing,Desc,20,1886040,1918436,Disponible,2026-09-09
Álvaro Padilla,Elche,Desc,0,713769,726329,Disponible,2026-09-09
Álvaro Valles,Betis,Desc,73,47216162,46078941,Disponible,2026-09-09
Ander Barrenetxea,Real Sociedad,Desc,22,22654712,23152266,Disponible,2026-09-09
Ander Guevara,Alavés,Desc,0,674456,685378,Disponible,2026-09-09
André Almeida,Racing,Desc,4,1467031,1486515,Disponible,2026-09-09
Andrei Ratiu,Rayo,Desc,25,26290681,26417259,Disponible,2026-09-09
Andrés Antañón,Celta,Desc,3,581700,581700,Disponible,2026-09-09
Andrés Castrín,Sevilla,Desc,8,3789576,3800045,Disponible,2026-09-09
Andrés García,Getafe,Desc,33,7852945,7788335,Disponible,2026-09-09
Andrés Martín,Racing,Desc,30,15823804,16314881,Lesionado,2026-09-09
Andrés Vallecillo,Racing,Desc,0,506832,510770,Disponible,2026-09-09
Andriy Lunin,Real Madrid,Desc,0,1403092,1429995,Disponible,2026-09-09
Ángel Fortuño,Espanyol,Desc,0,454902,456676,Disponible,2026-09-09
Ángel Ortiz,Betis,Desc,15,1156407,1182348,Disponible,2026-09-09
Ángel Pérez,Alavés,Desc,54,13728340,12816371,Disponible,2026-09-09
Angel Recio,Málaga,Desc,21,1300857,1194961,Disponible,2026-09-09
Angeliño,Deportivo,Desc,0,9819760,10084270,Disponible,2026-09-09
Ante Budimir,Osasuna,Desc,76,57442021,55590293,Disponible,2026-09-09
Anthony Gordon,Barcelona,Desc,45,83880467,81798706,Disponible,2026-09-09
Antonio Blanco,Alavés,Desc,40,18823671,18374137,Disponible,2026-09-09
Antonio Rüdiger,Real Madrid,Desc,12,22476406,22971955,Disponible,2026-09-09
Antonio Sivera,Alavés,Desc,56,42896693,42511616,Disponible,2026-09-09
Antony,Betis,Desc,46,61697979,62502671,Disponible,2026-09-09
Arda Güler,Real Madrid,Desc,69,83972593,82593611,Disponible,2026-09-09
Arnau Comas,Deportivo,Desc,0,518289,522704,Disponible,2026-09-09
Arnau Ortiz,Atlético,Desc,12,977916,995918,Disponible,2026-09-09
Arnaut Danjuma,Valencia,Desc,18,4736144,4786350,Disponible,2026-09-09
Arouna Sangante,Sevilla,Desc,18,10136235,10428517,Lesionado,2026-09-09
Arsen Zakharyan,Real Sociedad,Desc,2,637822,647218,Disponible,2026-09-09
Asier Bonel,Osasuna,Desc,0,600000,600000,Disponible,2026-09-09
Asier Osambela,Osasuna,Desc,8,456845,458700,Disponible,2026-09-09
Asier Villalibre,Racing,Desc,10,4754449,4894285,Disponible,2026-09-09
Augusto Batalla,Rayo,Desc,21,21706743,22384359,Lesionado,2026-09-09
Axel Tape,Levante,Desc,0,2363556,2438367,Disponible,2026-09-09
Aymeric Laporte,Athletic,Desc,31,40678671,39877598,Disponible,2026-09-09
Beñat Gerenabarrena,Athletic,Desc,44,2314285,2091621,Disponible,2026-09-09
Beñat Prados,Athletic,Desc,0,816293,833125,Disponible,2026-09-09
Beñat Turrientes,Real Sociedad,Desc,43,6102704,5970724,Disponible,2026-09-09
Bernardo Silva,Real Madrid,Desc,24,47642645,48745516,Disponible,2026-09-09
Bil Nsongo,Deportivo,Desc,22,7027658,6872196,Disponible,2026-09-09
Borja Iglesias,Celta,Desc,0,15765614,16120442,Disponible,2026-09-09
Borja Mayoral,Getafe,Desc,1,1722073,1771052,Disponible,2026-09-09
Boyomo,Osasuna,Desc,14,18119751,18627241,Disponible,2026-09-09
Brian Fariñas,Barcelona,Desc,0,685957,697358,Disponible,2026-09-09
Bright Ede,Deportivo,Desc,19,4288952,4318124,Disponible,2026-09-09
Buba Sangaré,Elche,Desc,10,3840735,3888843,Disponible,2026-09-09
Carl Starfelt,Celta,Desc,29,9726300,9557407,Disponible,2026-09-09
Carles Aleñá,Alavés,Desc,21,2773719,2736316,Disponible,2026-09-09
Carlos Dotor,Málaga,Desc,41,4735381,4663723,Disponible,2026-09-09
Carlos Espí,Real Madrid,Desc,16,14247763,14157718,Disponible,2026-09-09
Carlos López,Málaga,Desc,0,397702,397093,Disponible,2026-09-09
Carlos Macià,Villarreal,Desc,11,693273,704979,Disponible,2026-09-09
Carlos Puga,Málaga,Desc,11,4258344,4360057,Disponible,2026-09-09
Carlos Romero,Villarreal,Desc,15,27618269,28460544,Duda,2026-09-09
Carlos Sánchez,Racing,Desc,0,516081,520404,Disponible,2026-09-09
Carlos Soler,Real Sociedad,Desc,41,30119615,30073212,Disponible,2026-09-09
César Tárrega,Valencia,Desc,30,10481614,10734431,Disponible,2026-09-09
Cheikh Thiam,Villarreal,Desc,0,639985,649471,Disponible,2026-09-09
Chidera Ejuke,Sevilla,Desc,27,5005366,4768257,Disponible,2026-09-09
Chupete,Málaga,Desc,27,31257588,32046222,Disponible,2026-09-09
Clemens Riedel,Espanyol,Desc,13,5498459,5606418,Disponible,2026-09-09
Coke Carrillo,Celta,Desc,0,1567556,0,Disponible,2026-09-09
Couhaib Driouech,Celta,Desc,11,3295281,3375554,Disponible,2026-09-09
Cristian Rivero,Valencia,Desc,0,436589,437600,Disponible,2026-09-09
Cristian Romero,Atlético,Desc,0,32911796,33486597,Disponible,2026-09-09
Dakonam Djené,Getafe,Desc,12,15680028,15605210,Disponible,2026-09-09
Dani Cárdenas,Rayo,Desc,13,1308084,1279064,Disponible,2026-09-09
Dani Lorenzo,Málaga,Desc,27,10985580,10866223,Disponible,2026-09-09
Dani Martínez,Atlético,Desc,12,535964,541116,Disponible,2026-09-09
Dani Olmo,Barcelona,Desc,31,47658338,47386772,Disponible,2026-09-09
Dani Requena,Levante,Desc,2,1096497,1125004,Disponible,2026-09-09
Daniel Raba,Valencia,Desc,2,872565,891742,Disponible,2026-09-09
David Hancko,Atlético,Desc,33,40678919,41333705,Disponible,2026-09-09
David Larrubia,Málaga,Desc,51,30929125,31678435,Disponible,2026-09-09
David Mella,Deportivo,Desc,5,2247722,2309579,Disponible,2026-09-09
David Otorbi,Valencia,Desc,8,602292,602292,Disponible,2026-09-09
David Soria,Getafe,Desc,42,35179565,34818229,Disponible,2026-09-09
Davinchi,Getafe,Desc,8,1785866,1840715,Disponible,2026-09-09
Dean Huijsen,Real Madrid,Desc,42,55236346,54395932,Disponible,2026-09-09
Denis Suárez,Alavés,Desc,20,2553338,2564459,Disponible,2026-09-09
Denzel Dumfries,Real Madrid,Desc,21,37032483,37708766,Disponible,2026-09-09
Diego Ferrer,Getafe,Desc,0,518118,522526,Disponible,2026-09-09
Diego Rico,Osasuna,Desc,0,2820420,2907996,Disponible,2026-09-09
Diego Villares,Deportivo,Desc,8,1436998,1478791,Disponible,2026-09-09
Dimitri Foulquier,Valencia,Desc,0,1141906,1172305,Lesionado,2026-09-09
Dominik Livakovic,Barcelona,Desc,0,2875914,2952954,Disponible,2026-09-09
Eder Aller,Barcelona,Desc,0,702705,702705,Disponible,2026-09-09
Edu Altozano,Sevilla,Desc,0,478441,481196,Disponible,2026-09-09
Edu Expósito,Espanyol,Desc,43,27995415,27761498,Disponible,2026-09-09
Eduardo Camavinga,Real Madrid,Desc,12,8554951,8463602,Disponible,2026-09-09
Einar Galilea,Málaga,Desc,23,4866434,4699654,Disponible,2026-09-09
Emil Audero,Rayo,Desc,0,5610161,5738468,Disponible,2026-09-09
Eneko Jauregi,Málaga,Desc,2,749380,763424,Disponible,2026-09-09
Enes Ünal,Getafe,Desc,24,18936323,19066041,Disponible,2026-09-09
Eric Garcia,Barcelona,Desc,38,51466610,52686400,Disponible,2026-09-09
Ezequiel Ponce,Elche,Desc,10,1083098,1111047,Disponible,2026-09-09
Facundo Bernal,Betis,Desc,37,13032564,12699491,Disponible,2026-09-09
Facundo Buonanotte,Elche,Desc,21,3987380,4095309,Disponible,2026-09-09
Federico Redondo,Elche,Desc,23,1180277,1209560,Disponible,2026-09-09
Federico Valverde,Real Madrid,Desc,46,70782607,71852618,Disponible,2026-09-09
Félix Correia,Sevilla,Desc,0,6522414,6717100,Disponible,2026-09-09
Ferran Jutglà,Celta,Desc,11,7557167,7644826,Disponible,2026-09-09
Filip Ugrinic,Valencia,Desc,50,3585533,3625402,Disponible,2026-09-09
Florian Lejeune,Rayo,Desc,32,24693646,25359314,Disponible,2026-09-09
Fran García,Betis,Desc,28,23742407,22688640,Disponible,2026-09-09
Fran González,Sevilla,Desc,0,513203,517406,Disponible,2026-09-09
Gabriel Moscardo,Espanyol,Desc,19,4493642,4623180,Disponible,2026-09-09
Gabriel Suazo,Sevilla,Desc,19,4285436,4307631,Disponible,2026-09-09
Georges Mikautadze,Villarreal,Desc,31,62378995,63849387,Disponible,2026-09-09
Georgiy Tsitaishvili,Rayo,Desc,0,1543557,1589636,Disponible,2026-09-09
Gerard Martín,Barcelona,Desc,46,50254861,49286894,Disponible,2026-09-09
Germán Parreño,Deportivo,Desc,0,475461,478092,Disponible,2026-09-09
Germán Valera,Elche,Desc,43,15247116,15612965,Disponible,2026-09-09
Giacomo Quagliata,Deportivo,Desc,13,3398810,3309112,Disponible,2026-09-09
Giorgi Guliashvili,Racing,Desc,1,1020548,1045891,Disponible,2026-09-09
Giorgi Kochorashvili,Sevilla,Desc,9,7487775,7691921,Disponible,2026-09-09
Gnangoro Bouare,Rayo,Desc,11,800000,800000,Disponible,2026-09-09
Gonçalo Guedes,Real Sociedad,Desc,19,19313164,19668845,Disponible,2026-09-09
Gonzalo Villar,Elche,Desc,57,10384664,10464759,Disponible,2026-09-09
Gorka Carrera,Real Sociedad,Desc,0,555051,560998,Disponible,2026-09-09
Gorka Guruzeta,Athletic,Desc,5,10310248,10594543,Disponible,2026-09-09
Grady Diangana,Elche,Desc,0,694169,705913,Disponible,2026-09-09
Grégoire Swiderski,Alavés,Desc,0,479106,481487,Disponible,2026-09-09
Hamza Abdelkarim,Barcelona,Desc,2,3370675,3441584,Disponible,2026-09-09
Héctor Bellerín,Betis,Desc,28,15904944,15510581,Disponible,2026-09-09
Héctor Fort,Real Sociedad,Desc,3,3376077,3352108,Disponible,2026-09-09
Hugo Burcio,Celta,Desc,0,602257,602257,Disponible,2026-09-09
Hugo Duro,Valencia,Desc,6,5818516,5973675,Disponible,2026-09-09
Hugo González,Celta,Desc,27,920489,900542,Disponible,2026-09-09
Hugo Novoa,Alavés,Desc,0,598599,606361,Disponible,2026-09-09
Hugo Pérez,Racing,Desc,0,838594,856355,Disponible,2026-09-09
Hugo Rincón,Athletic,Desc,4,1843002,1898583,Disponible,2026-09-09
Hugo Sotelo,Levante,Desc,9,970095,993336,Disponible,2026-09-09
Iago Aspas,Celta,Desc,21,6403026,6368415,Disponible,2026-09-09
Ibai Aguirre,R. Sociedad B,Desc,0,602257,602257,Disponible,2026-09-09
Ibrahima Konaté,Real Madrid,Desc,18,45354262,46219083,Disponible,2026-09-09
Ifeanyi Ndukwe,Levante,Desc,0,1788503,1844294,Disponible,2026-09-09
Igor Galdin,Levante,Desc,0,507760,511737,Disponible,2026-09-09
Igor Zubeldia,Real Sociedad,Desc,36,9652875,9488279,Disponible,2026-09-09
Iker Córdoba,Valencia,Desc,-2,900000,900000,Disponible,2026-09-09
Iker Losada,Betis,Desc,0,1337364,1375907,Disponible,2026-09-09
Iker Monreal,Athletic,Desc,0,602257,602257,Disponible,2026-09-09
Iker Muñoz,Sevilla,Desc,24,478441,481196,Disponible,2026-09-09
Iker Muñoz,Osasuna,Desc,24,1807275,1778870,Disponible,2026-09-09
Iker Muñoz,Sevilla,Desc,0,478441,481196,Disponible,2026-09-09
Iker Muñoz,Osasuna,Desc,0,1807275,1778870,Disponible,2026-09-09
Ilaix Moriba,Celta,Desc,32,6589044,6597444,Disponible,2026-09-09
Ilias Akhomach,Villarreal,Desc,3,2948173,3029548,Disponible,2026-09-09
Iñigo Arguibide,Osasuna,Desc,32,2873517,2711777,Disponible,2026-09-09
Íñigo Sainz-Maza,Racing,Desc,0,534160,539237,Disponible,2026-09-09
Iñigo Vicente,Racing,Desc,53,28750951,28395104,Disponible,2026-09-09
Ionut Radu,Celta,Desc,57,37466184,36936330,Disponible,2026-09-09
Isaac Romero,Sevilla,Desc,13,6282043,6427905,Disponible,2026-09-09
Iván Alonso,Rayo,Desc,0,464138,466297,Disponible,2026-09-09
Iván Azón,Getafe,Desc,0,4993701,5146951,Disponible,2026-09-09
Iván Balliu,Rayo,Desc,2,686590,698018,Disponible,2026-09-09
Iván Martín,Racing,Desc,37,8307375,8362887,Disponible,2026-09-09
Iván Romero,Levante,Desc,26,5654492,5651212,Disponible,2026-09-09
Iván Villar,Celta,Desc,0,619448,628078,Disponible,2026-09-09
Izan Merino,Málaga,Desc,21,4321958,4422203,Disponible,2026-09-09
Jan Oblak,Atlético,Desc,27,47817224,48360317,Disponible,2026-09-09
Jaume Durá,Valencia,Desc,0,700000,700000,Disponible,2026-09-09
Javi Galán,Celta,Desc,20,9080743,9271285,Disponible,2026-09-09
Javi Guerra,Valencia,Desc,28,21480586,21996670,Disponible,2026-09-09
Javi Morcillo,Elche,Desc,15,679625,690763,Disponible,2026-09-09
Javi Navarro,Real Madrid,Desc,0,702622,702622,Disponible,2026-09-09
Javi Rodríguez,Celta,Desc,16,9917475,10155177,Disponible,2026-09-09
Javi Rueda,Celta,Desc,32,3659850,3600993,Disponible,2026-09-09
Javier Hernández,Espanyol,Desc,35,14228492,14032716,Disponible,2026-09-09
Jean Ives Valou,Getafe,Desc,-5,478441,481196,Disponible,2026-09-09
Jeanuël Belocian,Racing,Desc,6,3093253,3153830,Disponible,2026-09-09
Jeremy Toljan,Levante,Desc,7,2405256,2463852,Disponible,2026-09-09
Jesús Areso,Athletic,Desc,32,3277292,3057827,Disponible,2026-09-09
Jesús Vázquez,Valencia,Desc,19,1894825,1927326,Disponible,2026-09-09
Jiri Letácek,Getafe,Desc,0,513949,518183,Disponible,2026-09-09
Joan Garcia,Barcelona,Desc,44,73045795,72798527,Disponible,2026-09-09
Joao Cancelo,Barcelona,Desc,3,34018539,34911530,Disponible,2026-09-09
Job Ochieng,Real Sociedad,Desc,33,632143,544322,Disponible,2026-09-09
Johan Mojica,Getafe,Desc,38,15917978,16053448,Disponible,2026-09-09
Johnny Cardoso,Atlético,Desc,5,3177154,3258259,Disponible,2026-09-09
Jon Ander Olasagasti,Levante,Desc,66,7339799,6977779,Disponible,2026-09-09
Jon Aramburu,Real Sociedad,Desc,44,18319890,18201300,Disponible,2026-09-09
Jon Gorrotxategi,Real Sociedad,Desc,4,3255626,3345125,Disponible,2026-09-09
Jon Guridi,Sevilla,Desc,28,6830755,6705767,Disponible,2026-09-09
Jon Martín,Real Sociedad,Desc,19,27064280,27469625,Disponible,2026-09-09
Jon Moncayola,Osasuna,Desc,38,7572614,7614229,Disponible,2026-09-09
Jon Pacheco,Real Sociedad,Desc,3,2139422,2197476,Disponible,2026-09-09
Jonathan Asp Jensen,Deportivo,Desc,16,4795654,4933505,Disponible,2026-09-09
Jonathan David,Atlético,Desc,0,35128370,36092491,Disponible,2026-09-09
Jonathan Dubasin,Osasuna,Desc,13,8303962,8537903,Disponible,2026-09-09
Jones El-Abdellaoui,Celta,Desc,12,953866,972191,Disponible,2026-09-09
Jordi Pesquer,Barcelona,Desc,0,600000,600000,Disponible,2026-09-09
Jorge Cabello,Levante,Desc,0,560094,566251,Disponible,2026-09-09
Jorge Castellanos,Racing,Desc,0,507637,511608,Disponible,2026-09-09
Jorge Castillo,Atlético,Desc,0,1000000,1000000,Disponible,2026-09-09
Jorge Cestero,Real Madrid,Desc,0,504960,508820,Disponible,2026-09-09
Jorge Herrando,Osasuna,Desc,24,1801378,1851187,Lesionado,2026-09-09
Jorge Salinas,Racing,Desc,44,6937781,6978991,Disponible,2026-09-09
José Ángel Carmona,Sevilla,Desc,2,2427372,2492541,Disponible,2026-09-09
José Gayà,Valencia,Desc,9,8290106,8517382,Disponible,2026-09-09
José María Giménez,Deportivo,Desc,6,5670858,5179864,Disponible,2026-09-09
José Salinas,Málaga,Desc,9,735406,717383,Disponible,2026-09-09
Joseph Otu,Málaga,Desc,0,722688,735620,Disponible,2026-09-09
Jozhua Vertrouwd,Rayo,Desc,-1,734435,747856,Lesionado,2026-09-09
Juan Berrocal,Málaga,Desc,0,886493,906250,Disponible,2026-09-09
Juan Carlos Arana,Racing,Desc,-1,547538,553172,Disponible,2026-09-09
Juan Cruz,Málaga,Desc,13,8598101,8843288,Disponible,2026-09-09
Juan Foyth,Villarreal,Desc,28,16268312,16746111,Duda,2026-09-09
Juan Iglesias,Sevilla,Desc,37,11401716,11366278,Disponible,2026-09-09
Juan Musso,Atlético,Desc,0,2475749,2539667,Disponible,2026-09-09
Juani,Málaga,Desc,0,1000000,1000000,Disponible,2026-09-09
Jude Bellingham,Real Madrid,Desc,88,117996816,117022841,Disponible,2026-09-09
Julen Agirrezabala,Racing,Desc,49,13339772,12575248,Disponible,2026-09-09
Julen Lobete,Málaga,Desc,0,543385,548846,Lesionado,2026-09-09
Jules Koundé,Barcelona,Desc,14,29573675,29697981,Disponible,2026-09-09
Julio Díaz,Sevilla,Desc,-2,425889,426454,Disponible,2026-09-09
Karim Adeyemi,Barcelona,Desc,25,50458595,51202044,Disponible,2026-09-09
Karl Etta Eyong,Levante,Desc,10,16125441,16628128,Lesionado,2026-09-09
Kevin Sánchez,Deportivo,Desc,0,600423,608261,Disponible,2026-09-09
Kike Barja,Osasuna,Desc,18,1719265,1752500,Disponible,2026-09-09
Kike Ribes,Celta Fortuna,Desc,0,600000,600000,Disponible,2026-09-09
Kike Salas,Sevilla,Desc,19,7974656,7996956,Disponible,2026-09-09
Kiko Femenia,Getafe,Desc,2,2524421,2601970,Lesionado,2026-09-09
Kylian Mbappé,Real Madrid,Desc,91,139711827,139590530,Disponible,2026-09-09
Lamine Yamal,Barcelona,Desc,92,132757723,131136074,Disponible,2026-09-09
Leandro Cabrera,Espanyol,Desc,1,9966099,10032347,Disponible,2026-09-09
Leo Román,Deportivo,Desc,29,37694426,37759583,Disponible,2026-09-09
Logan Costa,Villarreal,Desc,-2,734756,748176,Disponible,2026-09-09
Lorenzo Amatucci,Deportivo,Desc,49,17366505,17196822,Disponible,2026-09-09
Lucas Boyé,Alavés,Desc,64,19167335,17736013,Disponible,2026-09-09
Lucas Cepeda,Elche,Desc,24,960875,948766,Disponible,2026-09-09
Lucas Noubi,Deportivo,Desc,28,14306592,14058617,Disponible,2026-09-09
Lucas Stassin,Sevilla,Desc,13,21812942,22071033,Disponible,2026-09-09
Lucas Torró,Osasuna,Desc,13,1732264,1769368,Disponible,2026-09-09
Lucien Agoume,Sevilla,Desc,52,7678255,7356125,Disponible,2026-09-09
Luis Rioja,Valencia,Desc,9,6591669,6790930,Duda,2026-09-09
Luiz Junior,Villarreal,Desc,8,29807928,30344409,Disponible,2026-09-09
Luken Beitia,Real Sociedad,Desc,-6,454873,456646,Disponible,2026-09-09
Manel Usedo,Levante,Desc,0,551134,556918,Disponible,2026-09-09
Manu Bueno,Sevilla,Desc,5,558233,564313,Disponible,2026-09-09
Manu González,Betis,Desc,0,581691,581691,Disponible,2026-09-09
Manu Hernando,Racing,Desc,22,2730467,2754648,Disponible,2026-09-09
Manu Sánchez,Levante,Desc,55,5033955,4929024,Disponible,2026-09-09
Manuel Ángel Castillo,Sevilla,Desc,0,900000,900000,Disponible,2026-09-09
Marc Aguado,Elche,Desc,26,4760990,4875553,Disponible,2026-09-09
Marc Bartra,Betis,Desc,62,35102659,34787081,Disponible,2026-09-09
Marc Bernal,Barcelona,Desc,46,17960814,17291841,Disponible,2026-09-09
Marc Casadó,Deportivo,Desc,2,3552038,3261156,Disponible,2026-09-09
Marc Cucurella,Real Madrid,Desc,29,62595836,63535751,Disponible,2026-09-09
Marc Roca,Betis,Desc,37,10355367,9887512,Disponible,2026-09-09
Marc Santos,Levante,Desc,3,594634,602230,Disponible,2026-09-09
Marco Román,Rayo,Desc,0,551134,556918,Disponible,2026-09-09
Marcos Navarro,Valencia,Desc,0,501909,501909,Disponible,2026-09-09
Mario Martín,Getafe,Desc,17,2866964,2899499,Disponible,2026-09-09
Mario Rivas,Real Madrid,Desc,0,700000,700000,Disponible,2026-09-09
Marko Dmitrovic,Espanyol,Desc,49,39838495,39653212,Disponible,2026-09-09
Maroan Sannadi,Athletic,Desc,1,419660,419966,Disponible,2026-09-09
Martim Neto,Elche,Desc,9,1200335,1230039,Disponible,2026-09-09
Martín Satriano,Getafe,Desc,27,19908011,19946867,Disponible,2026-09-09
Mathew Ryan,Levante,Desc,68,23948585,22925000,Disponible,2026-09-09
Matia Barzic,Elche,Desc,0,555471,561436,Disponible,2026-09-09
Matías Dituro,Elche,Desc,2,9099186,9134866,Disponible,2026-09-09
Matteo Prati,Racing,Desc,8,3546685,3647510,Disponible,2026-09-09
Mauro Echegoyen,Osasuna,Desc,0,488213,491375,Disponible,2026-09-09
Miguel Cubo,Atlético,Desc,0,490476,493732,Disponible,2026-09-09
Miguel Loureiro,Deportivo,Desc,12,2226899,2267727,Disponible,2026-09-09
Miguel Román,Celta,Desc,43,9490745,9125242,Disponible,2026-09-09
Miguel Sierra,Sevilla,Desc,38,3635452,3375177,Disponible,2026-09-09
Mikel Jauregizar,Athletic,Desc,16,16946453,17422256,Disponible,2026-09-09
Mikel Oyarzabal,Real Sociedad,Desc,39,59331468,60156365,Disponible,2026-09-09
Mikel Rodriguez,Alavés,Desc,39,2569802,2644747,Lesionado,2026-09-09
Moi Gómez,Osasuna,Desc,37,3850372,3705101,Lesionado,2026-09-09
Morten Hjulmand,Atlético,Desc,41,24524631,25052121,Disponible,2026-09-09
Mouctar Diakhaby,Valencia,Desc,12,3986721,4099783,Duda,2026-09-09
Nacho Pérez,Levante,Desc,48,1739287,1651266,Disponible,2026-09-09
Nahuel Tenaglia,Alavés,Desc,62,32593118,32223380,Disponible,2026-09-09
Natan,Betis,Desc,28,31586729,31918994,Disponible,2026-09-09
Nathan-Dylan Saliba,Villarreal,Desc,22,6483697,6474470,Disponible,2026-09-09
Nelson Deossa,Betis,Desc,27,2613939,2575485,Disponible,2026-09-09
Nemanja Gudelj,Getafe,Desc,2,6437070,6494742,Disponible,2026-09-09
Nico Guillén,Sevilla,Desc,14,2561397,2641705,Disponible,2026-09-09
Nicolas Pépé,Villarreal,Desc,60,65319558,65356767,Disponible,2026-09-09
Nicolás Valentini,Alavés,Desc,-3,713159,725694,Disponible,2026-09-09
Nordin Al Lal,Elche,Desc,0,442685,443950,Disponible,2026-09-09
Odysseas Vlachodimos,Sevilla,Desc,31,27713725,27487826,Disponible,2026-09-09
Oihan Sancet,Athletic,Desc,49,38543317,37355107,Disponible,2026-09-09
Omar El Hilali,Espanyol,Desc,32,13104825,12895367,Disponible,2026-09-09
Orel Mangala,Getafe,Desc,29,12225055,12376005,Disponible,2026-09-09
Oriol Rey,Levante,Desc,32,1586995,1491616,Disponible,2026-09-09
Orri Steinn Óskarsson,Real Sociedad,Desc,22,7712432,7761850,Disponible,2026-09-09
Óscar López,Getafe,Desc,0,700000,700000,Disponible,2026-09-09
Óscar Valentín,Rayo,Desc,29,3794359,3862346,Disponible,2026-09-09
Pablo Barrios,Atlético,Desc,49,55271212,54804153,Disponible,2026-09-09
Pablo Durán,Celta,Desc,10,700341,696866,Disponible,2026-09-09
Pablo Fornals,Betis,Desc,35,51148635,52003537,Disponible,2026-09-09
Pablo García,Deportivo,Desc,35,468964,468964,Disponible,2026-09-09
Pablo García,Racing,Desc,35,4590522,4155972,Disponible,2026-09-09
Pablo Gavi,Barcelona,Desc,2,18369747,18827095,Disponible,2026-09-09
Pablo Ibáñez,Alavés,Desc,45,8130492,7577255,Disponible,2026-09-09
Pablo Maffeo,Valencia,Desc,11,7453563,7650806,Disponible,2026-09-09
Pablo Martínez,Málaga,Desc,10,5010946,5141746,Disponible,2026-09-09
Pablo Ramón,Racing,Desc,35,1604282,1581391,Disponible,2026-09-09
Paco Cortés,Levante,Desc,7,559238,565359,Disponible,2026-09-09
Pape Gueye,Villarreal,Desc,50,39356789,40357516,Disponible,2026-09-09
Pau Cubarsí,Barcelona,Desc,28,66819123,67155224,Disponible,2026-09-09
Pau Navarro,Villarreal,Desc,0,4789539,4934041,Disponible,2026-09-09
Pedro Bigas,Elche,Desc,-10,2714503,2787986,Disponible,2026-09-09
Pedro Díaz,Rayo,Desc,17,1197408,1215807,Disponible,2026-09-09
Pedro Felipe,Racing,Desc,1,1310309,1347725,Disponible,2026-09-09
Peio Canales,Athletic,Desc,28,8482880,8740153,Lesionado,2026-09-09
Pepelu,Valencia,Desc,39,9640116,9766291,Disponible,2026-09-09
Peque,Sevilla,Desc,21,2803725,2849670,Disponible,2026-09-09
Pere Milla,Espanyol,Desc,0,5274521,5430770,Disponible,2026-09-09
Petar Ratkov,Levante,Desc,0,3708007,3821183,Disponible,2026-09-09
Pierre-Emerick Aubameyang,Deportivo,Desc,79,81643941,78834350,Disponible,2026-09-09
Pol Lozano,Espanyol,Desc,3,1278539,1314631,Disponible,2026-09-09
Quilindschy Hartman,Espanyol,Desc,-1,4279605,4409773,Disponible,2026-09-09
Rafa Rodríguez,Málaga,Desc,10,3210633,3311090,Disponible,2026-09-09
Rafel Bauzà,Espanyol,Desc,13,594634,602230,Disponible,2026-09-09
Ramón Enríquez,Málaga,Desc,-2,560882,567072,Disponible,2026-09-09
Ramón Terrats,Getafe,Desc,44,7051487,6907051,Disponible,2026-09-09
Randy Nteka,Rayo,Desc,10,1145342,1172084,Disponible,2026-09-09
Raphinha,Barcelona,Desc,93,132011081,130566997,Disponible,2026-09-09
Raúl García,Osasuna,Desc,16,1596330,1609252,Disponible,2026-09-09
Raúl Jiménez,Valencia,Desc,0,1561503,0,Disponible,2026-09-09
Raul Moro,Osasuna,Desc,4,9805562,10076323,Disponible,2026-09-09
Renato Veiga,Villarreal,Desc,12,25342192,25864909,Disponible,2026-09-09
Robbie Ure,Sevilla,Desc,10,12617730,12789383,Disponible,2026-09-09
Robert Navarro,Athletic,Desc,42,3966222,3478012,Disponible,2026-09-09
Robin Le Normand,Atlético,Desc,15,10576258,10824010,Disponible,2026-09-09
Rockson Yeboah,Osasuna,Desc,-4,1000185,1024679,Disponible,2026-09-09
Rodrigo Gamón,Valencia,Desc,0,800000,0,Disponible,2026-09-09
Rodrigo Mendoza,Atlético,Desc,23,1099307,1120100,Disponible,2026-09-09
Rodrigo Riquelme,Betis,Desc,54,14361879,13816500,Disponible,2026-09-09
Roger Hinojo,Espanyol,Desc,30,4867451,4914716,Disponible,2026-09-09
Romain Del Castillo,Osasuna,Desc,0,12150241,12526349,Disponible,2026-09-09
Roy Revivo,Elche,Desc,2,4451435,4590303,Disponible,2026-09-09
Rubén Gómez,Villarreal,Desc,0,465766,467993,Disponible,2026-09-09
Rubén Sánchez,Elche,Desc,0,424519,425027,Disponible,2026-09-09
Rubén Vargas,Sevilla,Desc,2,12888415,13302632,Duda,2026-09-09
Ryunosuke Sato,Valencia,Desc,20,8779983,9047398,Disponible,2026-09-09
Saba Sazonov,Getafe,Desc,7,850230,868476,Disponible,2026-09-09
Salvi Esquivel,Atlético,Desc,0,554580,560507,Disponible,2026-09-09
Santi Comesaña,Villarreal,Desc,19,20198935,20791062,Disponible,2026-09-09
Santiago Mouriño,Villarreal,Desc,17,21993626,22644336,Disponible,2026-09-09
Sebastián Boselli,Getafe,Desc,-3,1357130,1394287,Disponible,2026-09-09
Sebastián Cáceres,Celta,Desc,0,5500000,5500000,Disponible,2026-09-09
Selu Diallo,Alavés,Desc,0,628542,637551,Disponible,2026-09-09
Sergio Camello,Rayo,Desc,72,9435159,8532352,Disponible,2026-09-09
Sergio Canales,Racing,Desc,52,26566014,26242587,Disponible,2026-09-09
Sergio Carreira,Celta,Desc,17,6541475,6477757,Disponible,2026-09-09
Sergio Gómez,Real Sociedad,Desc,34,15381750,15235301,Disponible,2026-09-09
Sergio Herrera,Osasuna,Desc,18,35903338,36072770,Disponible,2026-09-09
Sergio José Lozano,Rayo,Desc,0,507637,511608,Disponible,2026-09-09
Sergio Martínez,Real Madrid,Desc,28,1675743,1708566,Disponible,2026-09-09
Sergio Mestre,Real Madrid,Desc,0,677860,677860,Disponible,2026-09-09
Simon Eriksson,Racing,Desc,0,1550846,1591412,Duda,2026-09-09
Stole Dimitrievski,Valencia,Desc,34,20721007,20879891,Disponible,2026-09-09
Takefusa Kubo,Real Sociedad,Desc,22,23635569,24138809,Disponible,2026-09-09
Tani Oluwaseyi,Villarreal,Desc,0,1484099,1520911,Disponible,2026-09-09
Tete Morente,Elche,Desc,28,1609212,1551263,Disponible,2026-09-09
Teun Gijselhart,Deportivo,Desc,3,1469298,1513339,Disponible,2026-09-09
Theo Folgado,Real Sociedad,Desc,0,702606,702606,Disponible,2026-09-09
Thibaut Courtois,Real Madrid,Desc,29,62680579,62973690,Disponible,2026-09-09
Thomas Lemar,Elche,Desc,14,3401172,3292137,Disponible,2026-09-09
Toni Martinez,Alavés,Desc,19,20875973,21473001,Duda,2026-09-09
Trent Alexander-Arnold,Real Madrid,Desc,30,22312839,22327057,Disponible,2026-09-09
Tyrhys Dolan,Espanyol,Desc,22,14468995,14276312,Disponible,2026-09-09
Umar Sadiq,Valencia,Desc,19,4032832,4158210,Lesionado,2026-09-09
Unai López,Rayo,Desc,57,11514034,10946220,Disponible,2026-09-09
Unai Marrero,Real Sociedad,Desc,23,722888,705978,Disponible,2026-09-09
Unai Santos,Osasuna,Desc,0,509021,513050,Disponible,2026-09-09
Unai Simón,Athletic,Desc,64,47600211,46821313,Disponible,2026-09-09
Valentín Gómez,Betis,Desc,23,1760521,1780764,Disponible,2026-09-09
Vanja Drkusic,Espanyol,Desc,11,2232720,2298371,Disponible,2026-09-09
Víctor Chust,Elche,Desc,5,4658583,4705207,Disponible,2026-09-09
Víctor García,Levante,Desc,3,1137548,1167766,Disponible,2026-09-09
Ville Koski,Alavés,Desc,36,7165856,6705631,Disponible,2026-09-09
Williot Swedberg,Celta,Desc,31,5170585,5290905,Disponible,2026-09-09
Wojciech Szczesny,Barcelona,Desc,0,1375666,1402321,Disponible,2026-09-09
Xanet Oláiz,Alavés,Desc,2,478720,481487,Disponible,2026-09-09
Xavi Espart,Barcelona,Desc,63,14022029,12270384,Disponible,2026-09-09
Yangel Herrera,Real Sociedad,Desc,42,3762431,3584457,Disponible,2026-09-09
Yanis Musuayi,Levante,Desc,0,1421563,1463615,Disponible,2026-09-09
Yassir Zabiri,Racing,Desc,36,8151142,7938859,Disponible,2026-09-09
Yoel Lago,Celta,Desc,41,2713959,2443054,Disponible,2026-09-09
Youssouf Fofana,Sevilla,Desc,1,14591437,14853809,Disponible,2026-09-09
Zaid Romero,Getafe,Desc,27,30388822,31265484,Disponible,2026-09-09
Zakaria Eddahchouri,Deportivo,Desc,13,1047610,1061708,Disponible,2026-09-09
Llorenç Serred,Espanyol,Desc,0,462300,464138,Disponible,2026-09-10
Aaron Ndive Mayol,Valencia,Desc,0,700000,700000,Disponible,2026-09-10
Abde Rebbach,Alavés,Desc,28,5220164,5273467,Disponible,2026-09-10
Abdel Abqar,Getafe,Desc,6,4755476,4908461,Lesionado,2026-09-10
Abdoulaye Faye,Celta,Desc,3,2325364,2395054,Disponible,2026-09-10
Abel Bretones,Osasuna,Desc,25,9288983,9113672,Disponible,2026-09-10
Abiel Osorio,Elche,Desc,3,780799,795908,Disponible,2026-09-10
Adam Aznou,Málaga,Desc,0,1017279,0,Disponible,2026-09-10
Adama Timera,Espanyol,Desc,0,504059,507637,Disponible,2026-09-10
Ademola Lookman,Atlético,Desc,25,54681563,55722943,Disponible,2026-09-10
Adrià Altimira,Deportivo,Desc,14,5016908,5108571,Disponible,2026-09-10
Adrià Pedrosa,Rayo,Desc,0,2723844,2788985,Disponible,2026-09-10
Adrián Molina,Rayo,Desc,0,536704,541642,Disponible,2026-09-10
Aimar Blázquez,Valencia,Desc,0,581656,581656,Disponible,2026-09-10
Aimar Oroz,Osasuna,Desc,17,10809904,11151722,Lesionado,2026-09-10
Aissa Mandi,Levante,Desc,46,11731600,11401443,Disponible,2026-09-10
Aitor Fraga,Real Sociedad,Desc,0,602234,602234,Disponible,2026-09-10
Aitor Mañas,Alavés,Desc,7,452806,454249,Disponible,2026-09-10
Aitor Paredes,Athletic,Desc,42,11635077,11250901,Disponible,2026-09-10
Alassane Diatta,Villarreal,Desc,0,458256,459926,Disponible,2026-09-10
Alberto Calatrava,Levante,Desc,0,629333,638131,Disponible,2026-09-10
Alberto Moleiro,Villarreal,Desc,38,44476495,45397129,Disponible,2026-09-10
Alberto Risco,Getafe,Desc,3,512165,516081,Disponible,2026-09-10
Aleix Febas,Celta,Desc,19,17483618,18004826,Duda,2026-09-10
Alejandro Balde,Barcelona,Desc,0,14164582,14569832,Disponible,2026-09-10
Alejandro Catena,Osasuna,Desc,32,36938615,37144261,Disponible,2026-09-10
Alejandro Iturbe,Elche,Desc,0,560118,566032,Disponible,2026-09-10
Alejandro Panach,Valencia,Desc,0,501909,501909,Disponible,2026-09-10
Alejandro Rego,Athletic,Desc,0,2444842,2520992,Disponible,2026-09-10
Alemão,Rayo,Desc,11,1879922,1931510,Disponible,2026-09-10
Álex Baena,Atlético,Desc,65,67693456,67576406,Disponible,2026-09-10
Álex Berenguer,Athletic,Desc,45,9916016,9877180,Disponible,2026-09-10
Álex Calatrava,Espanyol,Desc,39,6681429,6714226,Disponible,2026-09-10
Alex Freeman,Villarreal,Desc,11,1429958,1449312,Disponible,2026-09-10
Álex Grimaldo,Atlético,Desc,22,33401625,34120477,Disponible,2026-09-10
Alex Lebarbier,Real Sociedad,Desc,0,602234,602234,Disponible,2026-09-10
Alex Marchal,Real Sociedad,Desc,11,602234,602234,Disponible,2026-09-10
Alex Padilla,Athletic,Desc,0,854776,872967,Disponible,2026-09-10
Álex Pastor,Málaga,Desc,0,395123,394162,Disponible,2026-09-10
Álex Remiro,Real Sociedad,Desc,49,39098537,39383106,Disponible,2026-09-10
Alexis Ciria,Real Madrid,Desc,0,653524,663330,Disponible,2026-09-10
Alfonso Herrero,Málaga,Desc,39,13561794,13040477,Disponible,2026-09-10
Aliou Dieng,Valencia,Desc,10,2292562,2348287,Disponible,2026-09-10
Altay Bayindir,Celta,Desc,0,1288574,1323209,Disponible,2026-09-10
Álvaro Djaló,Athletic,Desc,2,634783,643808,Disponible,2026-09-10
Álvaro Fidalgo,Betis,Desc,3,1457887,1496532,Disponible,2026-09-10
Álvaro García,Rayo,Desc,35,19015597,19262220,Disponible,2026-09-10
Álvaro Mantilla,Racing,Desc,20,1862736,1886040,Disponible,2026-09-10
Álvaro Padilla,Elche,Desc,0,701945,713769,Disponible,2026-09-10
Álvaro Valles,Betis,Desc,73,48445737,47216162,Disponible,2026-09-10
Ander Barrenetxea,Real Sociedad,Desc,22,22163578,22654712,Disponible,2026-09-10
Ander Guevara,Alavés,Desc,0,664205,674456,Disponible,2026-09-10
André Almeida,Racing,Desc,4,1451974,1467031,Disponible,2026-09-10
Andrei Ratiu,Rayo,Desc,25,26078084,26290681,Disponible,2026-09-10
Andrés Antañón,Celta,Desc,3,581700,581700,Disponible,2026-09-10
Andrés Castrín,Sevilla,Desc,8,3798977,3789576,Disponible,2026-09-10
Andrés García,Getafe,Desc,33,8017061,7852945,Disponible,2026-09-10
Andrés Martín,Racing,Desc,30,15343173,15823804,Lesionado,2026-09-10
Andrés Vallecillo,Racing,Desc,0,503286,506832,Disponible,2026-09-10
Andriy Lunin,Real Madrid,Desc,0,1377765,1403092,Disponible,2026-09-10
Ángel Fortuño,Espanyol,Desc,0,453433,454902,Disponible,2026-09-10
Ángel Ortiz,Betis,Desc,15,1131291,1156407,Disponible,2026-09-10
Ángel Pérez,Alavés,Desc,54,14656313,13728340,Disponible,2026-09-10
Angel Recio,Málaga,Desc,21,1415998,1300857,Disponible,2026-09-10
Angeliño,Deportivo,Desc,0,9564296,9819760,Disponible,2026-09-10
Ante Budimir,Osasuna,Desc,76,59142414,57442021,Disponible,2026-09-10
Anthony Gordon,Barcelona,Desc,45,85505869,83880467,Disponible,2026-09-10
Antonio Blanco,Alavés,Desc,40,19207294,18823671,Disponible,2026-09-10
Antonio Rüdiger,Real Madrid,Desc,12,22020693,22476406,Disponible,2026-09-10
Antonio Sivera,Alavés,Desc,56,43100594,42896693,Disponible,2026-09-10
Antony,Betis,Desc,46,60928786,61697979,Disponible,2026-09-10
Arda Güler,Real Madrid,Desc,69,85015391,83972593,Disponible,2026-09-10
Arnau Comas,Deportivo,Desc,0,514285,518289,Disponible,2026-09-10
Arnau Ortiz,Atlético,Desc,12,962120,977916,Disponible,2026-09-10
Arnaut Danjuma,Valencia,Desc,18,4686872,4736144,Disponible,2026-09-10
Arouna Sangante,Sevilla,Desc,18,9823297,10136235,Lesionado,2026-09-10
Arsen Zakharyan,Real Sociedad,Desc,2,629036,637822,Disponible,2026-09-10
Asier Bonel,Osasuna,Desc,0,600000,600000,Disponible,2026-09-10
Asier Osambela,Osasuna,Desc,8,455298,456845,Disponible,2026-09-10
Asier Villalibre,Racing,Desc,10,4619015,4754449,Disponible,2026-09-10
Augusto Batalla,Rayo,Desc,21,21047375,21706743,Lesionado,2026-09-10
Axel Tape,Levante,Desc,0,2292259,2363556,Disponible,2026-09-10
Aymeric Laporte,Athletic,Desc,31,41357963,40678671,Disponible,2026-09-10
Beñat Gerenabarrena,Athletic,Desc,44,2550856,2314285,Disponible,2026-09-10
Beñat Prados,Athletic,Desc,0,800368,816293,Disponible,2026-09-10
Beñat Turrientes,Real Sociedad,Desc,43,6220928,6102704,Disponible,2026-09-10
Bernardo Silva,Real Madrid,Desc,24,46651692,47642645,Disponible,2026-09-10
Bil Nsongo,Deportivo,Desc,22,7174800,7027658,Disponible,2026-09-10
Borja Iglesias,Celta,Desc,0,15427296,15765614,Disponible,2026-09-10
Borja Mayoral,Getafe,Desc,1,1674986,1722073,Disponible,2026-09-10
Boyomo,Osasuna,Desc,14,17665811,18119751,Disponible,2026-09-10
Brian Fariñas,Barcelona,Desc,0,675246,685957,Disponible,2026-09-10
Bright Ede,Deportivo,Desc,19,4279077,4288952,Disponible,2026-09-10
Buba Sangaré,Elche,Desc,10,3790899,3840735,Disponible,2026-09-10
Carl Starfelt,Celta,Desc,29,9990620,9726300,Disponible,2026-09-10
Carles Aleñá,Alavés,Desc,21,2824879,2773719,Disponible,2026-09-10
Carlos Dotor,Málaga,Desc,41,4803767,4735381,Disponible,2026-09-10
Carlos Espí,Real Madrid,Desc,16,14252978,14247763,Disponible,2026-09-10
Carlos López,Málaga,Desc,0,398521,397702,Disponible,2026-09-10
Carlos Macià,Villarreal,Desc,11,682269,693273,Disponible,2026-09-10
Carlos Puga,Málaga,Desc,11,4168178,4258344,Disponible,2026-09-10
Carlos Romero,Villarreal,Desc,15,26801021,27618269,Duda,2026-09-10
Carlos Sánchez,Racing,Desc,0,512165,516081,Disponible,2026-09-10
Carlos Soler,Real Sociedad,Desc,41,30317807,30119615,Disponible,2026-09-10
César Tárrega,Valencia,Desc,30,10265796,10481614,Disponible,2026-09-10
Cheikh Thiam,Villarreal,Desc,0,631113,639985,Disponible,2026-09-10
Chidera Ejuke,Sevilla,Desc,27,5247816,5005366,Disponible,2026-09-10
Chupete,Málaga,Desc,27,30452743,31257588,Disponible,2026-09-10
Clemens Riedel,Espanyol,Desc,13,5382805,5498459,Disponible,2026-09-10
Coke Carrillo,Celta,Desc,0,1567556,0,Disponible,2026-09-10
Couhaib Driouech,Celta,Desc,11,3224121,3295281,Disponible,2026-09-10
Cristian Rivero,Valencia,Desc,0,435853,436589,Disponible,2026-09-10
Cristian Romero,Atlético,Desc,0,32377280,32911796,Disponible,2026-09-10
Dakonam Djené,Getafe,Desc,12,15725875,15680028,Disponible,2026-09-10
Dani Cárdenas,Rayo,Desc,13,1331411,1308084,Disponible,2026-09-10
Dani Lorenzo,Málaga,Desc,27,11151105,10985580,Disponible,2026-09-10
Dani Martínez,Atlético,Desc,12,531253,535964,Disponible,2026-09-10
Dani Olmo,Barcelona,Desc,31,47861288,47658338,Disponible,2026-09-10
Dani Requena,Levante,Desc,2,1069364,1096497,Disponible,2026-09-10
Daniel Raba,Valencia,Desc,2,854390,872565,Disponible,2026-09-10
David Hancko,Atlético,Desc,33,40036087,40678919,Disponible,2026-09-10
David Larrubia,Málaga,Desc,51,30233940,30929125,Disponible,2026-09-10
David Mella,Deportivo,Desc,5,2188504,2247722,Disponible,2026-09-10
David Otorbi,Valencia,Desc,8,602292,602292,Disponible,2026-09-10
David Soria,Getafe,Desc,42,35488948,35179565,Disponible,2026-09-10
Davinchi,Getafe,Desc,8,1735810,1785866,Disponible,2026-09-10
Dean Huijsen,Real Madrid,Desc,42,55994937,55236346,Disponible,2026-09-10
Denis Suárez,Alavés,Desc,20,2536778,2553338,Disponible,2026-09-10
Denzel Dumfries,Real Madrid,Desc,21,36462046,37032483,Disponible,2026-09-10
Diego Ferrer,Getafe,Desc,0,514120,518118,Disponible,2026-09-10
Diego Rico,Osasuna,Desc,0,2740117,2820420,Disponible,2026-09-10
Diego Villares,Deportivo,Desc,8,1398719,1436998,Disponible,2026-09-10
Dimitri Foulquier,Valencia,Desc,0,1112957,1141906,Lesionado,2026-09-10
Dominik Livakovic,Barcelona,Desc,0,2807324,2875914,Disponible,2026-09-10
Eder Aller,Barcelona,Desc,0,702705,702705,Disponible,2026-09-10
Edu Altozano,Sevilla,Desc,0,476031,478441,Disponible,2026-09-10
Edu Expósito,Espanyol,Desc,43,28355478,27995415,Disponible,2026-09-10
Eduardo Camavinga,Real Madrid,Desc,12,8670641,8554951,Disponible,2026-09-10
Einar Galilea,Málaga,Desc,23,5021829,4866434,Disponible,2026-09-10
Emil Audero,Rayo,Desc,0,5503468,5610161,Disponible,2026-09-10
Eneko Jauregi,Málaga,Desc,2,736132,749380,Disponible,2026-09-10
Enes Ünal,Getafe,Desc,24,18824941,18936323,Disponible,2026-09-10
Eric Garcia,Barcelona,Desc,38,50309171,51466610,Disponible,2026-09-10
Ezequiel Ponce,Elche,Desc,10,1056501,1083098,Disponible,2026-09-10
Facundo Bernal,Betis,Desc,37,13304826,13032564,Disponible,2026-09-10
Facundo Buonanotte,Elche,Desc,21,3886003,3987380,Disponible,2026-09-10
Federico Redondo,Elche,Desc,23,1153313,1180277,Disponible,2026-09-10
Federico Valverde,Real Madrid,Desc,46,69833773,70782607,Disponible,2026-09-10
Félix Correia,Sevilla,Desc,0,6337298,6522414,Disponible,2026-09-10
Ferran Jutglà,Celta,Desc,11,7511240,7557167,Disponible,2026-09-10
Filip Ugrinic,Valencia,Desc,50,3549678,3585533,Disponible,2026-09-10
Florian Lejeune,Rayo,Desc,32,24058895,24693646,Disponible,2026-09-10
Fran García,Betis,Desc,28,24879196,23742407,Disponible,2026-09-10
Fran González,Sevilla,Desc,0,509402,513203,Disponible,2026-09-10
Gabriel Moscardo,Espanyol,Desc,19,4375511,4493642,Disponible,2026-09-10
Gabriel Suazo,Sevilla,Desc,19,4280684,4285436,Disponible,2026-09-10
Georges Mikautadze,Villarreal,Desc,31,61010545,62378995,Disponible,2026-09-10
Georgiy Tsitaishvili,Rayo,Desc,0,1500614,1543557,Disponible,2026-09-10
Gerard Martín,Barcelona,Desc,46,51030677,50254861,Disponible,2026-09-10
Germán Parreño,Deportivo,Desc,0,473170,475461,Disponible,2026-09-10
Germán Valera,Elche,Desc,43,14943722,15247116,Disponible,2026-09-10
Giacomo Quagliata,Deportivo,Desc,13,3478362,3398810,Disponible,2026-09-10
Giorgi Guliashvili,Racing,Desc,1,996453,1020548,Disponible,2026-09-10
Giorgi Kochorashvili,Sevilla,Desc,9,7306783,7487775,Disponible,2026-09-10
Gnangoro Bouare,Rayo,Desc,11,800000,800000,Disponible,2026-09-10
Gonçalo Guedes,Real Sociedad,Desc,19,19010286,19313164,Disponible,2026-09-10
Gonzalo Villar,Elche,Desc,57,10324916,10384664,Disponible,2026-09-10
Gorka Carrera,Real Sociedad,Desc,0,549576,555051,Disponible,2026-09-10
Gorka Guruzeta,Athletic,Desc,5,10036874,10310248,Lesionado,2026-09-10
Grady Diangana,Elche,Desc,0,683129,694169,Disponible,2026-09-10
Grégoire Swiderski,Alavés,Desc,0,476662,479106,Disponible,2026-09-10
Hamza Abdelkarim,Barcelona,Desc,2,3301319,3370675,Disponible,2026-09-10
Héctor Bellerín,Betis,Desc,28,16251039,15904944,Disponible,2026-09-10
Héctor Fort,Real Sociedad,Desc,3,3399214,3376077,Disponible,2026-09-10
Hugo Burcio,Celta,Desc,0,602257,602257,Disponible,2026-09-10
Hugo Duro,Valencia,Desc,6,5677257,5818516,Disponible,2026-09-10
Hugo González,Celta,Desc,27,951880,920489,Disponible,2026-09-10
Hugo Novoa,Alavés,Desc,0,591382,598599,Disponible,2026-09-10
Hugo Pérez,Racing,Desc,0,821777,838594,Disponible,2026-09-10
Hugo Rincón,Athletic,Desc,4,1791110,1843002,Disponible,2026-09-10
Hugo Sotelo,Levante,Desc,9,949728,970095,Disponible,2026-09-10
Iago Aspas,Celta,Desc,21,6475834,6403026,Disponible,2026-09-10
Ibai Aguirre,R. Sociedad B,Desc,0,602257,602257,Disponible,2026-09-10
Ibrahima Konaté,Real Madrid,Desc,18,44603812,45354262,Disponible,2026-09-10
Ifeanyi Ndukwe,Levante,Desc,0,1736278,1788503,Disponible,2026-09-10
Igor Galdin,Levante,Desc,0,504177,507760,Disponible,2026-09-10
Igor Zubeldia,Real Sociedad,Desc,36,9858334,9652875,Disponible,2026-09-10
Iker Córdoba,Valencia,Desc,-2,900000,900000,Disponible,2026-09-10
Iker Losada,Betis,Desc,0,1300597,1337364,Disponible,2026-09-10
Iker Monreal,Athletic,Desc,0,602257,602257,Disponible,2026-09-10
Iker Muñoz,Sevilla,Desc,24,476031,478441,Disponible,2026-09-10
Iker Muñoz,Osasuna,Desc,24,1844528,1807275,Disponible,2026-09-10
Iker Muñoz,Sevilla,Desc,0,476031,478441,Disponible,2026-09-10
Iker Muñoz,Osasuna,Desc,0,1844528,1807275,Disponible,2026-09-10
Ilaix Moriba,Celta,Desc,32,6633902,6589044,Disponible,2026-09-10
Ilias Akhomach,Villarreal,Desc,3,2875357,2948173,Disponible,2026-09-10
Iñigo Arguibide,Osasuna,Desc,32,3036890,2873517,Disponible,2026-09-10
Íñigo Sainz-Maza,Racing,Desc,0,529521,534160,Disponible,2026-09-10
Iñigo Vicente,Racing,Desc,53,29100356,28750951,Disponible,2026-09-10
Ionut Radu,Celta,Desc,57,37997072,37466184,Disponible,2026-09-10
Isaac Romero,Sevilla,Desc,13,6138423,6282043,Disponible,2026-09-10
Iván Alonso,Rayo,Desc,0,462300,464138,Disponible,2026-09-10
Iván Azón,Getafe,Desc,0,4845684,4993701,Disponible,2026-09-10
Iván Balliu,Rayo,Desc,2,675854,686590,Disponible,2026-09-10
Iván Martín,Racing,Desc,37,8280330,8307375,Disponible,2026-09-10
Iván Romero,Levante,Desc,26,5662971,5654492,Disponible,2026-09-10
Iván Villar,Celta,Desc,0,611397,619448,Disponible,2026-09-10
Izan Merino,Málaga,Desc,21,4230774,4321958,Disponible,2026-09-10
Jan Oblak,Atlético,Desc,27,47319915,47817224,Disponible,2026-09-10
Jaume Durá,Valencia,Desc,0,700000,700000,Disponible,2026-09-10
Javi Galán,Celta,Desc,20,8932984,9080743,Disponible,2026-09-10
Javi Guerra,Valencia,Desc,28,21019195,21480586,Disponible,2026-09-10
Javi Morcillo,Elche,Desc,15,682708,679625,Disponible,2026-09-10
Javi Navarro,Real Madrid,Desc,0,702622,702622,Disponible,2026-09-10
Javi Rodríguez,Celta,Desc,16,9708482,9917475,Disponible,2026-09-10
Javi Rueda,Celta,Desc,32,3737291,3659850,Disponible,2026-09-10
Javier Hernández,Espanyol,Desc,35,14389392,14228492,Disponible,2026-09-10
Jean Ives Valou,Getafe,Desc,-5,476031,478441,Disponible,2026-09-10
Jeanuël Belocian,Racing,Desc,6,3048626,3093253,Disponible,2026-09-10
Jeremy Toljan,Levante,Desc,7,2350446,2405256,Disponible,2026-09-10
Jesús Areso,Athletic,Desc,32,3508415,3277292,Disponible,2026-09-10
Jesús Vázquez,Valencia,Desc,19,1866208,1894825,Disponible,2026-09-10
Jiri Letácek,Getafe,Desc,0,510118,513949,Disponible,2026-09-10
Joan Garcia,Barcelona,Desc,44,73403865,73045795,Disponible,2026-09-10
Joao Cancelo,Barcelona,Desc,3,33173703,34018539,Disponible,2026-09-10
Job Ochieng,Real Sociedad,Desc,33,742225,632143,Disponible,2026-09-10
Johan Mojica,Getafe,Desc,38,15847566,15917978,Disponible,2026-09-10
Johnny Cardoso,Atlético,Desc,5,3101475,3177154,Disponible,2026-09-10
Jon Ander Olasagasti,Levante,Desc,66,7684225,7339799,Disponible,2026-09-10
Jon Aramburu,Real Sociedad,Desc,44,18354381,18319890,Disponible,2026-09-10
Jon Gorrotxategi,Real Sociedad,Desc,4,3173191,3255626,Disponible,2026-09-10
Jon Guridi,Sevilla,Desc,28,6941947,6830755,Disponible,2026-09-10
Jon Martín,Real Sociedad,Desc,19,26454152,27064280,Disponible,2026-09-10
Jon Moncayola,Osasuna,Desc,38,7589547,7572614,Disponible,2026-09-10
Jon Pacheco,Real Sociedad,Desc,3,2082171,2139422,Disponible,2026-09-10
Jonathan Asp Jensen,Deportivo,Desc,16,4672146,4795654,Disponible,2026-09-10
Jonathan David,Atlético,Desc,0,34190118,35128370,Disponible,2026-09-10
Jonathan Dubasin,Osasuna,Desc,13,8090728,8303962,Disponible,2026-09-10
Jones El-Abdellaoui,Celta,Desc,12,939569,953866,Disponible,2026-09-10
Jordi Pesquer,Barcelona,Desc,0,600000,600000,Disponible,2026-09-10
Jorge Cabello,Levante,Desc,0,554417,560094,Disponible,2026-09-10
Jorge Castellanos,Racing,Desc,0,504059,507637,Disponible,2026-09-10
Jorge Castillo,Atlético,Desc,0,1000000,1000000,Disponible,2026-09-10
Jorge Cestero,Real Madrid,Desc,0,501489,504960,Disponible,2026-09-10
Jorge Herrando,Osasuna,Desc,24,1752297,1801378,Lesionado,2026-09-10
Jorge Salinas,Racing,Desc,44,6925767,6937781,Disponible,2026-09-10
José Ángel Carmona,Sevilla,Desc,2,2365315,2427372,Disponible,2026-09-10
José Gayà,Valencia,Desc,9,8076837,8290106,Disponible,2026-09-10
José María Giménez,Deportivo,Desc,6,6134854,5670858,Disponible,2026-09-10
José Salinas,Málaga,Desc,9,753198,735406,Disponible,2026-09-10
Joseph Otu,Málaga,Desc,0,710508,722688,Disponible,2026-09-10
Jozhua Vertrouwd,Rayo,Desc,-1,721785,734435,Lesionado,2026-09-10
Juan Berrocal,Málaga,Desc,0,867760,886493,Disponible,2026-09-10
Juan Carlos Arana,Racing,Desc,-1,542364,547538,Disponible,2026-09-10
Juan Cruz,Málaga,Desc,13,8365180,8598101,Disponible,2026-09-10
Juan Foyth,Villarreal,Desc,28,15812739,16268312,Duda,2026-09-10
Juan Iglesias,Sevilla,Desc,37,11426312,11401716,Disponible,2026-09-10
Juan Musso,Atlético,Desc,0,2414581,2475749,Disponible,2026-09-10
Juani,Málaga,Desc,0,1000000,1000000,Disponible,2026-09-10
Jude Bellingham,Real Madrid,Desc,88,118409955,117996816,Disponible,2026-09-10
Julen Agirrezabala,Racing,Desc,49,14110775,13339772,Disponible,2026-09-10
Julen Lobete,Málaga,Desc,0,538377,543385,Lesionado,2026-09-10
Jules Koundé,Barcelona,Desc,14,29428167,29573675,Disponible,2026-09-10
Julio Díaz,Sevilla,Desc,-2,425581,425889,Disponible,2026-09-10
Karim Adeyemi,Barcelona,Desc,25,49628025,50458595,Disponible,2026-09-10
Karl Etta Eyong,Levante,Desc,10,15660982,16125441,Lesionado,2026-09-10
Kevin Sánchez,Deportivo,Desc,0,593133,600423,Disponible,2026-09-10
Kike Barja,Osasuna,Desc,18,1689467,1719265,Disponible,2026-09-10
Kike Ribes,Celta Fortuna,Desc,0,600000,600000,Disponible,2026-09-10
Kike Salas,Sevilla,Desc,19,7973480,7974656,Disponible,2026-09-10
Kiko Femenia,Getafe,Desc,2,2446479,2524421,Lesionado,2026-09-10
Kylian Mbappé,Real Madrid,Desc,91,140186146,139711827,Disponible,2026-09-10
Lamine Yamal,Barcelona,Desc,92,134511845,132757723,Disponible,2026-09-10
Leandro Cabrera,Espanyol,Desc,1,9912475,9966099,Disponible,2026-09-10
Leo Román,Deportivo,Desc,29,37537339,37694426,Disponible,2026-09-10
Logan Costa,Villarreal,Desc,-2,722081,734756,Disponible,2026-09-10
Lorenzo Amatucci,Deportivo,Desc,49,17582299,17366505,Disponible,2026-09-10
Lucas Boyé,Alavés,Desc,64,20615225,19167335,Disponible,2026-09-10
Lucas Cepeda,Elche,Desc,24,987696,960875,Disponible,2026-09-10
Lucas Noubi,Deportivo,Desc,28,14515505,14306592,Disponible,2026-09-10
Lucas Stassin,Sevilla,Desc,13,21541017,21812942,Disponible,2026-09-10
Lucas Torró,Osasuna,Desc,13,1698734,1732264,Disponible,2026-09-10
Lucien Agoume,Sevilla,Desc,52,7958536,7678255,Disponible,2026-09-10
Luis Rioja,Valencia,Desc,9,6399781,6591669,Duda,2026-09-10
Luiz Junior,Villarreal,Desc,8,29237541,29807928,Disponible,2026-09-10
Luken Beitia,Real Sociedad,Desc,-6,453405,454873,Disponible,2026-09-10
Manel Usedo,Levante,Desc,0,545816,551134,Disponible,2026-09-10
Manu Bueno,Sevilla,Desc,5,552631,558233,Disponible,2026-09-10
Manu González,Betis,Desc,0,581691,581691,Disponible,2026-09-10
Manu Hernando,Racing,Desc,22,2702681,2730467,Disponible,2026-09-10
Manu Sánchez,Levante,Desc,55,5147676,5033955,Disponible,2026-09-10
Manuel Ángel Castillo,Sevilla,Desc,0,900000,900000,Disponible,2026-09-10
Marc Aguado,Elche,Desc,26,4654500,4760990,Disponible,2026-09-10
Marc Bartra,Betis,Desc,62,35542044,35102659,Disponible,2026-09-10
Marc Bernal,Barcelona,Desc,46,18543147,17960814,Disponible,2026-09-10
Marc Casadó,Deportivo,Desc,2,3830713,3552038,Disponible,2026-09-10
Marc Cucurella,Real Madrid,Desc,29,61747237,62595836,Disponible,2026-09-10
Marc Roca,Betis,Desc,37,10821788,10355367,Disponible,2026-09-10
Marc Santos,Levante,Desc,3,587576,594634,Disponible,2026-09-10
Marco Román,Rayo,Desc,0,545816,551134,Disponible,2026-09-10
Marcos Navarro,Valencia,Desc,0,501909,501909,Disponible,2026-09-10
Mario Martín,Getafe,Desc,17,2851128,2866964,Disponible,2026-09-10
Mario Rivas,Real Madrid,Desc,0,700000,700000,Disponible,2026-09-10
Marko Dmitrovic,Espanyol,Desc,49,39973965,39838495,Disponible,2026-09-10
Maroan Sannadi,Athletic,Desc,1,419601,419660,Disponible,2026-09-10
Martim Neto,Elche,Desc,9,1169046,1200335,Disponible,2026-09-10
Martín Satriano,Getafe,Desc,27,19928039,19908011,Disponible,2026-09-10
Mathew Ryan,Levante,Desc,68,25017548,23948585,Disponible,2026-09-10
Matia Barzic,Elche,Desc,0,549979,555471,Disponible,2026-09-10
Matías Dituro,Elche,Desc,2,9083981,9099186,Disponible,2026-09-10
Matteo Prati,Racing,Desc,8,3452568,3546685,Disponible,2026-09-10
Mauro Echegoyen,Osasuna,Desc,0,485412,488213,Disponible,2026-09-10
Miguel Cubo,Atlético,Desc,0,487584,490476,Disponible,2026-09-10
Miguel Loureiro,Deportivo,Desc,12,2183008,2226899,Disponible,2026-09-10
Miguel Román,Celta,Desc,43,9854002,9490745,Disponible,2026-09-10
Miguel Sierra,Sevilla,Desc,38,3891773,3635452,Disponible,2026-09-10
Mikel Jauregizar,Athletic,Desc,16,16490043,16946453,Disponible,2026-09-10
Mikel Oyarzabal,Real Sociedad,Desc,39,58579454,59331468,Disponible,2026-09-10
Mikel Rodriguez,Alavés,Desc,39,2497464,2569802,Lesionado,2026-09-10
Moi Gómez,Osasuna,Desc,37,3811272,3850372,Lesionado,2026-09-10
Morten Hjulmand,Atlético,Desc,41,24028294,24524631,Disponible,2026-09-10
Mouctar Diakhaby,Valencia,Desc,12,3874784,3986721,Lesionado,2026-09-10
Nacho Pérez,Levante,Desc,48,1828568,1739287,Disponible,2026-09-10
Nahuel Tenaglia,Alavés,Desc,62,32897300,32593118,Disponible,2026-09-10
Natan,Betis,Desc,28,31253641,31586729,Disponible,2026-09-10
Nathan-Dylan Saliba,Villarreal,Desc,22,6529426,6483697,Disponible,2026-09-10
Nelson Deossa,Betis,Desc,27,2650464,2613939,Disponible,2026-09-10
Nemanja Gudelj,Getafe,Desc,2,6434102,6437070,Disponible,2026-09-10
Nico Guillén,Sevilla,Desc,14,2484288,2561397,Disponible,2026-09-10
Nicolas Pépé,Villarreal,Desc,60,65271776,65319558,Disponible,2026-09-10
Nicolás Valentini,Alavés,Desc,-3,701360,713159,Disponible,2026-09-10
Nordin Al Lal,Elche,Desc,0,441705,442685,Disponible,2026-09-10
Odysseas Vlachodimos,Sevilla,Desc,31,27977227,27713725,Disponible,2026-09-10
Oihan Sancet,Athletic,Desc,49,39618930,38543317,Disponible,2026-09-10
Omar El Hilali,Espanyol,Desc,32,13372608,13104825,Disponible,2026-09-10
Orel Mangala,Getafe,Desc,29,12164646,12225055,Disponible,2026-09-10
Oriol Rey,Levante,Desc,32,1676407,1586995,Disponible,2026-09-10
Orri Steinn Óskarsson,Real Sociedad,Desc,22,7636914,7712432,Disponible,2026-09-10
Óscar López,Getafe,Desc,0,700000,700000,Disponible,2026-09-10
Óscar Valentín,Rayo,Desc,29,3739071,3794359,Disponible,2026-09-10
Pablo Barrios,Atlético,Desc,49,55544882,55271212,Disponible,2026-09-10
Pablo Durán,Celta,Desc,10,702090,700341,Disponible,2026-09-10
Pablo Fornals,Betis,Desc,35,50388726,51148635,Disponible,2026-09-10
Pablo García,Deportivo,Desc,35,468964,468964,Disponible,2026-09-10
Pablo García,Racing,Desc,35,5023263,4590522,Disponible,2026-09-10
Pablo Gavi,Barcelona,Desc,2,17951395,18369747,Disponible,2026-09-10
Pablo Ibáñez,Alavés,Desc,45,8631192,8130492,Disponible,2026-09-10
Pablo Maffeo,Valencia,Desc,11,7275000,7453563,Disponible,2026-09-10
Pablo Martínez,Málaga,Desc,10,4894102,5010946,Disponible,2026-09-10
Pablo Ramón,Racing,Desc,35,1629949,1604282,Disponible,2026-09-10
Paco Cortés,Levante,Desc,7,553596,559238,Disponible,2026-09-10
Pape Gueye,Villarreal,Desc,50,38434866,39356789,Disponible,2026-09-10
Pau Cubarsí,Barcelona,Desc,28,66553864,66819123,Disponible,2026-09-10
Pau Navarro,Villarreal,Desc,0,4657474,4789539,Disponible,2026-09-10
Pedro Bigas,Elche,Desc,-10,2649484,2714503,Disponible,2026-09-10
Pedro Díaz,Rayo,Desc,17,1183631,1197408,Disponible,2026-09-10
Pedro Felipe,Racing,Desc,1,1276588,1310309,Disponible,2026-09-10
Peio Canales,Athletic,Desc,28,8238342,8482880,Lesionado,2026-09-10
Pepelu,Valencia,Desc,39,9551294,9640116,Disponible,2026-09-10
Peque,Sevilla,Desc,21,2753061,2803725,Disponible,2026-09-10
Pere Milla,Espanyol,Desc,0,5123805,5274521,Disponible,2026-09-10
Petar Ratkov,Levante,Desc,0,3598999,3708007,Disponible,2026-09-10
Pierre-Emerick Aubameyang,Deportivo,Desc,79,84475054,81643941,Disponible,2026-09-10
Pol Lozano,Espanyol,Desc,3,1244125,1278539,Disponible,2026-09-10
Quilindschy Hartman,Espanyol,Desc,-1,4156650,4279605,Disponible,2026-09-10
Rafa Rodríguez,Málaga,Desc,10,3115226,3210633,Disponible,2026-09-10
Rafel Bauzà,Espanyol,Desc,13,587576,594634,Disponible,2026-09-10
Ramón Enríquez,Málaga,Desc,-2,555174,560882,Disponible,2026-09-10
Ramón Terrats,Getafe,Desc,44,7204008,7051487,Disponible,2026-09-10
Randy Nteka,Rayo,Desc,10,1120844,1145342,Disponible,2026-09-10
Raphinha,Barcelona,Desc,93,133456041,132011081,Disponible,2026-09-10
Raúl García,Osasuna,Desc,16,1579985,1596330,Disponible,2026-09-10
Raúl Jiménez,Valencia,Desc,0,1561503,0,Disponible,2026-09-10
Raul Moro,Osasuna,Desc,4,9556801,9805562,Disponible,2026-09-10
Renato Veiga,Villarreal,Desc,12,24878926,25342192,Disponible,2026-09-10
Robbie Ure,Sevilla,Desc,10,12470401,12617730,Disponible,2026-09-10
Robert Navarro,Athletic,Desc,42,4436639,3966222,Disponible,2026-09-10
Robin Le Normand,Atlético,Desc,15,10352251,10576258,Disponible,2026-09-10
Rockson Yeboah,Osasuna,Desc,-4,976905,1000185,Disponible,2026-09-10
Rodrigo Gamón,Valencia,Desc,0,800000,800000,Disponible,2026-09-10
Rodrigo Mendoza,Atlético,Desc,23,1080378,1099307,Disponible,2026-09-10
Rodrigo Riquelme,Betis,Desc,54,14888367,14361879,Disponible,2026-09-10
Roger Hinojo,Espanyol,Desc,30,4826633,4867451,Disponible,2026-09-10
Romain Del Castillo,Osasuna,Desc,0,11785646,12150241,Disponible,2026-09-10
Roy Revivo,Elche,Desc,2,4318019,4451435,Disponible,2026-09-10
Rubén Gómez,Villarreal,Desc,0,463863,465766,Disponible,2026-09-10
Rubén Sánchez,Elche,Desc,0,424265,424519,Disponible,2026-09-10
Rubén Vargas,Sevilla,Desc,2,12489822,12888415,Duda,2026-09-10
Ryunosuke Sato,Valencia,Desc,20,8522113,8779983,Disponible,2026-09-10
Saba Sazonov,Getafe,Desc,7,832948,850230,Disponible,2026-09-10
Salvi Esquivel,Atlético,Desc,0,549124,554580,Disponible,2026-09-10
Santi Comesaña,Villarreal,Desc,19,19644054,20198935,Disponible,2026-09-10
Santiago Mouriño,Villarreal,Desc,17,21408940,21993626,Disponible,2026-09-10
Sebastián Boselli,Getafe,Desc,-3,1323535,1357130,Disponible,2026-09-10
Sebastián Cáceres,Celta,Desc,0,5500000,5500000,Disponible,2026-09-10
Selu Diallo,Alavés,Desc,0,620128,628542,Disponible,2026-09-10
Sergio Camello,Rayo,Desc,72,10387134,9435159,Disponible,2026-09-10
Sergio Canales,Racing,Desc,52,26882440,26566014,Disponible,2026-09-10
Sergio Carreira,Celta,Desc,17,6635200,6541475,Disponible,2026-09-10
Sergio Gómez,Real Sociedad,Desc,34,15517497,15381750,Disponible,2026-09-10
Sergio Herrera,Osasuna,Desc,18,35678589,35903338,Disponible,2026-09-10
Sergio José Lozano,Rayo,Desc,0,504059,507637,Disponible,2026-09-10
Sergio Martínez,Real Madrid,Desc,28,1646128,1675743,Disponible,2026-09-10
Sergio Mestre,Real Madrid,Desc,0,677860,677860,Disponible,2026-09-10
Simon Eriksson,Racing,Desc,0,1508194,1550846,Duda,2026-09-10
Stole Dimitrievski,Valencia,Desc,34,20601525,20721007,Disponible,2026-09-10
Takefusa Kubo,Real Sociedad,Desc,22,23116241,23635569,Disponible,2026-09-10
Tani Oluwaseyi,Villarreal,Desc,0,1445580,1484099,Disponible,2026-09-10
Tete Morente,Elche,Desc,28,1701253,1609212,Disponible,2026-09-10
Teun Gijselhart,Deportivo,Desc,3,1427253,1469298,Disponible,2026-09-10
Theo Folgado,Real Sociedad,Desc,0,702606,702606,Disponible,2026-09-10
Thibaut Courtois,Real Madrid,Desc,29,62425997,62680579,Disponible,2026-09-10
Thomas Lemar,Elche,Desc,14,3542701,3401172,Disponible,2026-09-10
Toni Martinez,Alavés,Desc,19,20304063,20875973,Disponible,2026-09-10
Trent Alexander-Arnold,Real Madrid,Desc,30,22261025,22312839,Disponible,2026-09-10
Tyrhys Dolan,Espanyol,Desc,22,14629662,14468995,Disponible,2026-09-10
Umar Sadiq,Valencia,Desc,19,3915183,4032832,Lesionado,2026-09-10
Unai López,Rayo,Desc,57,12014200,11514034,Disponible,2026-09-10
Unai Marrero,Real Sociedad,Desc,23,743810,722888,Disponible,2026-09-10
Unai Santos,Osasuna,Desc,0,505387,509021,Disponible,2026-09-10
Unai Simón,Athletic,Desc,64,48254620,47600211,Disponible,2026-09-10
Valentín Gómez,Betis,Desc,23,1743114,1760521,Disponible,2026-09-10
Vanja Drkusic,Espanyol,Desc,11,2170814,2232720,Disponible,2026-09-10
Víctor Chust,Elche,Desc,5,4650446,4658583,Disponible,2026-09-10
Víctor García,Levante,Desc,3,1108773,1137548,Disponible,2026-09-10
Ville Koski,Alavés,Desc,36,7656782,7165856,Disponible,2026-09-10
Williot Swedberg,Celta,Desc,31,5074968,5170585,Disponible,2026-09-10
Wojciech Szczesny,Barcelona,Desc,0,1345863,1375666,Disponible,2026-09-10
Xanet Oláiz,Alavés,Desc,2,476298,478720,Disponible,2026-09-10
Xavi Espart,Barcelona,Desc,63,15669548,14022029,Disponible,2026-09-10
Yangel Herrera,Real Sociedad,Desc,42,3990414,3762431,Disponible,2026-09-10
Yanis Musuayi,Levante,Desc,0,1382170,1421563,Disponible,2026-09-10
Yassir Zabiri,Racing,Desc,36,8401165,8151142,Disponible,2026-09-10
Yoel Lago,Celta,Desc,41,3033326,2713959,Disponible,2026-09-10
Youssouf Fofana,Sevilla,Desc,1,14343742,14591437,Disponible,2026-09-10
Zaid Romero,Getafe,Desc,27,29504964,30388822,Disponible,2026-09-10
Zakaria Eddahchouri,Deportivo,Desc,13,1034420,1047610,Disponible,2026-09-10
Llorenç Serred,Espanyol,Desc,0,461113,462300,Disponible,2026-09-11
Aaron Ndive Mayol,Valencia,Desc,0,700000,700000,Disponible,2026-09-11
Abde Rebbach,Alavés,Desc,28,5186641,5220164,Disponible,2026-09-11
Abdel Abqar,Getafe,Desc,6,4610130,4755476,Lesionado,2026-09-11
Abdoulaye Faye,Celta,Desc,3,2260969,2325364,Disponible,2026-09-11
Abel Bretones,Osasuna,Desc,25,9471845,9288983,Disponible,2026-09-11
Abiel Osorio,Elche,Desc,3,766872,780799,Disponible,2026-09-11
Adam Aznou,Málaga,Desc,0,1017279,0,Disponible,2026-09-11
Adama Timera,Espanyol,Desc,0,501201,504059,Disponible,2026-09-11
Ademola Lookman,Atlético,Desc,25,53642357,54681563,Disponible,2026-09-11
Adrià Altimira,Deportivo,Desc,14,4936708,5016908,Disponible,2026-09-11
Adrià Pedrosa,Rayo,Desc,0,2664986,2723844,Disponible,2026-09-11
Adrián Molina,Rayo,Desc,0,532540,536704,Disponible,2026-09-11
Aimar Blázquez,Valencia,Desc,0,581656,581656,Disponible,2026-09-11
Aimar Oroz,Osasuna,Desc,17,10480925,10809904,Lesionado,2026-09-11
Aissa Mandi,Levante,Desc,46,12083574,11731600,Disponible,2026-09-11
Aitor Fraga,Real Sociedad,Desc,0,602234,602234,Disponible,2026-09-11
Aitor Mañas,Alavés,Desc,7,451998,452806,Disponible,2026-09-11
Aitor Paredes,Athletic,Desc,42,12000435,11635077,Disponible,2026-09-11
Alassane Diatta,Villarreal,Desc,0,457230,458256,Disponible,2026-09-11
Alberto Calatrava,Levante,Desc,0,621464,629333,Disponible,2026-09-11
Alberto Moleiro,Villarreal,Desc,38,43609133,44476495,Disponible,2026-09-11
Alberto Risco,Getafe,Desc,3,508983,512165,Disponible,2026-09-11
Aleix Febas,Celta,Desc,19,16988839,17483618,Duda,2026-09-11
Alejandro Balde,Barcelona,Desc,0,13764273,14164582,Disponible,2026-09-11
Alejandro Catena,Osasuna,Desc,32,36745518,36938615,Disponible,2026-09-11
Alejandro Iturbe,Elche,Desc,0,555018,560118,Disponible,2026-09-11
Alejandro Panach,Valencia,Desc,0,501909,501909,Disponible,2026-09-11
Alejandro Rego,Athletic,Desc,0,2374011,2444842,Disponible,2026-09-11
Alemão,Rayo,Desc,11,1832408,1879922,Disponible,2026-09-11
Álex Baena,Atlético,Desc,65,67538487,67693456,Disponible,2026-09-11
Álex Berenguer,Athletic,Desc,45,10020333,9916016,Disponible,2026-09-11
Álex Calatrava,Espanyol,Desc,39,6666823,6681429,Disponible,2026-09-11
Alex Freeman,Villarreal,Desc,11,1415980,1429958,Disponible,2026-09-11
Álex Grimaldo,Atlético,Desc,22,32700870,33401625,Disponible,2026-09-11
Alex Lebarbier,Real Sociedad,Desc,0,602234,602234,Disponible,2026-09-11
Alex Marchal,Real Sociedad,Desc,11,602234,602234,Disponible,2026-09-11
Alex Padilla,Athletic,Desc,0,838486,854776,Disponible,2026-09-11
Álex Pastor,Málaga,Desc,0,396623,395123,Disponible,2026-09-11
Álex Remiro,Real Sociedad,Desc,49,38929142,39098537,Disponible,2026-09-11
Alexis Ciria,Real Madrid,Desc,0,644688,653524,Disponible,2026-09-11
Alfonso Herrero,Málaga,Desc,39,13982859,13561794,Disponible,2026-09-11
Aliou Dieng,Valencia,Desc,10,2244952,2292562,Disponible,2026-09-11
Altay Bayindir,Celta,Desc,0,1257171,1288574,Disponible,2026-09-11
Álvaro Djaló,Athletic,Desc,2,626696,634783,Disponible,2026-09-11
Álvaro Fidalgo,Betis,Desc,3,1428835,1457887,Disponible,2026-09-11
Álvaro García,Rayo,Desc,35,18816368,19015597,Disponible,2026-09-11
Álvaro Mantilla,Racing,Desc,20,1843861,1862736,Disponible,2026-09-11
Álvaro Padilla,Elche,Desc,0,691172,701945,Disponible,2026-09-11
Álvaro Valles,Betis,Desc,73,49172705,48445737,Disponible,2026-09-11
Ander Barrenetxea,Real Sociedad,Desc,22,21725618,22163578,Disponible,2026-09-11
Ander Guevara,Alavés,Desc,0,654941,664205,Disponible,2026-09-11
André Almeida,Racing,Desc,4,1437956,1451974,Disponible,2026-09-11
Andrei Ratiu,Rayo,Desc,25,25880871,26078084,Disponible,2026-09-11
Andrés Antañón,Celta,Desc,3,581700,581700,Disponible,2026-09-11
Andrés Castrín,Sevilla,Desc,8,3827024,3798977,Disponible,2026-09-11
Andrés García,Getafe,Desc,33,8202469,8017061,Disponible,2026-09-11
Andrés Martín,Racing,Desc,30,14891497,15343173,Lesionado,2026-09-11
Andrés Vallecillo,Racing,Desc,0,500459,503286,Disponible,2026-09-11
Andriy Lunin,Real Madrid,Desc,0,1354670,1377765,Disponible,2026-09-11
Ángel Fortuño,Espanyol,Desc,0,452600,453433,Disponible,2026-09-11
Ángel Ortiz,Betis,Desc,15,1109935,1131291,Disponible,2026-09-11
Ángel Pérez,Alavés,Desc,54,15615255,14656313,Disponible,2026-09-11
Angel Recio,Málaga,Desc,21,1540790,1415998,Disponible,2026-09-11
Angeliño,Deportivo,Desc,0,9327274,9564296,Disponible,2026-09-11
Ante Budimir,Osasuna,Desc,76,60412963,59142414,Disponible,2026-09-11
Anthony Gordon,Barcelona,Desc,45,86478125,85505869,Disponible,2026-09-11
Antonio Blanco,Alavés,Desc,40,19546753,19207294,Disponible,2026-09-11
Antonio Rüdiger,Real Madrid,Desc,12,21668944,22020693,Disponible,2026-09-11
Antonio Sivera,Alavés,Desc,56,43259600,43100594,Disponible,2026-09-11
Antony,Betis,Desc,46,60252350,60928786,Disponible,2026-09-11
Arda Güler,Real Madrid,Desc,69,85901896,85015391,Disponible,2026-09-11
Arnau Comas,Deportivo,Desc,0,511018,514285,Disponible,2026-09-11
Arnau Ortiz,Atlético,Desc,12,947502,962120,Disponible,2026-09-11
Arnaut Danjuma,Valencia,Desc,18,4654198,4686872,Disponible,2026-09-11
Arouna Sangante,Sevilla,Desc,18,9526346,9823297,Lesionado,2026-09-11
Arsen Zakharyan,Real Sociedad,Desc,2,621179,629036,Disponible,2026-09-11
Asier Bonel,Osasuna,Desc,0,600000,600000,Disponible,2026-09-11
Asier Osambela,Osasuna,Desc,8,454391,455298,Disponible,2026-09-11
Asier Villalibre,Racing,Desc,10,4498045,4619015,Disponible,2026-09-11
Augusto Batalla,Rayo,Desc,21,20425967,21047375,Lesionado,2026-09-11
Axel Tape,Levante,Desc,0,2225862,2292259,Disponible,2026-09-11
Aymeric Laporte,Athletic,Desc,31,41842066,41357963,Disponible,2026-09-11
Beñat Gerenabarrena,Athletic,Desc,44,2787904,2550856,Disponible,2026-09-11
Beñat Prados,Athletic,Desc,0,785658,800368,Disponible,2026-09-11
Beñat Turrientes,Real Sociedad,Desc,43,6342601,6220928,Disponible,2026-09-11
Bernardo Silva,Real Madrid,Desc,24,45759645,46651692,Disponible,2026-09-11
Bil Nsongo,Deportivo,Desc,22,7314643,7174800,Disponible,2026-09-11
Borja Iglesias,Celta,Desc,0,15107994,15427296,Disponible,2026-09-11
Borja Mayoral,Getafe,Desc,1,1633447,1674986,Disponible,2026-09-11
Boyomo,Osasuna,Desc,14,17243243,17665811,Disponible,2026-09-11
Brian Fariñas,Barcelona,Desc,0,665541,675246,Disponible,2026-09-11
Bright Ede,Deportivo,Desc,19,4292970,4279077,Disponible,2026-09-11
Buba Sangaré,Elche,Desc,10,3761825,3790899,Disponible,2026-09-11
Carl Starfelt,Celta,Desc,29,10243891,9990620,Disponible,2026-09-11
Carles Aleñá,Alavés,Desc,21,2884552,2824879,Disponible,2026-09-11
Carlos Dotor,Málaga,Desc,41,4886812,4803767,Disponible,2026-09-11
Carlos Espí,Real Madrid,Desc,16,14247447,14252978,Disponible,2026-09-11
Carlos López,Málaga,Desc,0,399885,398521,Disponible,2026-09-11
Carlos Macià,Villarreal,Desc,11,672283,682269,Disponible,2026-09-11
Carlos Puga,Málaga,Desc,11,4085910,4168178,Disponible,2026-09-11
Carlos Romero,Villarreal,Desc,15,26033337,26801021,Duda,2026-09-11
Carlos Soler,Real Sociedad,Desc,41,30560383,30317807,Disponible,2026-09-11
César Tárrega,Valencia,Desc,30,10114708,10265796,Disponible,2026-09-11
Cheikh Thiam,Villarreal,Desc,0,623173,631113,Disponible,2026-09-11
Chidera Ejuke,Sevilla,Desc,27,5478592,5247816,Disponible,2026-09-11
Chupete,Málaga,Desc,27,29764004,30452743,Disponible,2026-09-11
Clemens Riedel,Espanyol,Desc,13,5287851,5382805,Disponible,2026-09-11
Coke Carrillo,Celta,Desc,0,1567556,0,Disponible,2026-09-11
Couhaib Driouech,Celta,Desc,11,3161682,3224121,Disponible,2026-09-11
Cristian Rivero,Valencia,Desc,0,435724,435853,Disponible,2026-09-11
Cristian Romero,Atlético,Desc,0,31915966,32377280,Disponible,2026-09-11
Dakonam Djené,Getafe,Desc,12,15782669,15725875,Disponible,2026-09-11
Dani Cárdenas,Rayo,Desc,13,1349005,1331411,Disponible,2026-09-11
Dani Lorenzo,Málaga,Desc,27,11335345,11151105,Disponible,2026-09-11
Dani Martínez,Atlético,Desc,12,527308,531253,Disponible,2026-09-11
Dani Olmo,Barcelona,Desc,31,47908101,47861288,Disponible,2026-09-11
Dani Requena,Levante,Desc,2,1043894,1069364,Disponible,2026-09-11
Daniel Raba,Valencia,Desc,2,837519,854390,Disponible,2026-09-11
David Hancko,Atlético,Desc,33,39492462,40036087,Disponible,2026-09-11
David Larrubia,Málaga,Desc,51,29599886,30233940,Disponible,2026-09-11
David Mella,Deportivo,Desc,5,2134333,2188504,Disponible,2026-09-11
David Otorbi,Valencia,Desc,8,602292,602292,Disponible,2026-09-11
David Soria,Getafe,Desc,42,35705411,35488948,Disponible,2026-09-11
Davinchi,Getafe,Desc,8,1689169,1735810,Disponible,2026-09-11
Dean Huijsen,Real Madrid,Desc,42,56659348,55994937,Disponible,2026-09-11
Denis Suárez,Alavés,Desc,20,2526660,2536778,Disponible,2026-09-11
Denzel Dumfries,Real Madrid,Desc,21,35903467,36462046,Disponible,2026-09-11
Diego Ferrer,Getafe,Desc,0,510860,514120,Disponible,2026-09-11
Diego Rico,Osasuna,Desc,0,2665075,2740117,Disponible,2026-09-11
Diego Villares,Deportivo,Desc,8,1365177,1398719,Disponible,2026-09-11
Dimitri Foulquier,Valencia,Desc,0,1085743,1112957,Lesionado,2026-09-11
Dominik Livakovic,Barcelona,Desc,0,2742210,2807324,Disponible,2026-09-11
Eder Aller,Barcelona,Desc,0,702705,702705,Disponible,2026-09-11
Edu Altozano,Sevilla,Desc,0,474294,476031,Disponible,2026-09-11
Edu Expósito,Espanyol,Desc,43,28656740,28355478,Disponible,2026-09-11
Eduardo Camavinga,Real Madrid,Desc,12,8749809,8670641,Disponible,2026-09-11
Einar Galilea,Málaga,Desc,23,5189461,5021829,Disponible,2026-09-11
Emil Audero,Rayo,Desc,0,5402183,5503468,Disponible,2026-09-11
Eneko Jauregi,Málaga,Desc,2,723991,736132,Disponible,2026-09-11
Enes Ünal,Getafe,Desc,24,18756740,18824941,Disponible,2026-09-11
Eric Garcia,Barcelona,Desc,38,49412499,50309171,Disponible,2026-09-11
Ezequiel Ponce,Elche,Desc,10,1031546,1056501,Disponible,2026-09-11
Facundo Bernal,Betis,Desc,37,13609957,13304826,Disponible,2026-09-11
Facundo Buonanotte,Elche,Desc,21,3802353,3886003,Disponible,2026-09-11
Federico Redondo,Elche,Desc,23,1129765,1153313,Disponible,2026-09-11
Federico Valverde,Real Madrid,Desc,46,69137650,69833773,Disponible,2026-09-11
Félix Correia,Sevilla,Desc,0,6168706,6337298,Disponible,2026-09-11
Ferran Jutglà,Celta,Desc,11,7491604,7511240,Disponible,2026-09-11
Filip Ugrinic,Valencia,Desc,50,3524041,3549678,Disponible,2026-09-11
Florian Lejeune,Rayo,Desc,32,23485288,24058895,Disponible,2026-09-11
Fran García,Betis,Desc,28,25873846,24879196,Disponible,2026-09-11
Fran González,Sevilla,Desc,0,506331,509402,Disponible,2026-09-11
Gabriel Moscardo,Espanyol,Desc,19,4268021,4375511,Disponible,2026-09-11
Gabriel Suazo,Sevilla,Desc,19,4282429,4280684,Disponible,2026-09-11
Georges Mikautadze,Villarreal,Desc,31,59752262,61010545,Disponible,2026-09-11
Georgiy Tsitaishvili,Rayo,Desc,0,1460799,1500614,Disponible,2026-09-11
Gerard Martín,Barcelona,Desc,46,51644397,51030677,Disponible,2026-09-11
Germán Parreño,Deportivo,Desc,0,471548,473170,Disponible,2026-09-11
Germán Valera,Elche,Desc,43,14685435,14943722,Disponible,2026-09-11
Giacomo Quagliata,Deportivo,Desc,13,3561374,3478362,Disponible,2026-09-11
Giorgi Guliashvili,Racing,Desc,1,973900,996453,Disponible,2026-09-11
Giorgi Kochorashvili,Sevilla,Desc,9,7141505,7306783,Disponible,2026-09-11
Gnangoro Bouare,Rayo,Desc,11,800000,800000,Disponible,2026-09-11
Gonçalo Guedes,Real Sociedad,Desc,19,18733030,19010286,Disponible,2026-09-11
Gonzalo Villar,Elche,Desc,57,10291509,10324916,Disponible,2026-09-11
Gorka Carrera,Real Sociedad,Desc,0,544898,549576,Disponible,2026-09-11
Gorka Guruzeta,Athletic,Desc,5,9742304,10036874,Lesionado,2026-09-11
Grady Diangana,Elche,Desc,0,673108,683129,Disponible,2026-09-11
Grégoire Swiderski,Alavés,Desc,0,474900,476662,Disponible,2026-09-11
Hamza Abdelkarim,Barcelona,Desc,2,3237224,3301319,Disponible,2026-09-11
Héctor Bellerín,Betis,Desc,28,16596525,16251039,Disponible,2026-09-11
Héctor Fort,Real Sociedad,Desc,3,3420612,3399214,Disponible,2026-09-11
Hugo Burcio,Celta,Desc,0,602257,602257,Disponible,2026-09-11
Hugo Duro,Valencia,Desc,6,5561382,5677257,Disponible,2026-09-11
Hugo González,Celta,Desc,27,988535,951880,Disponible,2026-09-11
Hugo Novoa,Alavés,Desc,0,585031,591382,Disponible,2026-09-11
Hugo Pérez,Racing,Desc,0,806211,821777,Disponible,2026-09-11
Hugo Rincón,Athletic,Desc,4,1744423,1791110,Disponible,2026-09-11
Hugo Sotelo,Levante,Desc,9,933653,949728,Disponible,2026-09-11
Iago Aspas,Celta,Desc,21,6559713,6475834,Disponible,2026-09-11
Ibai Aguirre,R. Sociedad B,Desc,0,602257,602257,Disponible,2026-09-11
Ibrahima Konaté,Real Madrid,Desc,18,43903987,44603812,Disponible,2026-09-11
Ifeanyi Ndukwe,Levante,Desc,0,1686344,1736278,Disponible,2026-09-11
Igor Galdin,Levante,Desc,0,501315,504177,Disponible,2026-09-11
Igor Zubeldia,Real Sociedad,Desc,36,10100982,9858334,Disponible,2026-09-11
Iker Córdoba,Valencia,Desc,-2,900000,900000,Disponible,2026-09-11
Iker Losada,Betis,Desc,0,1265878,1300597,Disponible,2026-09-11
Iker Monreal,Athletic,Desc,0,602257,602257,Disponible,2026-09-11
Iker Muñoz,Sevilla,Desc,24,474294,476031,Disponible,2026-09-11
Iker Muñoz,Osasuna,Desc,24,1888794,1844528,Disponible,2026-09-11
Iker Muñoz,Sevilla,Desc,0,474294,476031,Disponible,2026-09-11
Iker Muñoz,Osasuna,Desc,0,1888794,1844528,Disponible,2026-09-11
Ilaix Moriba,Celta,Desc,32,6701105,6633902,Disponible,2026-09-11
Ilias Akhomach,Villarreal,Desc,3,2809366,2875357,Disponible,2026-09-11
Iñigo Arguibide,Osasuna,Desc,32,3204813,3036890,Disponible,2026-09-11
Íñigo Sainz-Maza,Racing,Desc,0,525645,529521,Disponible,2026-09-11
Iñigo Vicente,Racing,Desc,53,29386613,29100356,Disponible,2026-09-11
Ionut Radu,Celta,Desc,57,38444802,37997072,Disponible,2026-09-11
Isaac Romero,Sevilla,Desc,13,6032751,6138423,Disponible,2026-09-11
Iván Alonso,Rayo,Desc,0,461113,462300,Disponible,2026-09-11
Iván Azón,Getafe,Desc,0,4712101,4845684,Disponible,2026-09-11
Iván Balliu,Rayo,Desc,2,666124,675854,Duda,2026-09-11
Iván Martín,Racing,Desc,37,8241909,8280330,Disponible,2026-09-11
Iván Romero,Levante,Desc,26,5657881,5662971,Disponible,2026-09-11
Iván Villar,Celta,Desc,0,604246,611397,Disponible,2026-09-11
Izan Merino,Málaga,Desc,21,4155943,4230774,Disponible,2026-09-11
Jan Oblak,Atlético,Desc,27,46949101,47319915,Disponible,2026-09-11
Jaume Durá,Valencia,Desc,0,700000,700000,Disponible,2026-09-11
Javi Galán,Celta,Desc,20,8806726,8932984,Disponible,2026-09-11
Javi Guerra,Valencia,Desc,28,20627559,21019195,Disponible,2026-09-11
Javi Morcillo,Elche,Desc,15,688903,682708,Disponible,2026-09-11
Javi Navarro,Real Madrid,Desc,0,702622,702622,Disponible,2026-09-11
Javi Rodríguez,Celta,Desc,16,9536184,9708482,Disponible,2026-09-11
Javi Rueda,Celta,Desc,32,3808440,3737291,Disponible,2026-09-11
Javier Hernández,Espanyol,Desc,35,14531351,14389392,Disponible,2026-09-11
Jean Ives Valou,Getafe,Desc,-5,474294,476031,Disponible,2026-09-11
Jeanuël Belocian,Racing,Desc,6,3017041,3048626,Disponible,2026-09-11
Jeremy Toljan,Levante,Desc,7,2302500,2350446,Disponible,2026-09-11
Jesús Areso,Athletic,Desc,32,3718521,3508415,Disponible,2026-09-11
Jesús Vázquez,Valencia,Desc,19,1849188,1866208,Disponible,2026-09-11
Jiri Letácek,Getafe,Desc,0,507018,510118,Disponible,2026-09-11
Joan Garcia,Barcelona,Desc,44,73614582,73403865,Disponible,2026-09-11
Joao Cancelo,Barcelona,Desc,3,32399009,33173703,Disponible,2026-09-11
Job Ochieng,Real Sociedad,Desc,33,860244,742225,Disponible,2026-09-11
Johan Mojica,Getafe,Desc,38,15823480,15847566,Disponible,2026-09-11
Johnny Cardoso,Atlético,Desc,5,3035750,3101475,Disponible,2026-09-11
Jon Ander Olasagasti,Levante,Desc,66,8004043,7684225,Disponible,2026-09-11
Jon Aramburu,Real Sociedad,Desc,44,18438679,18354381,Disponible,2026-09-11
Jon Gorrotxategi,Real Sociedad,Desc,4,3108615,3173191,Disponible,2026-09-11
Jon Guridi,Sevilla,Desc,28,7067347,6941947,Disponible,2026-09-11
Jon Martín,Real Sociedad,Desc,19,25885310,26454152,Disponible,2026-09-11
Jon Moncayola,Osasuna,Desc,38,7600959,7589547,Disponible,2026-09-11
Jon Pacheco,Real Sociedad,Desc,3,2033024,2082171,Disponible,2026-09-11
Jonathan Asp Jensen,Deportivo,Desc,16,4565331,4672146,Duda,2026-09-11
Jonathan David,Atlético,Desc,0,33258307,34190118,Disponible,2026-09-11
Jonathan Dubasin,Osasuna,Desc,13,7900729,8090728,Disponible,2026-09-11
Jones El-Abdellaoui,Celta,Desc,12,927033,939569,Disponible,2026-09-11
Jordi Pesquer,Barcelona,Desc,0,600000,600000,Disponible,2026-09-11
Jorge Cabello,Levante,Desc,0,549545,554417,Disponible,2026-09-11
Jorge Castellanos,Racing,Desc,0,501201,504059,Disponible,2026-09-11
Jorge Castillo,Atlético,Desc,0,1000000,1000000,Disponible,2026-09-11
Jorge Cestero,Real Madrid,Desc,0,498734,501489,Disponible,2026-09-11
Jorge Herrando,Osasuna,Desc,24,1706778,1752297,Lesionado,2026-09-11
Jorge Salinas,Racing,Desc,44,6937270,6925767,Disponible,2026-09-11
José Ángel Carmona,Sevilla,Desc,2,2312863,2365315,Disponible,2026-09-11
José Gayà,Valencia,Desc,9,7904353,8076837,Disponible,2026-09-11
José María Giménez,Deportivo,Desc,6,6607629,6134854,Disponible,2026-09-11
José Salinas,Málaga,Desc,9,775313,753198,Disponible,2026-09-11
Joseph Otu,Málaga,Desc,0,699392,710508,Disponible,2026-09-11
Jozhua Vertrouwd,Rayo,Desc,-1,710218,721785,Lesionado,2026-09-11
Juan Berrocal,Málaga,Desc,0,850354,867760,Disponible,2026-09-11
Juan Carlos Arana,Racing,Desc,-1,537974,542364,Disponible,2026-09-11
Juan Cruz,Málaga,Desc,13,8162517,8365180,Disponible,2026-09-11
Juan Foyth,Villarreal,Desc,28,15362159,15812739,Duda,2026-09-11
Juan Iglesias,Sevilla,Desc,37,11498925,11426312,Disponible,2026-09-11
Juan Musso,Atlético,Desc,0,2358440,2414581,Disponible,2026-09-11
Juani,Málaga,Desc,0,1000000,1000000,Disponible,2026-09-11
Jude Bellingham,Real Madrid,Desc,88,118511637,118409955,Disponible,2026-09-11
Julen Agirrezabala,Racing,Desc,49,14825119,14110775,Disponible,2026-09-11
Julen Lobete,Málaga,Desc,0,534147,538377,Lesionado,2026-09-11
Jules Koundé,Barcelona,Desc,14,29274733,29428167,Disponible,2026-09-11
Julio Díaz,Sevilla,Desc,-2,425862,425581,Disponible,2026-09-11
Karim Adeyemi,Barcelona,Desc,25,49118751,49628025,Disponible,2026-09-11
Karl Etta Eyong,Levante,Desc,10,15189360,15660982,Lesionado,2026-09-11
Kevin Sánchez,Deportivo,Desc,0,586712,593133,Disponible,2026-09-11
Kike Barja,Osasuna,Desc,18,1665026,1689467,Disponible,2026-09-11
Kike Ribes,Celta Fortuna,Desc,0,600000,600000,Disponible,2026-09-11
Kike Salas,Sevilla,Desc,19,8004329,7973480,Disponible,2026-09-11
Kiko Femenia,Getafe,Desc,2,2373494,2446479,Lesionado,2026-09-11
Kylian Mbappé,Real Madrid,Desc,91,140160498,140186146,Disponible,2026-09-11
Lamine Yamal,Barcelona,Desc,92,135497853,134511845,Disponible,2026-09-11
Leandro Cabrera,Espanyol,Desc,1,9907415,9912475,Disponible,2026-09-11
Leo Román,Deportivo,Desc,29,37366521,37537339,Disponible,2026-09-11
Logan Costa,Villarreal,Desc,-2,710502,722081,Disponible,2026-09-11
Lorenzo Amatucci,Deportivo,Desc,49,17736598,17582299,Disponible,2026-09-11
Lucas Boyé,Alavés,Desc,64,21921304,20615225,Disponible,2026-09-11
Lucas Cepeda,Elche,Desc,24,1016621,987696,Disponible,2026-09-11
Lucas Noubi,Deportivo,Desc,28,14720564,14515505,Disponible,2026-09-11
Lucas Stassin,Sevilla,Desc,13,21245268,21541017,Disponible,2026-09-11
Lucas Torró,Osasuna,Desc,13,1671904,1698734,Disponible,2026-09-11
Lucien Agoume,Sevilla,Desc,52,8254456,7958536,Disponible,2026-09-11
Luis Rioja,Valencia,Desc,9,6217246,6399781,Lesionado,2026-09-11
Luiz Junior,Villarreal,Desc,8,28781681,29237541,Disponible,2026-09-11
Luken Beitia,Real Sociedad,Desc,-6,452573,453405,Disponible,2026-09-11
Manel Usedo,Levante,Desc,0,541288,545816,Disponible,2026-09-11
Manu Bueno,Sevilla,Desc,5,547830,552631,Disponible,2026-09-11
Manu González,Betis,Desc,0,581691,581691,Disponible,2026-09-11
Manu Hernando,Racing,Desc,22,2684110,2702681,Disponible,2026-09-11
Manu Sánchez,Levante,Desc,55,5234156,5147676,Disponible,2026-09-11
Manuel Ángel Castillo,Sevilla,Desc,0,900000,900000,Disponible,2026-09-11
Marc Aguado,Elche,Desc,26,4566689,4654500,Disponible,2026-09-11
Marc Bartra,Betis,Desc,62,36071219,35542044,Disponible,2026-09-11
Marc Bernal,Barcelona,Desc,46,19425521,18543147,Disponible,2026-09-11
Marc Casadó,Deportivo,Desc,2,4138152,3830713,Disponible,2026-09-11
Marc Cucurella,Real Madrid,Desc,29,60942460,61747237,Disponible,2026-09-11
Marc Roca,Betis,Desc,37,11276009,10821788,Disponible,2026-09-11
Marc Santos,Levante,Desc,3,581378,587576,Disponible,2026-09-11
Marco Román,Rayo,Desc,0,541288,545816,Disponible,2026-09-11
Marcos Navarro,Valencia,Desc,0,501909,501909,Disponible,2026-09-11
Mario Martín,Getafe,Desc,17,2839553,2851128,Disponible,2026-09-11
Mario Rivas,Real Madrid,Desc,0,700000,700000,Disponible,2026-09-11
Marko Dmitrovic,Espanyol,Desc,49,40076367,39973965,Disponible,2026-09-11
Maroan Sannadi,Athletic,Desc,1,420122,419601,Disponible,2026-09-11
Martim Neto,Elche,Desc,9,1139873,1169046,Disponible,2026-09-11
Martín Satriano,Getafe,Desc,27,20052435,19928039,Disponible,2026-09-11
Mathew Ryan,Levante,Desc,68,25878505,25017548,Disponible,2026-09-11
Matia Barzic,Elche,Desc,0,545284,549979,Disponible,2026-09-11
Matías Dituro,Elche,Desc,2,9119130,9083981,Disponible,2026-09-11
Matteo Prati,Racing,Desc,8,3373500,3452568,Disponible,2026-09-11
Mauro Echegoyen,Osasuna,Desc,0,483300,485412,Disponible,2026-09-11
Miguel Cubo,Atlético,Desc,0,485385,487584,Disponible,2026-09-11
Miguel Loureiro,Deportivo,Desc,12,2145566,2183008,Disponible,2026-09-11
Miguel Román,Celta,Desc,43,10191421,9854002,Disponible,2026-09-11
Miguel Sierra,Sevilla,Desc,38,4160545,3891773,Disponible,2026-09-11
Mikel Jauregizar,Athletic,Desc,16,16067529,16490043,Disponible,2026-09-11
Mikel Oyarzabal,Real Sociedad,Desc,39,57981763,58579454,Disponible,2026-09-11
Mikel Rodriguez,Alavés,Desc,39,2429669,2497464,Lesionado,2026-09-11
Moi Gómez,Osasuna,Desc,37,3772487,3811272,Lesionado,2026-09-11
Morten Hjulmand,Atlético,Desc,41,23591729,24028294,Disponible,2026-09-11
Mouctar Diakhaby,Valencia,Desc,12,3766082,3874784,Lesionado,2026-09-11
Nacho Pérez,Levante,Desc,48,1910458,1828568,Disponible,2026-09-11
Nahuel Tenaglia,Alavés,Desc,62,33234708,32897300,Disponible,2026-09-11
Natan,Betis,Desc,28,30947941,31253641,Disponible,2026-09-11
Nathan-Dylan Saliba,Villarreal,Desc,22,6620328,6529426,Disponible,2026-09-11
Nelson Deossa,Betis,Desc,27,2684459,2650464,Disponible,2026-09-11
Nemanja Gudelj,Getafe,Desc,2,6435034,6434102,Disponible,2026-09-11
Nico Guillén,Sevilla,Desc,14,2413717,2484288,Disponible,2026-09-11
Nicolas Pépé,Villarreal,Desc,60,65085426,65271776,Disponible,2026-09-11
Nicolás Valentini,Alavés,Desc,-3,690610,701360,Disponible,2026-09-11
Odysseas Vlachodimos,Sevilla,Desc,31,28178656,27977227,Disponible,2026-09-11
Oihan Sancet,Athletic,Desc,49,40721511,39618930,Disponible,2026-09-11
Omar El Hilali,Espanyol,Desc,32,13611120,13372608,Disponible,2026-09-11
Orel Mangala,Getafe,Desc,29,12160367,12164646,Disponible,2026-09-11
Oriol Rey,Levante,Desc,32,1768615,1676407,Disponible,2026-09-11
Orri Steinn Óskarsson,Real Sociedad,Desc,22,7587178,7636914,Disponible,2026-09-11
Óscar López,Getafe,Desc,0,700000,700000,Disponible,2026-09-11
Óscar Valentín,Rayo,Desc,29,3695441,3739071,Disponible,2026-09-11
Pablo Barrios,Atlético,Desc,49,55611382,55544882,Disponible,2026-09-11
Pablo Durán,Celta,Desc,10,705543,702090,Disponible,2026-09-11
Pablo Fornals,Betis,Desc,35,49662845,50388726,Disponible,2026-09-11
Pablo García,Deportivo,Desc,35,468964,468964,Disponible,2026-09-11
Pablo García,Racing,Desc,35,5439957,5023263,Disponible,2026-09-11
Pablo Gavi,Barcelona,Desc,2,17562637,17951395,Disponible,2026-09-11
Pablo Ibáñez,Alavés,Desc,45,9135826,8631192,Disponible,2026-09-11
Pablo Maffeo,Valencia,Desc,11,7116724,7275000,Disponible,2026-09-11
Pablo Martínez,Málaga,Desc,10,4792500,4894102,Disponible,2026-09-11
Pablo Ramón,Racing,Desc,35,1670965,1629949,Disponible,2026-09-11
Paco Cortés,Levante,Desc,7,548757,553596,Disponible,2026-09-11
Pape Gueye,Villarreal,Desc,50,37668329,38434866,Disponible,2026-09-11
Pau Cubarsí,Barcelona,Desc,28,66287294,66553864,Disponible,2026-09-11
Pau Navarro,Villarreal,Desc,0,4548361,4657474,Disponible,2026-09-11
Pedro Bigas,Elche,Desc,-10,2594912,2649484,Disponible,2026-09-11
Pedro Díaz,Rayo,Desc,17,1172084,1183631,Disponible,2026-09-11
Pedro Felipe,Racing,Desc,1,1245477,1276588,Disponible,2026-09-11
Peio Canales,Athletic,Desc,28,8000123,8238342,Lesionado,2026-09-11
Pepelu,Valencia,Desc,39,9523747,9551294,Disponible,2026-09-11
Peque,Sevilla,Desc,21,2710902,2753061,Disponible,2026-09-11
Pere Milla,Espanyol,Desc,0,4988600,5123805,Disponible,2026-09-11
Petar Ratkov,Levante,Desc,0,3495464,3598999,Disponible,2026-09-11
Pierre-Emerick Aubameyang,Deportivo,Desc,79,86646997,84475054,Disponible,2026-09-11
Pol Lozano,Espanyol,Desc,3,1213425,1244125,Disponible,2026-09-11
Quilindschy Hartman,Espanyol,Desc,-1,4046136,4156650,Disponible,2026-09-11
Rafa Rodríguez,Málaga,Desc,10,3029107,3115226,Disponible,2026-09-11
Rafel Bauzà,Espanyol,Desc,13,581378,587576,Disponible,2026-09-11
Ramón Enríquez,Málaga,Desc,-2,550272,555174,Disponible,2026-09-11
Ramón Terrats,Getafe,Desc,44,7355731,7204008,Disponible,2026-09-11
Randy Nteka,Rayo,Desc,10,1094769,1120844,Lesionado,2026-09-11
Raphinha,Barcelona,Desc,93,134359700,133456041,Disponible,2026-09-11
Raúl García,Osasuna,Desc,16,1576356,1579985,Disponible,2026-09-11
Raúl Jiménez,Valencia,Desc,0,1561503,0,Disponible,2026-09-11
Raul Moro,Osasuna,Desc,4,9343202,9556801,Disponible,2026-09-11
Renato Veiga,Villarreal,Desc,12,24454969,24878926,Disponible,2026-09-11
Robbie Ure,Sevilla,Desc,10,12379057,12470401,Disponible,2026-09-11
Robert Navarro,Athletic,Desc,42,4972019,4436639,Disponible,2026-09-11
Robin Le Normand,Atlético,Desc,15,10160974,10352251,Disponible,2026-09-11
Rockson Yeboah,Osasuna,Desc,-4,955133,976905,Disponible,2026-09-11
Rodrigo Gamón,Valencia,Desc,0,800000,800000,Disponible,2026-09-11
Rodrigo Mendoza,Atlético,Desc,23,1064995,1080378,Disponible,2026-09-11
Rodrigo Riquelme,Betis,Desc,54,15400483,14888367,Disponible,2026-09-11
Roger Hinojo,Espanyol,Desc,30,4811069,4826633,Disponible,2026-09-11
Romain Del Castillo,Osasuna,Desc,0,11454427,11785646,Disponible,2026-09-11
Roy Revivo,Elche,Desc,2,4193983,4318019,Disponible,2026-09-11
Rubén Gómez,Villarreal,Desc,0,462613,463863,Disponible,2026-09-11
Rubén Sánchez,Elche,Desc,0,424599,424265,Disponible,2026-09-11
Rubén Vargas,Sevilla,Desc,2,12103633,12489822,Lesionado,2026-09-11
Ryunosuke Sato,Valencia,Desc,20,8299260,8522113,Disponible,2026-09-11
Saba Sazonov,Getafe,Desc,7,817011,832948,Disponible,2026-09-11
Salvi Esquivel,Atlético,Desc,0,544464,549124,Disponible,2026-09-11
Santi Comesaña,Villarreal,Desc,19,19119034,19644054,Disponible,2026-09-11
Santiago Mouriño,Villarreal,Desc,17,20846762,21408940,Disponible,2026-09-11
Sebastián Boselli,Getafe,Desc,-3,1296774,1323535,Disponible,2026-09-11
Sebastián Cáceres,Celta,Desc,0,5500000,5500000,Disponible,2026-09-11
Selu Diallo,Alavés,Desc,0,612628,620128,Disponible,2026-09-11
Sergio Camello,Rayo,Desc,72,11304173,10387134,Disponible,2026-09-11
Sergio Canales,Racing,Desc,52,27167572,26882440,Disponible,2026-09-11
Sergio Carreira,Celta,Desc,17,6737554,6635200,Disponible,2026-09-11
Sergio Gómez,Real Sociedad,Desc,34,15630351,15517497,Disponible,2026-09-11
Sergio Herrera,Osasuna,Desc,18,35554975,35678589,Disponible,2026-09-11
Sergio José Lozano,Rayo,Desc,0,501201,504059,Disponible,2026-09-11
Sergio Martínez,Real Madrid,Desc,28,1618920,1646128,Disponible,2026-09-11
Sergio Mestre,Real Madrid,Desc,0,677860,677860,Disponible,2026-09-11
Simon Eriksson,Racing,Desc,0,1470473,1508194,Duda,2026-09-11
Stole Dimitrievski,Valencia,Desc,34,20478759,20601525,Disponible,2026-09-11
Takefusa Kubo,Real Sociedad,Desc,22,22681399,23116241,Disponible,2026-09-11
Tani Oluwaseyi,Villarreal,Desc,0,1409473,1445580,Disponible,2026-09-11
Tete Morente,Elche,Desc,28,1802080,1701253,Disponible,2026-09-11
Teun Gijselhart,Deportivo,Desc,3,1391098,1427253,Disponible,2026-09-11
Theo Folgado,Real Sociedad,Desc,0,702606,702606,Disponible,2026-09-11
Thibaut Courtois,Real Madrid,Desc,29,62052942,62425997,Disponible,2026-09-11
Thomas Lemar,Elche,Desc,14,3681739,3542701,Disponible,2026-09-11
Toni Martinez,Alavés,Desc,19,19782817,20304063,Disponible,2026-09-11
Trent Alexander-Arnold,Real Madrid,Desc,30,22227616,22261025,Disponible,2026-09-11
Tyrhys Dolan,Espanyol,Desc,22,14815748,14629662,Disponible,2026-09-11
Umar Sadiq,Valencia,Desc,19,3798331,3915183,Lesionado,2026-09-11
Unai López,Rayo,Desc,57,12541476,12014200,Disponible,2026-09-11
Unai Marrero,Real Sociedad,Desc,23,772546,743810,Disponible,2026-09-11
Unai Santos,Osasuna,Desc,0,502476,505387,Disponible,2026-09-11
Unai Simón,Athletic,Desc,64,48774442,48254620,Disponible,2026-09-11
Valentín Gómez,Betis,Desc,23,1727672,1743114,Disponible,2026-09-11
Vanja Drkusic,Espanyol,Desc,11,2116709,2170814,Disponible,2026-09-11
Víctor Chust,Elche,Desc,5,4651684,4650446,Disponible,2026-09-11
Víctor García,Levante,Desc,3,1082446,1108773,Disponible,2026-09-11
Ville Koski,Alavés,Desc,36,8093744,7656782,Disponible,2026-09-11
Williot Swedberg,Celta,Desc,31,5007196,5074968,Disponible,2026-09-11
Wojciech Szczesny,Barcelona,Desc,0,1322342,1345863,Disponible,2026-09-11
Xanet Oláiz,Alavés,Desc,2,474551,476298,Disponible,2026-09-11
Xavi Espart,Barcelona,Desc,63,17408470,15669548,Disponible,2026-09-11
Yangel Herrera,Real Sociedad,Desc,42,4220236,3990414,Disponible,2026-09-11
Yanis Musuayi,Levante,Desc,0,1346976,1382170,Disponible,2026-09-11
Yassir Zabiri,Racing,Desc,36,8657031,8401165,Disponible,2026-09-11
Yoel Lago,Celta,Desc,41,3328512,3033326,Disponible,2026-09-11
Youssouf Fofana,Sevilla,Desc,1,14141460,14343742,Disponible,2026-09-11
Zaid Romero,Getafe,Desc,27,28662117,29504964,Disponible,2026-09-11
Zakaria Eddahchouri,Deportivo,Desc,13,1023465,1034420,Disponible,2026-09-11
Llorenç Serred,Espanyol,Desc,0,460757,461113,Disponible,2026-09-12
Aaron Ndive Mayol,Valencia,Desc,0,700000,700000,Disponible,2026-09-12
Abde Rebbach,Alavés,Desc,28,5148609,5186641,Disponible,2026-09-12
Abdel Abqar,Getafe,Desc,6,4472881,4610130,Lesionado,2026-09-12
Abdoulaye Faye,Celta,Desc,3,2202180,2260969,Disponible,2026-09-12
Abel Bretones,Osasuna,Desc,25,9579727,9471845,Disponible,2026-09-12
Abiel Osorio,Elche,Desc,5,754285,766872,Disponible,2026-09-12
Adam Aznou,Málaga,Desc,0,1017279,0,Disponible,2026-09-12
Adama Timera,Espanyol,Desc,0,499241,501201,Disponible,2026-09-12
Ademola Lookman,Atlético,Desc,25,52714252,53642357,Disponible,2026-09-12
Adrià Altimira,Deportivo,Desc,14,4863722,4936708,Disponible,2026-09-12
Adrià Pedrosa,Rayo,Desc,0,2612179,2664986,Disponible,2026-09-12
Adrián Molina,Rayo,Desc,0,529327,532540,Disponible,2026-09-12
Aimar Blázquez,Valencia,Desc,0,581656,581656,Disponible,2026-09-12
Aimar Oroz,Osasuna,Desc,17,10178169,10480925,Lesionado,2026-09-12
Aissa Mandi,Levante,Desc,46,12421906,12083574,Disponible,2026-09-12
Aitor Fraga,Real Sociedad,Desc,0,602234,602234,Disponible,2026-09-12
Aitor Mañas,Alavés,Desc,7,452006,451998,Disponible,2026-09-12
Aitor Paredes,Athletic,Desc,42,12320897,12000435,Disponible,2026-09-12
Alassane Diatta,Villarreal,Desc,0,457029,457230,Disponible,2026-09-12
Alberto Calatrava,Levante,Desc,0,614694,621464,Disponible,2026-09-12
Alberto Moleiro,Villarreal,Desc,38,42909686,43609133,Disponible,2026-09-12
Alberto Risco,Getafe,Desc,3,506712,508983,Disponible,2026-09-12
Aleix Febas,Celta,Desc,19,16537438,16988839,Duda,2026-09-12
Alejandro Balde,Barcelona,Desc,0,13386149,13764273,Disponible,2026-09-12
Alejandro Catena,Osasuna,Desc,32,36481362,36745518,Disponible,2026-09-12
Alejandro Iturbe,Elche,Desc,0,550905,555018,Disponible,2026-09-12
Alejandro Panach,Valencia,Desc,0,501909,501909,Disponible,2026-09-12
Alejandro Rego,Athletic,Desc,0,2308226,2374011,Disponible,2026-09-12
Alemão,Rayo,Desc,11,1794078,1832408,Disponible,2026-09-12
Álex Baena,Atlético,Desc,65,67128884,67538487,Disponible,2026-09-12
Álex Berenguer,Athletic,Desc,45,10115377,10020333,Disponible,2026-09-12
Álex Calatrava,Espanyol,Desc,39,6660207,6666823,Disponible,2026-09-12
Alex Freeman,Villarreal,Desc,11,1404348,1415980,Disponible,2026-09-12
Álex Grimaldo,Atlético,Desc,22,32078336,32700870,Disponible,2026-09-12
Alex Lebarbier,Real Sociedad,Desc,0,602234,602234,Disponible,2026-09-12
Alex Marchal,Real Sociedad,Desc,11,602234,602234,Disponible,2026-09-12
Alex Padilla,Athletic,Desc,0,823035,838486,Disponible,2026-09-12
Álex Pastor,Málaga,Desc,0,398846,396623,Disponible,2026-09-12
Álex Remiro,Real Sociedad,Desc,49,38699535,38929142,Disponible,2026-09-12
Alexis Ciria,Real Madrid,Desc,0,636989,644688,Disponible,2026-09-12
Alfonso Herrero,Málaga,Desc,39,14453532,13982859,Disponible,2026-09-12
Aliou Dieng,Valencia,Desc,10,2210530,2244952,Disponible,2026-09-12
Altay Bayindir,Celta,Desc,0,1229524,1257171,Disponible,2026-09-12
Álvaro Djaló,Athletic,Desc,2,619716,626696,Disponible,2026-09-12
Álvaro Fidalgo,Betis,Desc,3,1400588,1428835,Disponible,2026-09-12
Álvaro García,Rayo,Desc,35,18652848,18816368,Disponible,2026-09-12
Álvaro Mantilla,Racing,Desc,20,1823650,1843861,Disponible,2026-09-12
Álvaro Padilla,Elche,Desc,0,681613,691172,Disponible,2026-09-12
Álvaro Valles,Betis,Desc,73,49804920,49172705,Disponible,2026-09-12
Ander Barrenetxea,Real Sociedad,Desc,22,21364041,21725618,Disponible,2026-09-12
Ander Guevara,Alavés,Desc,0,646832,654941,Disponible,2026-09-12
André Almeida,Racing,Desc,4,1428311,1437956,Disponible,2026-09-12
Andrei Ratiu,Rayo,Desc,25,25646066,25880871,Disponible,2026-09-12
Andrés Antañón,Celta,Desc,3,581700,581700,Disponible,2026-09-12
Andrés Castrín,Sevilla,Desc,8,3862840,3827024,Disponible,2026-09-12
Andrés García,Getafe,Desc,34,8366476,8202469,Disponible,2026-09-12
Andrés Martín,Racing,Desc,30,14454061,14891497,Lesionado,2026-09-12
Andrés Vallecillo,Racing,Desc,0,498529,500459,Disponible,2026-09-12
Andriy Lunin,Real Madrid,Desc,0,1340391,1354670,Disponible,2026-09-12
Ángel Fortuño,Espanyol,Desc,0,452584,452600,Disponible,2026-09-12
Ángel Ortiz,Betis,Desc,15,1091426,1109935,Disponible,2026-09-12
Ángel Pérez,Alavés,Desc,54,16548727,15615255,Disponible,2026-09-12
Angel Recio,Málaga,Desc,21,1651722,1540790,Disponible,2026-09-12
Angeliño,Deportivo,Desc,0,9111180,9327274,Disponible,2026-09-12
Ante Budimir,Osasuna,Desc,76,61532031,60412963,Disponible,2026-09-12
Anthony Gordon,Barcelona,Desc,45,87058757,86478125,Disponible,2026-09-12
Antonio Blanco,Alavés,Desc,40,19800286,19546753,Disponible,2026-09-12
Antonio Rüdiger,Real Madrid,Desc,12,21324474,21668944,Disponible,2026-09-12
Antonio Sivera,Alavés,Desc,56,43355304,43259600,Disponible,2026-09-12
Antony,Betis,Desc,46,59629179,60252350,Disponible,2026-09-12
Arda Güler,Real Madrid,Desc,69,86469193,85901896,Disponible,2026-09-12
Arnau Comas,Deportivo,Desc,0,508665,511018,Disponible,2026-09-12
Arnau Ortiz,Atlético,Desc,12,935788,947502,Disponible,2026-09-12
Arnaut Danjuma,Valencia,Desc,18,4625068,4654198,Disponible,2026-09-12
Arouna Sangante,Sevilla,Desc,18,9253842,9526346,Duda,2026-09-12
Arsen Zakharyan,Real Sociedad,Desc,2,614420,621179,Disponible,2026-09-12
Asier Bonel,Osasuna,Desc,0,600000,600000,Disponible,2026-09-12
Asier Osambela,Osasuna,Desc,8,454304,454391,Disponible,2026-09-12
Asier Villalibre,Racing,Desc,10,4388964,4498045,Disponible,2026-09-12
Augusto Batalla,Rayo,Desc,21,19843351,20425967,Lesionado,2026-09-12
Axel Tape,Levante,Desc,0,2165779,2225862,Disponible,2026-09-12
Aymeric Laporte,Athletic,Desc,31,42284073,41842066,Disponible,2026-09-12
Beñat Gerenabarrena,Athletic,Desc,44,3018475,2787904,Disponible,2026-09-12
Beñat Prados,Athletic,Desc,0,772320,785658,Disponible,2026-09-12
Beñat Turrientes,Real Sociedad,Desc,43,6504234,6342601,Disponible,2026-09-12
Bernardo Silva,Real Madrid,Desc,24,45031981,45759645,Disponible,2026-09-12
Bil Nsongo,Deportivo,Desc,22,7468248,7314643,Disponible,2026-09-12
Borja Iglesias,Celta,Desc,0,14810671,15107994,Disponible,2026-09-12
Borja Mayoral,Getafe,Desc,1,1596600,1633447,Disponible,2026-09-12
Boyomo,Osasuna,Desc,14,16861466,17243243,Disponible,2026-09-12
Brian Fariñas,Barcelona,Desc,0,657008,665541,Disponible,2026-09-12
Bright Ede,Deportivo,Desc,19,4300704,4292970,Disponible,2026-09-12
Buba Sangaré,Elche,Desc,10,3729786,3761825,Disponible,2026-09-12
Carl Starfelt,Celta,Desc,29,10489573,10243891,Disponible,2026-09-12
Carles Aleñá,Alavés,Desc,21,2951099,2884552,Disponible,2026-09-12
Carlos Dotor,Málaga,Desc,41,4971855,4886812,Disponible,2026-09-12
Carlos Espí,Real Madrid,Desc,16,14231818,14247447,Disponible,2026-09-12
Carlos López,Málaga,Desc,0,401978,399885,Disponible,2026-09-12
Carlos Macià,Villarreal,Desc,11,663935,672283,Disponible,2026-09-12
Carlos Puga,Málaga,Desc,11,4017367,4085910,Disponible,2026-09-12
Carlos Romero,Villarreal,Desc,15,25297173,26033337,Duda,2026-09-12
Carlos Soler,Real Sociedad,Desc,41,30857364,30560383,Disponible,2026-09-12
César Tárrega,Valencia,Desc,30,10031999,10114708,Duda,2026-09-12
Cheikh Thiam,Villarreal,Desc,0,616334,623173,Disponible,2026-09-12
Chidera Ejuke,Sevilla,Desc,27,5686926,5478592,Disponible,2026-09-12
Chupete,Málaga,Desc,27,29136650,29764004,Disponible,2026-09-12
Clemens Riedel,Espanyol,Desc,13,5214142,5287851,Disponible,2026-09-12
Coke Carrillo,Celta,Desc,0,1567556,0,Disponible,2026-09-12
Couhaib Driouech,Celta,Desc,11,3103808,3161682,Disponible,2026-09-12
Cristian Rivero,Valencia,Desc,0,436383,435724,Disponible,2026-09-12
Cristian Romero,Atlético,Desc,0,31520212,31915966,Disponible,2026-09-12
Dakonam Djené,Getafe,Desc,12,15874244,15782669,Disponible,2026-09-12
Dani Cárdenas,Rayo,Desc,13,1381515,1349005,Disponible,2026-09-12
Dani Lorenzo,Málaga,Desc,27,11511835,11335345,Disponible,2026-09-12
Dani Martínez,Atlético,Desc,12,524304,527308,Disponible,2026-09-12
Dani Olmo,Barcelona,Desc,31,48031503,47908101,Disponible,2026-09-12
Dani Requena,Levante,Desc,2,1020226,1043894,Disponible,2026-09-12
Daniel Raba,Valencia,Desc,2,822106,837519,Disponible,2026-09-12
David Hancko,Atlético,Desc,33,38880433,39492462,Disponible,2026-09-12
David Larrubia,Málaga,Desc,51,29047861,29599886,Disponible,2026-09-12
David Mella,Deportivo,Desc,5,2085779,2134333,Disponible,2026-09-12
David Otorbi,Valencia,Desc,8,602292,602292,Disponible,2026-09-12
David Soria,Getafe,Desc,42,35870313,35705411,Disponible,2026-09-12
Davinchi,Getafe,Desc,8,1647697,1689169,Disponible,2026-09-12
Dean Huijsen,Real Madrid,Desc,42,57089066,56659348,Disponible,2026-09-12
Denis Suárez,Alavés,Desc,20,2522849,2526660,Disponible,2026-09-12
Denzel Dumfries,Real Madrid,Desc,21,35423199,35903467,Disponible,2026-09-12
Diego Ferrer,Getafe,Desc,0,508514,510860,Disponible,2026-09-12
Diego Rico,Osasuna,Desc,0,2598905,2665075,Disponible,2026-09-12
Diego Villares,Deportivo,Desc,8,1336432,1365177,Disponible,2026-09-12
Dimitri Foulquier,Valencia,Desc,0,1060401,1085743,Lesionado,2026-09-12
Dominik Livakovic,Barcelona,Desc,0,2683751,2742210,Disponible,2026-09-12
Eder Aller,Barcelona,Desc,0,702705,702705,Disponible,2026-09-12
Edu Altozano,Sevilla,Desc,0,473410,474294,Disponible,2026-09-12
Edu Expósito,Espanyol,Desc,43,28918792,28656740,Disponible,2026-09-12
Eduardo Camavinga,Real Madrid,Desc,12,8863812,8749809,Disponible,2026-09-12
Einar Galilea,Málaga,Desc,23,5339694,5189461,Disponible,2026-09-12
Emil Audero,Rayo,Desc,0,5306629,5402183,Disponible,2026-09-12
Eneko Jauregi,Málaga,Desc,2,713120,723991,Disponible,2026-09-12
Enes Ünal,Getafe,Desc,24,18673272,18756740,Disponible,2026-09-12
Eric Garcia,Barcelona,Desc,38,48835681,49412499,Disponible,2026-09-12
Ezequiel Ponce,Elche,Desc,10,1008538,1031546,Disponible,2026-09-12
Facundo Bernal,Betis,Desc,37,13866240,13609957,Disponible,2026-09-12
Facundo Buonanotte,Elche,Desc,21,3727537,3802353,Disponible,2026-09-12
Federico Redondo,Elche,Desc,23,1110005,1129765,Disponible,2026-09-12
Federico Valverde,Real Madrid,Desc,46,68534104,69137650,Disponible,2026-09-12
Félix Correia,Sevilla,Desc,0,6046381,6168706,Disponible,2026-09-12
Ferran Jutglà,Celta,Desc,11,7515937,7491604,Disponible,2026-09-12
Filip Ugrinic,Valencia,Desc,50,3510070,3524041,Disponible,2026-09-12
Florian Lejeune,Rayo,Desc,32,22912646,23485288,Disponible,2026-09-12
Fran García,Betis,Desc,28,26706207,25873846,Disponible,2026-09-12
Fran González,Sevilla,Desc,0,504166,506331,Disponible,2026-09-12
Gabriel Moscardo,Espanyol,Desc,19,4178746,4268021,Disponible,2026-09-12
Gabriel Suazo,Sevilla,Desc,19,4304925,4282429,Disponible,2026-09-12
Georges Mikautadze,Villarreal,Desc,31,58615200,59752262,Disponible,2026-09-12
Georgiy Tsitaishvili,Rayo,Desc,0,1426077,1460799,Disponible,2026-09-12
Gerard Martín,Barcelona,Desc,46,52062418,51644397,Disponible,2026-09-12
Germán Parreño,Deportivo,Desc,0,470774,471548,Disponible,2026-09-12
Germán Valera,Elche,Desc,43,14456170,14685435,Disponible,2026-09-12
Giacomo Quagliata,Deportivo,Desc,13,3646456,3561374,Disponible,2026-09-12
Giorgi Guliashvili,Racing,Desc,1,953032,973900,Disponible,2026-09-12
Giorgi Kochorashvili,Sevilla,Desc,9,7016428,7141505,Disponible,2026-09-12
Gnangoro Bouare,Rayo,Desc,11,800000,800000,Disponible,2026-09-12
Gonçalo Guedes,Real Sociedad,Desc,19,18450410,18733030,Disponible,2026-09-12
Gonzalo Villar,Elche,Desc,57,10251466,10291509,Disponible,2026-09-12
Gorka Carrera,Real Sociedad,Desc,0,541190,544898,Disponible,2026-09-12
Gorka Guruzeta,Athletic,Desc,5,9449139,9742304,Lesionado,2026-09-12
Grady Diangana,Elche,Desc,0,664272,673108,Disponible,2026-09-12
Grégoire Swiderski,Alavés,Desc,0,473992,474900,Disponible,2026-09-12
Hamza Abdelkarim,Barcelona,Desc,2,3184787,3237224,Disponible,2026-09-12
Héctor Bellerín,Betis,Desc,28,16944675,16596525,Disponible,2026-09-12
Héctor Fort,Real Sociedad,Desc,3,3443512,3420612,Disponible,2026-09-12
Hugo Burcio,Celta,Desc,0,602257,602257,Disponible,2026-09-12
Hugo Duro,Valencia,Desc,6,5466948,5561382,Disponible,2026-09-12
Hugo González,Celta,Desc,27,1031537,988535,Disponible,2026-09-12
Hugo Novoa,Alavés,Desc,0,579718,585031,Disponible,2026-09-12
Hugo Pérez,Racing,Desc,0,792051,806211,Disponible,2026-09-12
Hugo Rincón,Athletic,Desc,4,1703590,1744423,Disponible,2026-09-12
Hugo Sotelo,Levante,Desc,9,918735,933653,Disponible,2026-09-12
Iago Aspas,Celta,Desc,21,6670613,6559713,Disponible,2026-09-12
Ibai Aguirre,R. Sociedad B,Desc,0,602257,602257,Disponible,2026-09-12
Ibrahima Konaté,Real Madrid,Desc,18,43272370,43903987,Disponible,2026-09-12
Ifeanyi Ndukwe,Levante,Desc,0,1641900,1686344,Disponible,2026-09-12
Igor Galdin,Levante,Desc,0,499351,501315,Disponible,2026-09-12
Igor Zubeldia,Real Sociedad,Desc,36,10306569,10100982,Disponible,2026-09-12
Iker Córdoba,Valencia,Desc,-2,900000,900000,Disponible,2026-09-12
Iker Losada,Betis,Desc,0,1233331,1265878,Disponible,2026-09-12
Iker Monreal,Athletic,Desc,0,602257,602257,Disponible,2026-09-12
Iker Muñoz,Sevilla,Desc,24,473410,474294,Disponible,2026-09-12
Iker Muñoz,Osasuna,Desc,24,1917913,1888794,Disponible,2026-09-12
Iker Muñoz,Sevilla,Desc,0,473410,474294,Disponible,2026-09-12
Iker Muñoz,Osasuna,Desc,0,1917913,1888794,Disponible,2026-09-12
Ilaix Moriba,Celta,Desc,32,6822387,6701105,Disponible,2026-09-12
Ilias Akhomach,Villarreal,Desc,3,2755460,2809366,Disponible,2026-09-12
Iñigo Arguibide,Osasuna,Desc,32,3367550,3204813,Disponible,2026-09-12
Íñigo Sainz-Maza,Racing,Desc,0,522707,525645,Disponible,2026-09-12
Iñigo Vicente,Racing,Desc,53,29666792,29386613,Disponible,2026-09-12
Ionut Radu,Celta,Desc,57,38901418,38444802,Disponible,2026-09-12
Isaac Romero,Sevilla,Desc,13,5954703,6032751,Disponible,2026-09-12
Iván Alonso,Rayo,Desc,0,460757,461113,Disponible,2026-09-12
Iván Azón,Getafe,Desc,0,4588592,4712101,Disponible,2026-09-12
Iván Balliu,Rayo,Desc,2,657567,666124,Duda,2026-09-12
Iván Martín,Racing,Desc,37,8231519,8241909,Disponible,2026-09-12
Iván Romero,Levante,Desc,26,5648760,5657881,Disponible,2026-09-12
Iván Villar,Celta,Desc,0,598164,604246,Disponible,2026-09-12
Izan Merino,Málaga,Desc,21,4099137,4155943,Disponible,2026-09-12
Jan Oblak,Atlético,Desc,27,46511919,46949101,Disponible,2026-09-12
Jaume Durá,Valencia,Desc,0,700000,700000,Disponible,2026-09-12
Javi Galán,Celta,Desc,20,8704389,8806726,Disponible,2026-09-12
Javi Guerra,Valencia,Desc,28,20275281,20627559,Disponible,2026-09-12
Javi Morcillo,Elche,Desc,15,698568,688903,Disponible,2026-09-12
Javi Navarro,Real Madrid,Desc,0,702622,702622,Disponible,2026-09-12
Javi Rodríguez,Celta,Desc,16,9408857,9536184,Disponible,2026-09-12
Javi Rueda,Celta,Desc,32,3888264,3808440,Disponible,2026-09-12
Javier Hernández,Espanyol,Desc,35,14678652,14531351,Disponible,2026-09-12
Jean Ives Valou,Getafe,Desc,-5,473410,474294,Disponible,2026-09-12
Jeanuël Belocian,Racing,Desc,6,2988046,3017041,Disponible,2026-09-12
Jeremy Toljan,Levante,Desc,7,2261288,2302500,Disponible,2026-09-12
Jesús Areso,Athletic,Desc,32,3913520,3718521,Disponible,2026-09-12
Jesús Vázquez,Valencia,Desc,19,1830521,1849188,Disponible,2026-09-12
Jiri Letácek,Getafe,Desc,0,504825,507018,Disponible,2026-09-12
Joan Garcia,Barcelona,Desc,44,73614673,73614582,Disponible,2026-09-12
Joao Cancelo,Barcelona,Desc,3,31699283,32399009,Disponible,2026-09-12
Job Ochieng,Real Sociedad,Desc,33,981696,860244,Disponible,2026-09-12
Johan Mojica,Getafe,Desc,38,15779312,15823480,Disponible,2026-09-12
Johnny Cardoso,Atlético,Desc,5,2975479,3035750,Disponible,2026-09-12
Jon Ander Olasagasti,Levante,Desc,66,8310448,8004043,Disponible,2026-09-12
Jon Aramburu,Real Sociedad,Desc,44,18547914,18438679,Disponible,2026-09-12
Jon Gorrotxategi,Real Sociedad,Desc,4,3050395,3108615,Disponible,2026-09-12
Jon Guridi,Sevilla,Desc,28,7211470,7067347,Disponible,2026-09-12
Jon Martín,Real Sociedad,Desc,19,25408133,25885310,Disponible,2026-09-12
Jon Moncayola,Osasuna,Desc,38,7638702,7600959,Disponible,2026-09-12
Jon Pacheco,Real Sociedad,Desc,3,1987695,2033024,Disponible,2026-09-12
Jonathan Asp Jensen,Deportivo,Desc,16,4475416,4565331,Lesionado,2026-09-12
Jonathan David,Atlético,Desc,0,32388489,33258307,Disponible,2026-09-12
Jonathan Dubasin,Osasuna,Desc,13,7735074,7900729,Disponible,2026-09-12
Jones El-Abdellaoui,Celta,Desc,12,918173,927033,Disponible,2026-09-12
Jordi Pesquer,Barcelona,Desc,0,600000,600000,Disponible,2026-09-12
Jorge Cabello,Levante,Desc,0,545651,549545,Disponible,2026-09-12
Jorge Castellanos,Racing,Desc,0,499241,501201,Disponible,2026-09-12
Jorge Castillo,Atlético,Desc,0,1000000,1000000,Disponible,2026-09-12
Jorge Cestero,Real Madrid,Desc,0,496873,498734,Disponible,2026-09-12
Jorge Herrando,Osasuna,Desc,24,1662258,1706778,Lesionado,2026-09-12
Jorge Salinas,Racing,Desc,44,6957050,6937270,Disponible,2026-09-12
José Ángel Carmona,Sevilla,Desc,2,2265479,2312863,Disponible,2026-09-12
José Gayà,Valencia,Desc,9,7784044,7904353,Disponible,2026-09-12
José María Giménez,Deportivo,Desc,6,7098134,6607629,Disponible,2026-09-12
José Salinas,Málaga,Desc,9,799871,775313,Disponible,2026-09-12
Joseph Otu,Málaga,Desc,0,689505,699392,Disponible,2026-09-12
Jozhua Vertrouwd,Rayo,Desc,-1,699897,710218,Lesionado,2026-09-12
Juan Berrocal,Málaga,Desc,0,834428,850354,Disponible,2026-09-12
Juan Carlos Arana,Racing,Desc,-1,534543,537974,Disponible,2026-09-12
Juan Cruz,Málaga,Desc,13,7985913,8162517,Disponible,2026-09-12
Juan Foyth,Villarreal,Desc,28,14944268,15362159,Duda,2026-09-12
Juan Iglesias,Sevilla,Desc,37,11614558,11498925,Disponible,2026-09-12
Juan Musso,Atlético,Desc,0,2311520,2358440,Disponible,2026-09-12
Juani,Málaga,Desc,0,1000000,1000000,Disponible,2026-09-12
Jude Bellingham,Real Madrid,Desc,88,118528583,118511637,Disponible,2026-09-12
Julen Agirrezabala,Racing,Desc,49,15548728,14825119,Disponible,2026-09-12
Julen Lobete,Málaga,Desc,0,530869,534147,Lesionado,2026-09-12
Jules Koundé,Barcelona,Desc,14,29126116,29274733,Disponible,2026-09-12
Julio Díaz,Sevilla,Desc,-2,426916,425862,Disponible,2026-09-12
Karim Adeyemi,Barcelona,Desc,25,48767248,49118751,Disponible,2026-09-12
Karl Etta Eyong,Levante,Desc,10,14738458,15189360,Lesionado,2026-09-12
Kevin Sánchez,Deportivo,Desc,0,581332,586712,Disponible,2026-09-12
Kike Barja,Osasuna,Desc,18,1645885,1665026,Disponible,2026-09-12
Kike Ribes,Celta Fortuna,Desc,0,600000,600000,Disponible,2026-09-12
Kike Salas,Sevilla,Desc,19,8078468,8004329,Disponible,2026-09-12
Kiko Femenia,Getafe,Desc,2,2304633,2373494,Lesionado,2026-09-12
Kylian Mbappé,Real Madrid,Desc,91,139886713,140160498,Disponible,2026-09-12
Lamine Yamal,Barcelona,Desc,92,135972899,135497853,Disponible,2026-09-12
Leandro Cabrera,Espanyol,Desc,1,9895598,9907415,Disponible,2026-09-12
Leo Román,Deportivo,Desc,29,37186561,37366521,Disponible,2026-09-12
Logan Costa,Villarreal,Desc,-2,700194,710502,Disponible,2026-09-12
Lorenzo Amatucci,Deportivo,Desc,49,17867355,17736598,Disponible,2026-09-12
Lucas Boyé,Alavés,Desc,64,23230319,21921304,Disponible,2026-09-12
Lucas Cepeda,Elche,Desc,24,1040759,1016621,Disponible,2026-09-12
Lucas Noubi,Deportivo,Desc,28,14877395,14720564,Disponible,2026-09-12
Lucas Stassin,Sevilla,Desc,13,20939292,21245268,Disponible,2026-09-12
Lucas Torró,Osasuna,Desc,13,1648168,1671904,Disponible,2026-09-12
Lucien Agoume,Sevilla,Desc,52,8506990,8254456,Disponible,2026-09-12
Luis Rioja,Valencia,Desc,9,6034406,6217246,Duda,2026-09-12
Luiz Junior,Villarreal,Desc,8,28320380,28781681,Disponible,2026-09-12
Luken Beitia,Real Sociedad,Desc,-6,452558,452573,Disponible,2026-09-12
Manel Usedo,Levante,Desc,0,537725,541288,Disponible,2026-09-12
Manu Bueno,Sevilla,Desc,5,544005,547830,Disponible,2026-09-12
Manu González,Betis,Desc,0,581691,581691,Disponible,2026-09-12
Manu Hernando,Racing,Desc,22,2661843,2684110,Disponible,2026-09-12
Manu Sánchez,Levante,Desc,55,5324834,5234156,Disponible,2026-09-12
Manuel Ángel Castillo,Sevilla,Desc,0,900000,900000,Disponible,2026-09-12
Marc Aguado,Elche,Desc,26,4491600,4566689,Disponible,2026-09-12
Marc Bartra,Betis,Desc,62,36512810,36071219,Disponible,2026-09-12
Marc Bernal,Barcelona,Desc,46,20373367,19425521,Disponible,2026-09-12
Marc Casadó,Deportivo,Desc,2,4423734,4138152,Disponible,2026-09-12
Marc Cucurella,Real Madrid,Desc,29,60129432,60942460,Disponible,2026-09-12
Marc Roca,Betis,Desc,37,11680919,11276009,Disponible,2026-09-12
Marc Santos,Levante,Desc,3,576211,581378,Disponible,2026-09-12
Marcão,Sevilla,Desc,0,482537,483801,Disponible,2026-09-12
Marco Román,Rayo,Desc,0,537725,541288,Disponible,2026-09-12
Marcos Navarro,Valencia,Desc,0,501909,501909,Disponible,2026-09-12
Mario Martín,Getafe,Desc,17,2835239,2839553,Disponible,2026-09-12
Mario Rivas,Real Madrid,Desc,0,700000,700000,Disponible,2026-09-12
Marko Dmitrovic,Espanyol,Desc,49,40042160,40076367,Disponible,2026-09-12
Maroan Sannadi,Athletic,Desc,1,421405,420122,Disponible,2026-09-12
Martim Neto,Elche,Desc,9,1115231,1139873,Disponible,2026-09-12
Martín Satriano,Getafe,Desc,27,20190985,20052435,Disponible,2026-09-12
Mathew Ryan,Levante,Desc,68,26647235,25878505,Disponible,2026-09-12
Matia Barzic,Elche,Desc,0,541561,545284,Disponible,2026-09-12
Matías Dituro,Elche,Desc,4,9165553,9119130,Disponible,2026-09-12
Matteo Prati,Racing,Desc,8,3301113,3373500,Disponible,2026-09-12
Mauro Echegoyen,Osasuna,Desc,0,482056,483300,Disponible,2026-09-12
Miguel Cubo,Atlético,Desc,0,484058,485385,Disponible,2026-09-12
Miguel Loureiro,Deportivo,Desc,12,2112483,2145566,Disponible,2026-09-12
Miguel Román,Celta,Desc,43,10544299,10191421,Disponible,2026-09-12
Miguel Sierra,Sevilla,Desc,38,4443580,4160545,Disponible,2026-09-12
Mikel Jauregizar,Athletic,Desc,16,15693145,16067529,Disponible,2026-09-12
Mikel Oyarzabal,Real Sociedad,Desc,39,57393310,57981763,Disponible,2026-09-12
Mikel Rodriguez,Alavés,Desc,39,2367831,2429669,Lesionado,2026-09-12
Moi Gómez,Osasuna,Desc,37,3736672,3772487,Lesionado,2026-09-12
Morten Hjulmand,Atlético,Desc,41,23186369,23591729,Disponible,2026-09-12
Mouctar Diakhaby,Valencia,Desc,12,3655192,3766082,Lesionado,2026-09-12
Nacho Pérez,Levante,Desc,48,1999430,1910458,Disponible,2026-09-12
Nahuel Tenaglia,Alavés,Desc,62,33486599,33234708,Disponible,2026-09-12
Natan,Betis,Desc,28,30656582,30947941,Disponible,2026-09-12
Nathan-Dylan Saliba,Villarreal,Desc,22,6757580,6620328,Disponible,2026-09-12
Nelson Deossa,Betis,Desc,27,2736941,2684459,Disponible,2026-09-12
Nemanja Gudelj,Getafe,Desc,2,6445845,6435034,Disponible,2026-09-12
Nico Guillén,Sevilla,Desc,14,2350931,2413717,Disponible,2026-09-12
Nicolas Pépé,Villarreal,Desc,60,64845026,65085426,Disponible,2026-09-12
Nicolás Valentini,Alavés,Desc,-3,681074,690610,Disponible,2026-09-12
Odysseas Vlachodimos,Sevilla,Desc,31,28354030,28178656,Disponible,2026-09-12
Oihan Sancet,Athletic,Desc,49,41584141,40721511,Disponible,2026-09-12
Omar El Hilali,Espanyol,Desc,32,13818389,13611120,Disponible,2026-09-12
Orel Mangala,Getafe,Desc,30,12159019,12160367,Disponible,2026-09-12
Oriol Rey,Levante,Desc,32,1854906,1768615,Disponible,2026-09-12
Orri Steinn Óskarsson,Real Sociedad,Desc,22,7556286,7587178,Disponible,2026-09-12
Óscar López,Getafe,Desc,0,700000,700000,Disponible,2026-09-12
Óscar Valentín,Rayo,Desc,29,3663066,3695441,Disponible,2026-09-12
Pablo Barrios,Atlético,Desc,49,55572917,55611382,Disponible,2026-09-12
Pablo Durán,Celta,Desc,10,713771,705543,Disponible,2026-09-12
Pablo Fornals,Betis,Desc,35,49011640,49662845,Disponible,2026-09-12
Pablo García,Deportivo,Desc,35,468964,468964,Disponible,2026-09-12
Pablo García,Racing,Desc,35,5871292,5439957,Disponible,2026-09-12
Pablo Gavi,Barcelona,Desc,2,17212404,17562637,Disponible,2026-09-12
Pablo Ibáñez,Alavés,Desc,45,9659760,9135826,Disponible,2026-09-12
Pablo Maffeo,Valencia,Desc,11,6985888,7116724,Disponible,2026-09-12
Pablo Martínez,Málaga,Desc,10,4715013,4792500,Disponible,2026-09-12
Pablo Ramón,Racing,Desc,35,1710475,1670965,Disponible,2026-09-12
Paco Cortés,Levante,Desc,7,544895,548757,Disponible,2026-09-12
Pape Gueye,Villarreal,Desc,50,36980896,37668329,Disponible,2026-09-12
Pau Cubarsí,Barcelona,Desc,28,65930716,66287294,Disponible,2026-09-12
Pau Navarro,Villarreal,Desc,0,4456812,4548361,Disponible,2026-09-12
Pedro Bigas,Elche,Desc,-10,2544261,2594912,Disponible,2026-09-12
Pedro Díaz,Rayo,Desc,17,1164807,1172084,Disponible,2026-09-12
Pedro Felipe,Racing,Desc,1,1221560,1245477,Disponible,2026-09-12
Peio Canales,Athletic,Desc,28,7778813,8000123,Lesionado,2026-09-12
Pepelu,Valencia,Desc,39,9527350,9523747,Disponible,2026-09-12
Peque,Sevilla,Desc,21,2681827,2710902,Disponible,2026-09-12
Pere Milla,Espanyol,Desc,0,4867251,4988600,Disponible,2026-09-12
Petar Ratkov,Levante,Desc,0,3400334,3495464,Disponible,2026-09-12
Pierre-Emerick Aubameyang,Deportivo,Desc,79,88645824,86646997,Disponible,2026-09-12
Pol Lozano,Espanyol,Desc,3,1185763,1213425,Disponible,2026-09-12
Quilindschy Hartman,Espanyol,Desc,-1,3947198,4046136,Disponible,2026-09-12
Rafa Rodríguez,Málaga,Desc,10,2951117,3029107,Disponible,2026-09-12
Rafel Bauzà,Espanyol,Desc,13,576211,581378,Disponible,2026-09-12
Ramón Enríquez,Málaga,Desc,-2,546349,550272,Disponible,2026-09-12
Ramón Terrats,Getafe,Desc,44,7504393,7355731,Disponible,2026-09-12
Randy Nteka,Rayo,Desc,10,1069066,1094769,Lesionado,2026-09-12
Raphinha,Barcelona,Desc,93,134911805,134359700,Disponible,2026-09-12
Raúl García,Osasuna,Desc,16,1569984,1576356,Disponible,2026-09-12
Raúl Jiménez,Valencia,Desc,0,1561503,0,Disponible,2026-09-12
Raul Moro,Osasuna,Desc,4,9147670,9343202,Disponible,2026-09-12
Renato Veiga,Villarreal,Desc,12,24127362,24454969,Disponible,2026-09-12
Robbie Ure,Sevilla,Desc,10,12354858,12379057,Disponible,2026-09-12
Robert Navarro,Athletic,Desc,42,5463645,4972019,Disponible,2026-09-12
Robin Le Normand,Atlético,Desc,15,10007294,10160974,Disponible,2026-09-12
Rockson Yeboah,Osasuna,Desc,-4,935016,955133,Disponible,2026-09-12
Rodrigo Gamón,Valencia,Desc,0,800000,800000,Disponible,2026-09-12
Rodrigo Mendoza,Atlético,Desc,23,1051864,1064995,Disponible,2026-09-12
Rodrigo Riquelme,Betis,Desc,54,15868806,15400483,Disponible,2026-09-12
Roger Hinojo,Espanyol,Desc,30,4786741,4811069,Disponible,2026-09-12
Romain Del Castillo,Osasuna,Desc,0,11165669,11454427,Disponible,2026-09-12
Roy Revivo,Elche,Desc,2,4081357,4193983,Disponible,2026-09-12
Rubén Gómez,Villarreal,Desc,0,462197,462613,Disponible,2026-09-12
Rubén Sánchez,Elche,Desc,0,425703,424599,Disponible,2026-09-12
Rubén Vargas,Sevilla,Desc,2,11739227,12103633,Lesionado,2026-09-12
Ryunosuke Sato,Valencia,Desc,20,8113744,8299260,Disponible,2026-09-12
Saba Sazonov,Getafe,Desc,7,803494,817011,Disponible,2026-09-12
Salvi Esquivel,Atlético,Desc,0,540774,544464,Disponible,2026-09-12
Santi Comesaña,Villarreal,Desc,19,18643323,19119034,Disponible,2026-09-12
Santiago Mouriño,Villarreal,Desc,17,20329762,20846762,Disponible,2026-09-12
Sebastián Boselli,Getafe,Desc,-3,1275131,1296774,Disponible,2026-09-12
Sebastián Cáceres,Celta,Desc,0,5500000,5500000,Disponible,2026-09-12
Selu Diallo,Alavés,Desc,0,606211,612628,Disponible,2026-09-12
Sergio Camello,Rayo,Desc,72,12251816,11304173,Disponible,2026-09-12
Sergio Canales,Racing,Desc,52,27375954,27167572,Disponible,2026-09-12
Sergio Carreira,Celta,Desc,17,6853758,6737554,Disponible,2026-09-12
Sergio Gómez,Real Sociedad,Desc,34,15759727,15630351,Disponible,2026-09-12
Sergio Herrera,Osasuna,Desc,18,35329518,35554975,Disponible,2026-09-12
Sergio José Lozano,Rayo,Desc,0,499241,501201,Disponible,2026-09-12
Sergio Martínez,Real Madrid,Desc,28,1595672,1618920,Disponible,2026-09-12
Sergio Mestre,Real Madrid,Desc,0,677860,677860,Disponible,2026-09-12
Simon Eriksson,Racing,Desc,0,1433729,1470473,Lesionado,2026-09-12
Stole Dimitrievski,Valencia,Desc,34,20353199,20478759,Disponible,2026-09-12
Takefusa Kubo,Real Sociedad,Desc,22,22330608,22681399,Disponible,2026-09-12
Tani Oluwaseyi,Villarreal,Desc,0,1377568,1409473,Disponible,2026-09-12
Tete Morente,Elche,Desc,28,1892322,1802080,Disponible,2026-09-12
Teun Gijselhart,Deportivo,Desc,3,1357677,1391098,Disponible,2026-09-12
Theo Folgado,Real Sociedad,Desc,0,702606,702606,Disponible,2026-09-12
Thibaut Courtois,Real Madrid,Desc,29,61796583,62052942,Disponible,2026-09-12
Thomas Lemar,Elche,Desc,14,3833251,3681739,Disponible,2026-09-12
Toni Martinez,Alavés,Desc,19,19394039,19782817,Disponible,2026-09-12
Trent Alexander-Arnold,Real Madrid,Desc,30,22229805,22227616,Disponible,2026-09-12
Tyrhys Dolan,Espanyol,Desc,22,15031288,14815748,Disponible,2026-09-12
Umar Sadiq,Valencia,Desc,19,3690048,3798331,Lesionado,2026-09-12
Unai López,Rayo,Desc,57,12979839,12541476,Disponible,2026-09-12
Unai Marrero,Real Sociedad,Desc,23,799653,772546,Disponible,2026-09-12
Unai Santos,Osasuna,Desc,0,500465,502476,Disponible,2026-09-12
Unai Simón,Athletic,Desc,64,49195828,48774442,Disponible,2026-09-12
Valentín Gómez,Betis,Desc,23,1716522,1727672,Disponible,2026-09-12
Vanja Drkusic,Espanyol,Desc,11,2067510,2116709,Disponible,2026-09-12
Víctor Chust,Elche,Desc,5,4653004,4651684,Disponible,2026-09-12
Víctor García,Levante,Desc,3,1058176,1082446,Disponible,2026-09-12
Ville Koski,Alavés,Desc,36,8573326,8093744,Disponible,2026-09-12
Williot Swedberg,Celta,Desc,31,4959751,5007196,Disponible,2026-09-12
Wojciech Szczesny,Barcelona,Desc,0,1301082,1322342,Disponible,2026-09-12
Xanet Oláiz,Alavés,Desc,2,473657,474551,Disponible,2026-09-12
Xavi Espart,Barcelona,Desc,63,19268269,17408470,Disponible,2026-09-12
Yangel Herrera,Real Sociedad,Desc,42,4457211,4220236,Disponible,2026-09-12
Yanis Musuayi,Levante,Desc,0,1316558,1346976,Disponible,2026-09-12
Yassir Zabiri,Racing,Desc,36,8924527,8657031,Disponible,2026-09-12
Yoel Lago,Celta,Desc,41,3655597,3328512,Disponible,2026-09-12
Youssouf Fofana,Sevilla,Desc,1,14027315,14141460,Disponible,2026-09-12
Zaid Romero,Getafe,Desc,27,27892212,28662117,Disponible,2026-09-12
Zakaria Eddahchouri,Deportivo,Desc,13,1014230,1023465,Disponible,2026-09-12
Llorenç Serred,Espanyol,Desc,0,463015,460757,Disponible,2026-09-13
Aaron Ndive Mayol,Valencia,Desc,0,700000,700000,Disponible,2026-09-13
Abde Rebbach,Alavés,Desc,28,5099709,5148609,Disponible,2026-09-13
Abdel Abqar,Getafe,Desc,6,4342225,4472881,Lesionado,2026-09-13
Abdoulaye Faye,Celta,Desc,3,2139946,2202180,Disponible,2026-09-13
Abel Bretones,Osasuna,Desc,25,9627930,9579727,Disponible,2026-09-13
Abiel Osorio,Elche,Desc,5,744802,754285,Disponible,2026-09-13
Adam Aznou,Málaga,Desc,0,1017279,0,Lesionado,2026-09-13
Adama Timera,Espanyol,Desc,0,499960,499241,Disponible,2026-09-13
Ademola Lookman,Atlético,Desc,25,51736277,52714252,Disponible,2026-09-13
Adrià Altimira,Deportivo,Desc,14,4763516,4863722,Disponible,2026-09-13
Adrià Pedrosa,Rayo,Desc,0,2550229,2612179,Disponible,2026-09-13
Adrián Molina,Rayo,Desc,0,528842,529327,Disponible,2026-09-13
Aimar Blázquez,Valencia,Desc,0,581656,581656,Disponible,2026-09-13
Aimar Oroz,Osasuna,Desc,17,9885330,10178169,Lesionado,2026-09-13
Aissa Mandi,Levante,Desc,46,12694620,12421906,Disponible,2026-09-13
Aitor Fraga,Real Sociedad,Desc,0,602234,602234,Disponible,2026-09-13
Aitor Mañas,Alavés,Desc,7,454614,452006,Duda,2026-09-13
Aitor Paredes,Athletic,Desc,42,12651470,12320897,Disponible,2026-09-13
Alassane Diatta,Villarreal,Desc,0,459436,457029,Disponible,2026-09-13
Alberto Calatrava,Levante,Desc,0,610794,614694,Disponible,2026-09-13
Alberto Moleiro,Villarreal,Desc,38,42070409,42909686,Disponible,2026-09-13
Alberto Risco,Getafe,Desc,3,507132,506712,Disponible,2026-09-13
Aleix Febas,Celta,Desc,19,16103243,16537438,Lesionado,2026-09-13
Alejandro Balde,Barcelona,Desc,0,13042196,13386149,Disponible,2026-09-13
Alejandro Catena,Osasuna,Desc,32,36000213,36481362,Disponible,2026-09-13
Alejandro Iturbe,Elche,Desc,0,549557,550905,Disponible,2026-09-13
Alejandro Panach,Valencia,Desc,0,501909,501909,Disponible,2026-09-13
Alejandro Rego,Athletic,Desc,0,2241926,2308226,Disponible,2026-09-13
Alemão,Rayo,Desc,11,1747775,1794078,Disponible,2026-09-13
Álex Baena,Atlético,Desc,65,66528033,67128884,Disponible,2026-09-13
Álex Berenguer,Athletic,Desc,45,10161351,10115377,Disponible,2026-09-13
Álex Calatrava,Espanyol,Desc,39,6598197,6660207,Disponible,2026-09-13
Alex Freeman,Villarreal,Desc,11,1376240,1404348,Disponible,2026-09-13
Álex Grimaldo,Atlético,Desc,22,31386297,32078336,Disponible,2026-09-13
Alex Lebarbier,Real Sociedad,Desc,0,602234,602234,Disponible,2026-09-13
Alex Marchal,Real Sociedad,Desc,11,602234,602234,Disponible,2026-09-13
Alex Padilla,Athletic,Desc,0,810802,823035,Disponible,2026-09-13
Álex Pastor,Málaga,Desc,0,403580,398846,Lesionado,2026-09-13
Álex Remiro,Real Sociedad,Desc,49,38525672,38699535,Disponible,2026-09-13
Alexis Ciria,Real Madrid,Desc,0,632198,636989,Disponible,2026-09-13
Alfonso Herrero,Málaga,Desc,39,14870919,14453532,Disponible,2026-09-13
Aliou Dieng,Valencia,Desc,28,2179166,2210530,Disponible,2026-09-13
Altay Bayindir,Celta,Desc,0,1201031,1229524,Disponible,2026-09-13
Álvaro Djaló,Athletic,Desc,2,615616,619716,Disponible,2026-09-13
Álvaro Fidalgo,Betis,Desc,3,1367236,1400588,Disponible,2026-09-13
Álvaro García,Rayo,Desc,35,18435596,18652848,Disponible,2026-09-13
Álvaro Mantilla,Racing,Desc,20,1789832,1823650,Disponible,2026-09-13
Álvaro Padilla,Elche,Desc,0,675037,681613,Disponible,2026-09-13
Álvaro Valles,Betis,Desc,73,50615845,49804920,Disponible,2026-09-13
Ander Barrenetxea,Real Sociedad,Desc,22,20985891,21364041,Disponible,2026-09-13
Ander Guevara,Alavés,Desc,0,641647,646832,Disponible,2026-09-13
André Almeida,Racing,Desc,4,1398268,1428311,Disponible,2026-09-13
Andrei Ratiu,Rayo,Desc,25,25407559,25646066,Disponible,2026-09-13
Andrés Antañón,Celta,Desc,3,581700,581700,Lesionado,2026-09-13
Andrés Castrín,Sevilla,Desc,37,3986091,3862840,Disponible,2026-09-13
Andrés García,Getafe,Desc,34,8414457,8366476,Disponible,2026-09-13
Andrés Martín,Racing,Desc,30,14055887,14454061,Lesionado,2026-09-13
Andrés Vallecillo,Racing,Desc,0,499276,498529,Disponible,2026-09-13
Andriy Lunin,Real Madrid,Desc,0,1317837,1340391,Disponible,2026-09-13
Ángel Fortuño,Espanyol,Desc,0,455169,452584,Disponible,2026-09-13
Ángel Ortiz,Betis,Desc,15,1068457,1091426,Disponible,2026-09-13
Ángel Pérez,Alavés,Desc,54,17485302,16548727,Disponible,2026-09-13
Angel Recio,Málaga,Desc,21,1723284,1651722,Disponible,2026-09-13
Angeliño,Deportivo,Desc,0,8887024,9111180,Disponible,2026-09-13
Ante Budimir,Osasuna,Desc,76,62437284,61532031,Disponible,2026-09-13
Anthony Gordon,Barcelona,Desc,45,87838955,87058757,Disponible,2026-09-13
Antonio Blanco,Alavés,Desc,40,20094654,19800286,Disponible,2026-09-13
Antonio Rüdiger,Real Madrid,Desc,12,20877636,21324474,Disponible,2026-09-13
Antonio Sivera,Alavés,Desc,56,43401027,43355304,Disponible,2026-09-13
Antony,Betis,Desc,46,58911485,59629179,Disponible,2026-09-13
Arda Güler,Real Madrid,Desc,69,87273791,86469193,Disponible,2026-09-13
Arnau Comas,Deportivo,Desc,0,509007,508665,Disponible,2026-09-13
Arnau Ortiz,Atlético,Desc,12,919045,935788,Disponible,2026-09-13
Arnaut Danjuma,Valencia,Desc,19,4568338,4625068,Disponible,2026-09-13
Arouna Sangante,Sevilla,Desc,18,9001724,9253842,Duda,2026-09-13
Arsen Zakharyan,Real Sociedad,Desc,2,610531,614420,Disponible,2026-09-13
Asier Bonel,Osasuna,Desc,0,600000,600000,Disponible,2026-09-13
Asier Osambela,Osasuna,Desc,8,456820,454304,Disponible,2026-09-13
Asier Villalibre,Racing,Desc,10,4269041,4388964,Disponible,2026-09-13
Augusto Batalla,Rayo,Desc,21,19283354,19843351,Lesionado,2026-09-13
Aurélien Tchouaméni,Real Madrid,Desc,0,22970324,23149099,Disponible,2026-09-13
Axel Tape,Levante,Desc,0,2103808,2165779,Disponible,2026-09-13
Aymeric Laporte,Athletic,Desc,31,42729383,42284073,Disponible,2026-09-13
Beñat Gerenabarrena,Athletic,Desc,44,3244303,3018475,Disponible,2026-09-13
Beñat Prados,Athletic,Desc,0,762115,772320,Disponible,2026-09-13
Beñat Turrientes,Real Sociedad,Desc,43,6655099,6504234,Disponible,2026-09-13
Bernardo Silva,Real Madrid,Desc,24,44159167,45031981,Disponible,2026-09-13
Bil Nsongo,Deportivo,Desc,22,7556668,7468248,Disponible,2026-09-13
Borja Iglesias,Celta,Desc,0,14500265,14810671,Lesionado,2026-09-13
Borja Mayoral,Getafe,Desc,1,1554863,1596600,Disponible,2026-09-13
Boyomo,Osasuna,Desc,14,16410913,16861466,Disponible,2026-09-13
Brian Fariñas,Barcelona,Desc,0,651416,657008,Disponible,2026-09-13
Bright Ede,Deportivo,Desc,19,4274274,4300704,Disponible,2026-09-13
Buba Sangaré,Elche,Desc,10,3675448,3729786,Disponible,2026-09-13
Carl Starfelt,Celta,Desc,29,10523648,10489573,Disponible,2026-09-13
Carles Aleñá,Alavés,Desc,21,2941084,2951099,Disponible,2026-09-13
Carlos Dotor,Málaga,Desc,41,5007213,4971855,Disponible,2026-09-13
Carlos Espí,Real Madrid,Desc,16,14124339,14231818,Disponible,2026-09-13
Carlos López,Málaga,Desc,0,406587,401978,Disponible,2026-09-13
Carlos Macià,Villarreal,Desc,11,658066,663935,Disponible,2026-09-13
Carlos Puga,Málaga,Desc,11,3917759,4017367,Disponible,2026-09-13
Carlos Romero,Villarreal,Desc,15,24593147,25297173,Duda,2026-09-13
Carlos Soler,Real Sociedad,Desc,41,30937866,30857364,Disponible,2026-09-13
César Tárrega,Valencia,Desc,36,9759278,10031999,Duda,2026-09-13
Cheikh Thiam,Villarreal,Desc,0,612369,616334,Disponible,2026-09-13
Chidera Ejuke,Sevilla,Desc,25,5831894,5686926,Disponible,2026-09-13
Chupete,Málaga,Desc,27,28473172,29136650,Disponible,2026-09-13
Clemens Riedel,Espanyol,Desc,13,5151608,5214142,Disponible,2026-09-13
Coke Carrillo,Celta,Desc,0,1567556,0,Disponible,2026-09-13
Couhaib Driouech,Celta,Desc,11,3029709,3103808,Disponible,2026-09-13
Cristian Rivero,Valencia,Desc,0,439616,436383,Disponible,2026-09-13
Cristian Romero,Atlético,Desc,0,31104676,31520212,Disponible,2026-09-13
Dakonam Djené,Getafe,Desc,12,15810734,15874244,Disponible,2026-09-13
Dani Cárdenas,Rayo,Desc,13,1391675,1381515,Disponible,2026-09-13
Dani Lorenzo,Málaga,Desc,27,11557234,11511835,Disponible,2026-09-13
Dani Martínez,Atlético,Desc,12,524020,524304,Disponible,2026-09-13
Dani Olmo,Barcelona,Desc,31,48200112,48031503,Disponible,2026-09-13
Dani Requena,Levante,Desc,2,1000105,1020226,Disponible,2026-09-13
Daniel Raba,Valencia,Desc,2,809910,822106,Disponible,2026-09-13
David Hancko,Atlético,Desc,33,38331018,38880433,Disponible,2026-09-13
David Larrubia,Málaga,Desc,51,28439328,29047861,Disponible,2026-09-13
David Mella,Deportivo,Desc,5,2031285,2085779,Disponible,2026-09-13
David Otorbi,Valencia,Desc,17,602292,602292,Disponible,2026-09-13
David Soria,Getafe,Desc,42,35986583,35870313,Disponible,2026-09-13
Davinchi,Getafe,Desc,8,1602553,1647697,Disponible,2026-09-13
Dean Huijsen,Real Madrid,Desc,42,57755984,57089066,Disponible,2026-09-13
Denis Suárez,Alavés,Desc,20,2501530,2522849,Disponible,2026-09-13
Denzel Dumfries,Real Madrid,Desc,21,34890304,35423199,Disponible,2026-09-13
Diego Ferrer,Getafe,Desc,0,508862,508514,Disponible,2026-09-13
Diego Rico,Osasuna,Desc,0,2528388,2598905,Disponible,2026-09-13
Diego Villares,Deportivo,Desc,8,1303663,1336432,Disponible,2026-09-13
Dimitri Foulquier,Valencia,Desc,0,1038673,1060401,Lesionado,2026-09-13
Dominik Livakovic,Barcelona,Desc,0,2618570,2683751,Disponible,2026-09-13
Eder Aller,Barcelona,Desc,0,702705,702705,Disponible,2026-09-13
Edu Altozano,Sevilla,Desc,0,475162,473410,Disponible,2026-09-13
Edu Expósito,Espanyol,Desc,43,29243705,28918792,Disponible,2026-09-13
Eduardo Camavinga,Real Madrid,Desc,12,8845941,8863812,Disponible,2026-09-13
Einar Galilea,Málaga,Desc,23,5450203,5339694,Disponible,2026-09-13
Emil Audero,Rayo,Desc,0,5199452,5306629,Disponible,2026-09-13
Endrick,Real Madrid,Desc,0,3780676,3862884,Disponible,2026-09-13
Eneko Jauregi,Málaga,Desc,2,705283,713120,Disponible,2026-09-13
Enes Ünal,Getafe,Desc,24,18495589,18673272,Disponible,2026-09-13
Eric Garcia,Barcelona,Desc,38,48297604,48835681,Disponible,2026-09-13
Ezequiel Ponce,Elche,Desc,10,988885,1008538,Disponible,2026-09-13
Facundo Bernal,Betis,Desc,37,14075843,13866240,Disponible,2026-09-13
Facundo Buonanotte,Elche,Desc,21,3644261,3727537,Disponible,2026-09-13
Federico Redondo,Elche,Desc,23,1087739,1110005,Disponible,2026-09-13
Federico Valverde,Real Madrid,Desc,46,68089157,68534104,Disponible,2026-09-13
Félix Correia,Sevilla,Desc,9,5953431,6046381,Disponible,2026-09-13
Ferran Jutglà,Celta,Desc,11,7434743,7515937,Disponible,2026-09-13
Filip Ugrinic,Valencia,Desc,63,3462283,3510070,Disponible,2026-09-13
Florian Lejeune,Rayo,Desc,32,22361238,22912646,Disponible,2026-09-13
Fran García,Betis,Desc,28,27802140,26706207,Disponible,2026-09-13
Fran González,Sevilla,Desc,0,504688,504166,Disponible,2026-09-13
Gabriel Moscardo,Espanyol,Desc,19,4065244,4178746,Disponible,2026-09-13
Gabriel Suazo,Sevilla,Desc,42,4401907,4304925,Disponible,2026-09-13
Georges Mikautadze,Villarreal,Desc,31,57540059,58615200,Disponible,2026-09-13
Georgiy Tsitaishvili,Rayo,Desc,0,1389722,1426077,Disponible,2026-09-13
Gerard Martín,Barcelona,Desc,46,52594219,52062418,Disponible,2026-09-13
Germán Parreño,Deportivo,Desc,0,472631,470774,Disponible,2026-09-13
Germán Valera,Elche,Desc,43,14162425,14456170,Disponible,2026-09-13
Giacomo Quagliata,Deportivo,Desc,13,3707875,3646456,Disponible,2026-09-13
Giorgi Guliashvili,Racing,Desc,1,935599,953032,Disponible,2026-09-13
Giorgi Kochorashvili,Sevilla,Desc,15,6932469,7016428,Disponible,2026-09-13
Gnangoro Bouare,Rayo,Desc,11,800000,800000,Disponible,2026-09-13
Gonçalo Guedes,Real Sociedad,Desc,19,18152787,18450410,Disponible,2026-09-13
Gonzalo Villar,Elche,Desc,57,10096003,10251466,Disponible,2026-09-13
Gorka Carrera,Real Sociedad,Desc,0,540231,541190,Disponible,2026-09-13
Gorka Guruzeta,Athletic,Desc,5,9177691,9449139,Duda,2026-09-13
Grady Diangana,Elche,Desc,0,658389,664272,Disponible,2026-09-13
Grégoire Swiderski,Alavés,Desc,0,475720,473992,Disponible,2026-09-13
Hamza Abdelkarim,Barcelona,Desc,2,3133493,3184787,Disponible,2026-09-13
Héctor Bellerín,Betis,Desc,28,17137649,16944675,Disponible,2026-09-13
Héctor Fort,Real Sociedad,Desc,3,3449070,3443512,Disponible,2026-09-13
Hugo Burcio,Celta,Desc,0,602257,602257,Disponible,2026-09-13
Hugo Duro,Valencia,Desc,7,5329698,5466948,Disponible,2026-09-13
Hugo González,Celta,Desc,27,1046885,1031537,Disponible,2026-09-13
Hugo Novoa,Alavés,Desc,0,577217,579718,Disponible,2026-09-13
Hugo Pérez,Racing,Desc,0,781057,792051,Disponible,2026-09-13
Hugo Rincón,Athletic,Desc,4,1657694,1703590,Disponible,2026-09-13
Hugo Sotelo,Levante,Desc,9,902674,918735,Disponible,2026-09-13
Iago Aspas,Celta,Desc,21,6715245,6670613,Disponible,2026-09-13
Ibai Aguirre,R. Sociedad B,Desc,0,602257,602257,Disponible,2026-09-13
Ibrahima Konaté,Real Madrid,Desc,18,42613950,43272370,Disponible,2026-09-13
Ifeanyi Ndukwe,Levante,Desc,0,1596912,1641900,Disponible,2026-09-13
Igor Galdin,Levante,Desc,0,500065,499351,Disponible,2026-09-13
Igor Zubeldia,Real Sociedad,Desc,36,10475582,10306569,Lesionado,2026-09-13
Iker Córdoba,Valencia,Desc,2,900000,900000,Disponible,2026-09-13
Iker Losada,Betis,Desc,0,1204686,1233331,Disponible,2026-09-13
Iker Luque,Racing,Desc,0,1497829,1538688,Disponible,2026-09-13
Iker Monreal,Athletic,Desc,0,602257,602257,Disponible,2026-09-13
Iker Muñoz,Sevilla,Desc,24,475162,473410,Disponible,2026-09-13
Iker Muñoz,Osasuna,Desc,24,1922895,1917913,Disponible,2026-09-13
Iker Muñoz,Sevilla,Desc,0,475162,473410,Disponible,2026-09-13
Iker Muñoz,Osasuna,Desc,0,1922895,1917913,Disponible,2026-09-13
Ilaix Moriba,Celta,Desc,32,6817928,6822387,Disponible,2026-09-13
Ilias Akhomach,Villarreal,Desc,3,2687564,2755460,Disponible,2026-09-13
Iñigo Arguibide,Osasuna,Desc,32,3462936,3367550,Disponible,2026-09-13
Íñigo Sainz-Maza,Racing,Desc,0,522487,522707,Disponible,2026-09-13
Iñigo Vicente,Racing,Desc,53,30162123,29666792,Disponible,2026-09-13
Ionut Radu,Celta,Desc,57,39643612,38901418,Disponible,2026-09-13
Isaac Romero,Sevilla,Desc,19,5873236,5954703,Disponible,2026-09-13
Iván Alonso,Rayo,Desc,0,463015,460757,Disponible,2026-09-13
Iván Azón,Getafe,Desc,0,4460025,4588592,Disponible,2026-09-13
Iván Balliu,Rayo,Desc,2,651952,657567,Disponible,2026-09-13
Iván Martín,Racing,Desc,37,8112819,8231519,Disponible,2026-09-13
Iván Romero,Levante,Desc,26,5611173,5648760,Disponible,2026-09-13
Iván Villar,Celta,Desc,0,594926,598164,Disponible,2026-09-13
Izan Merino,Málaga,Desc,21,4001322,4099137,Disponible,2026-09-13
Jan Oblak,Atlético,Desc,27,46078943,46511919,Disponible,2026-09-13
Jaume Durá,Valencia,Desc,0,700000,700000,Disponible,2026-09-13
Javi Galán,Celta,Desc,20,8512765,8704389,Disponible,2026-09-13
Javi Guerra,Valencia,Desc,33,19836519,20275281,Disponible,2026-09-13
Javi Morcillo,Elche,Desc,15,692021,698568,Disponible,2026-09-13
Javi Navarro,Real Madrid,Desc,0,702622,702622,Disponible,2026-09-13
Javi Rodríguez,Celta,Desc,16,9184721,9408857,Disponible,2026-09-13
Javi Rueda,Celta,Desc,32,3964286,3888264,Disponible,2026-09-13
Javier Hernández,Espanyol,Desc,35,14821631,14678652,Disponible,2026-09-13
Jean Ives Valou,Getafe,Desc,-5,475162,473410,Disponible,2026-09-13
Jeanuël Belocian,Racing,Desc,6,2959744,2988046,Disponible,2026-09-13
Jeremy Toljan,Levante,Desc,7,2208371,2261288,Disponible,2026-09-13
Jesús Areso,Athletic,Desc,32,4044531,3913520,Disponible,2026-09-13
Jesús Vázquez,Valencia,Desc,25,1790010,1830521,Disponible,2026-09-13
Jiri Letácek,Getafe,Desc,0,505320,504825,Disponible,2026-09-13
Joan Garcia,Barcelona,Desc,44,73934084,73614673,Disponible,2026-09-13
Joao Cancelo,Barcelona,Desc,3,31038895,31699283,Disponible,2026-09-13
Job Ochieng,Real Sociedad,Desc,33,1084091,981696,Disponible,2026-09-13
Johan Mojica,Getafe,Desc,38,15608312,15779312,Disponible,2026-09-13
Johnny Cardoso,Atlético,Desc,5,2906094,2975479,Disponible,2026-09-13
Jon Ander Olasagasti,Levante,Desc,66,8667126,8310448,Disponible,2026-09-13
Jon Aramburu,Real Sociedad,Desc,44,18643880,18547914,Disponible,2026-09-13
Jon Gorrotxategi,Real Sociedad,Desc,4,2975436,3050395,Disponible,2026-09-13
Jon Guridi,Sevilla,Desc,30,7154500,7211470,Disponible,2026-09-13
Jon Martín,Real Sociedad,Desc,19,25106297,25408133,Disponible,2026-09-13
Jon Moncayola,Osasuna,Desc,38,7597996,7638702,Disponible,2026-09-13
Jon Pacheco,Real Sociedad,Desc,3,1934691,1987695,Disponible,2026-09-13
Jonathan Asp Jensen,Deportivo,Desc,16,4362053,4475416,Disponible,2026-09-13
Jonathan David,Atlético,Desc,0,31549420,32388489,Disponible,2026-09-13
Jonathan Dubasin,Osasuna,Desc,13,7530929,7735074,Disponible,2026-09-13
Jones El-Abdellaoui,Celta,Desc,12,902134,918173,Lesionado,2026-09-13
Jordi Pesquer,Barcelona,Desc,0,600000,600000,Disponible,2026-09-13
Jorge Cabello,Levante,Desc,0,544513,545651,Disponible,2026-09-13
Jorge Castellanos,Racing,Desc,0,499960,499241,Disponible,2026-09-13
Jorge Castillo,Atlético,Desc,0,1000000,1000000,Disponible,2026-09-13
Jorge Cestero,Real Madrid,Desc,0,497686,496873,Disponible,2026-09-13
Jorge Herrando,Osasuna,Desc,24,1620000,1662258,Lesionado,2026-09-13
Jorge Salinas,Racing,Desc,44,6928008,6957050,Disponible,2026-09-13
José Ángel Carmona,Sevilla,Desc,2,2206658,2265479,Disponible,2026-09-13
José Gayà,Valencia,Desc,21,7611344,7784044,Disponible,2026-09-13
José María Giménez,Deportivo,Desc,6,7587886,7098134,Disponible,2026-09-13
José Salinas,Málaga,Desc,9,798695,799871,Disponible,2026-09-13
Joseph Otu,Málaga,Desc,0,682613,689505,Disponible,2026-09-13
Jozhua Vertrouwd,Rayo,Desc,-1,692589,699897,Lesionado,2026-09-13
Juan Berrocal,Málaga,Desc,0,821739,834428,Disponible,2026-09-13
Juan Carlos Arana,Racing,Desc,-1,533849,534543,Disponible,2026-09-13
Juan Cruz,Málaga,Desc,13,7771624,7985913,Disponible,2026-09-13
Juan Foyth,Villarreal,Desc,28,14547195,14944268,Duda,2026-09-13
Juan Iglesias,Sevilla,Desc,61,11993371,11614558,Disponible,2026-09-13
Juan Musso,Atlético,Desc,0,2257265,2311520,Disponible,2026-09-13
Juani,Málaga,Desc,0,1000000,1000000,Disponible,2026-09-13
Jude Bellingham,Real Madrid,Desc,88,118718963,118528583,Disponible,2026-09-13
Julen Agirrezabala,Racing,Desc,49,16463777,15548728,Disponible,2026-09-13
Julen Lobete,Málaga,Desc,0,530322,530869,Lesionado,2026-09-13
Jules Koundé,Barcelona,Desc,14,29031000,29126116,Disponible,2026-09-13
Julio Díaz,Sevilla,Desc,0,430528,426916,Disponible,2026-09-13
Karim Adeyemi,Barcelona,Desc,25,48389786,48767248,Disponible,2026-09-13
Karl Etta Eyong,Levante,Desc,10,14316687,14738458,Lesionado,2026-09-13
Kevin Sánchez,Deportivo,Desc,0,578767,581332,Disponible,2026-09-13
Kike Barja,Osasuna,Desc,18,1619167,1645885,Disponible,2026-09-13
Kike Ribes,Celta Fortuna,Desc,0,600000,600000,Disponible,2026-09-13
Kike Salas,Sevilla,Desc,36,8293995,8078468,Disponible,2026-09-13
Kiko Femenia,Getafe,Desc,2,2241621,2304633,Lesionado,2026-09-13
Kylian Mbappé,Real Madrid,Desc,91,140255051,139886713,Disponible,2026-09-13
Lamine Yamal,Barcelona,Desc,92,137062806,135972899,Disponible,2026-09-13
Laro Gómez,Racing,Desc,0,602234,602234,Disponible,2026-09-13
Leandro Cabrera,Espanyol,Desc,1,9910640,9895598,Disponible,2026-09-13
Leo Román,Deportivo,Desc,29,37068255,37186561,Disponible,2026-09-13
Logan Costa,Villarreal,Desc,-2,692874,700194,Disponible,2026-09-13
Lorenzo Amatucci,Deportivo,Desc,49,17993830,17867355,Disponible,2026-09-13
Lucas Boyé,Alavés,Desc,64,24658841,23230319,Disponible,2026-09-13
Lucas Cepeda,Elche,Desc,24,1060517,1040759,Disponible,2026-09-13
Lucas Noubi,Deportivo,Desc,28,14968544,14877395,Disponible,2026-09-13
Lucas Stassin,Sevilla,Desc,18,20442566,20939292,Disponible,2026-09-13
Lucas Torró,Osasuna,Desc,13,1608732,1648168,Disponible,2026-09-13
Lucien Agoume,Sevilla,Desc,60,8852880,8506990,Disponible,2026-09-13
Luis Rioja,Valencia,Desc,9,5860770,6034406,Duda,2026-09-13
Luiz Junior,Villarreal,Desc,8,27857258,28320380,Disponible,2026-09-13
Luken Beitia,Real Sociedad,Desc,-6,455144,452558,Disponible,2026-09-13
Manel Usedo,Levante,Desc,0,536904,537725,Disponible,2026-09-13
Manu Bueno,Sevilla,Desc,5,542933,544005,Disponible,2026-09-13
Manu González,Betis,Desc,0,581691,581691,Disponible,2026-09-13
Manu Hernando,Racing,Desc,22,2616923,2661843,Disponible,2026-09-13
Manu Sánchez,Levante,Desc,55,5386939,5324834,Disponible,2026-09-13
Manuel Ángel Castillo,Sevilla,Desc,0,900000,900000,Disponible,2026-09-13
Marc Aguado,Elche,Desc,26,4385739,4491600,Disponible,2026-09-13
Marc Bartra,Betis,Desc,62,37159681,36512810,Disponible,2026-09-13
Marc Bernal,Barcelona,Desc,46,21305753,20373367,Disponible,2026-09-13
Marc Casadó,Deportivo,Desc,2,4746721,4423734,Disponible,2026-09-13
Marc Cucurella,Real Madrid,Desc,29,59376692,60129432,Disponible,2026-09-13
Marc Roca,Betis,Desc,37,12074554,11680919,Disponible,2026-09-13
Marc Santos,Levante,Desc,3,573851,576211,Disponible,2026-09-13
Marcão,Sevilla,Desc,0,483924,482537,Disponible,2026-09-13
Marco Román,Rayo,Desc,0,536904,537725,Disponible,2026-09-13
Marcos Navarro,Valencia,Desc,0,501909,501909,Disponible,2026-09-13
Mario Martín,Getafe,Desc,17,2786649,2835239,Disponible,2026-09-13
Mario Rivas,Real Madrid,Desc,0,700000,700000,Disponible,2026-09-13
Marko Dmitrovic,Espanyol,Desc,49,39980367,40042160,Disponible,2026-09-13
Maroan Sannadi,Athletic,Desc,1,425237,421405,Disponible,2026-09-13
Martim Neto,Elche,Desc,9,1091310,1115231,Disponible,2026-09-13
Martín Satriano,Getafe,Desc,27,20214430,20190985,Disponible,2026-09-13
Mathew Ryan,Levante,Desc,68,27644774,26647235,Disponible,2026-09-13
Matia Barzic,Elche,Desc,0,540587,541561,Disponible,2026-09-13
Matías Dituro,Elche,Desc,4,9143866,9165553,Disponible,2026-09-13
Matteo Prati,Racing,Desc,8,3213561,3301113,Disponible,2026-09-13
Mauro Echegoyen,Osasuna,Desc,0,483462,482056,Disponible,2026-09-13
Miguel Cubo,Atlético,Desc,0,485384,484058,Disponible,2026-09-13
Miguel Loureiro,Deportivo,Desc,12,2062577,2112483,Disponible,2026-09-13
Miguel Román,Celta,Desc,43,10916674,10544299,Disponible,2026-09-13
Miguel Sierra,Sevilla,Desc,42,4685008,4443580,Disponible,2026-09-13
Mikel Jauregizar,Athletic,Desc,16,15296202,15693145,Disponible,2026-09-13
Mikel Oyarzabal,Real Sociedad,Desc,39,56818101,57393310,Disponible,2026-09-13
Mikel Rodriguez,Alavés,Desc,39,2306690,2367831,Lesionado,2026-09-13
Moi Gómez,Osasuna,Desc,37,3693661,3736672,Lesionado,2026-09-13
Morten Hjulmand,Atlético,Desc,41,22742822,23186369,Disponible,2026-09-13
Mouctar Diakhaby,Valencia,Desc,12,3548452,3655192,Lesionado,2026-09-13
Nacho Pérez,Levante,Desc,48,2068616,1999430,Disponible,2026-09-13
Nahuel Tenaglia,Alavés,Desc,62,33824529,33486599,Disponible,2026-09-13
Natan,Betis,Desc,28,30318358,30656582,Disponible,2026-09-13
Nathan-Dylan Saliba,Villarreal,Desc,22,6820453,6757580,Disponible,2026-09-13
Nelson Deossa,Betis,Desc,27,2753154,2736941,Disponible,2026-09-13
Nemanja Gudelj,Getafe,Desc,2,6375694,6445845,Disponible,2026-09-13
Nico Guillén,Sevilla,Desc,14,2283989,2350931,Disponible,2026-09-13
Nicolas Pépé,Villarreal,Desc,60,64399854,64845026,Disponible,2026-09-13
Nicolás Valentini,Alavés,Desc,-3,674519,681074,Disponible,2026-09-13
Odysseas Vlachodimos,Sevilla,Desc,38,28807858,28354030,Disponible,2026-09-13
Oihan Sancet,Athletic,Desc,49,42528268,41584141,Disponible,2026-09-13
Omar El Hilali,Espanyol,Desc,32,14179599,13818389,Disponible,2026-09-13
Orel Mangala,Getafe,Desc,30,12003938,12159019,Disponible,2026-09-13
Oriol Rey,Levante,Desc,32,1933976,1854906,Disponible,2026-09-13
Orri Steinn Óskarsson,Real Sociedad,Desc,22,7463423,7556286,Disponible,2026-09-13
Óscar López,Getafe,Desc,0,700000,700000,Disponible,2026-09-13
Óscar Valentín,Rayo,Desc,29,3590397,3663066,Disponible,2026-09-13
Pablo Barrios,Atlético,Desc,49,54609981,55572917,Lesionado,2026-09-13
Pablo Durán,Celta,Desc,10,705908,713771,Disponible,2026-09-13
Pablo Fornals,Betis,Desc,35,48426103,49011640,Disponible,2026-09-13
Pablo García,Deportivo,Desc,35,468964,468964,Disponible,2026-09-13
Pablo García,Racing,Desc,35,6309649,5871292,Disponible,2026-09-13
Pablo Gavi,Barcelona,Desc,2,16838807,17212404,Disponible,2026-09-13
Pablo Ibáñez,Alavés,Desc,45,10038092,9659760,Disponible,2026-09-13
Pablo Maffeo,Valencia,Desc,8,6800507,6985888,Disponible,2026-09-13
Pablo Martínez,Málaga,Desc,10,4596784,4715013,Disponible,2026-09-13
Pablo Ramón,Racing,Desc,35,1735039,1710475,Disponible,2026-09-13
Paco Cortés,Levante,Desc,7,543787,544895,Disponible,2026-09-13
Pape Gueye,Villarreal,Desc,50,36248761,36980896,Disponible,2026-09-13
Pau Cubarsí,Barcelona,Desc,28,65758908,65930716,Disponible,2026-09-13
Pau Navarro,Villarreal,Desc,0,4342704,4456812,Disponible,2026-09-13
Pedro Bigas,Elche,Desc,-10,2477482,2544261,Disponible,2026-09-13
Pedro Díaz,Rayo,Desc,17,1145346,1164807,Disponible,2026-09-13
Pedro Felipe,Racing,Desc,1,1193386,1221560,Disponible,2026-09-13
Peio Canales,Athletic,Desc,28,7575415,7778813,Duda,2026-09-13
Pepelu,Valencia,Desc,49,9441997,9527350,Disponible,2026-09-13
Peque,Sevilla,Desc,21,2624054,2681827,Disponible,2026-09-13
Pere Milla,Espanyol,Desc,0,4734772,4867251,Disponible,2026-09-13
Petar Ratkov,Levante,Desc,0,3304203,3400334,Disponible,2026-09-13
Pierre-Emerick Aubameyang,Deportivo,Desc,79,90957324,88645824,Disponible,2026-09-13
Pol Lozano,Espanyol,Desc,3,1159021,1185763,Disponible,2026-09-13
Quilindschy Hartman,Espanyol,Desc,-1,3836451,3947198,Disponible,2026-09-13
Rafa Rodríguez,Málaga,Desc,10,2866393,2951117,Disponible,2026-09-13
Rafel Bauzà,Espanyol,Desc,13,573851,576211,Disponible,2026-09-13
Ramón Enríquez,Málaga,Desc,-2,545183,546349,Disponible,2026-09-13
Ramón Terrats,Getafe,Desc,44,7582081,7504393,Disponible,2026-09-13
Randy Nteka,Rayo,Desc,10,1046992,1069066,Duda,2026-09-13
Raphinha,Barcelona,Desc,93,135971713,134911805,Disponible,2026-09-13
Raúl Asencio,Real Madrid,Desc,0,2087018,2129120,Disponible,2026-09-13
Raúl García,Osasuna,Desc,16,1552437,1569984,Disponible,2026-09-13
Raúl Jiménez,Valencia,Desc,0,1561503,0,Disponible,2026-09-13
Raul Moro,Osasuna,Desc,4,8901771,9147670,Disponible,2026-09-13
Renato Veiga,Villarreal,Desc,12,23660921,24127362,Disponible,2026-09-13
Robbie Ure,Sevilla,Desc,13,12116279,12354858,Disponible,2026-09-13
Robert Navarro,Athletic,Desc,42,6024440,5463645,Disponible,2026-09-13
Robin Le Normand,Atlético,Desc,15,9801124,10007294,Disponible,2026-09-13
Rockson Yeboah,Osasuna,Desc,-4,918304,935016,Disponible,2026-09-13
Rodrigo Gamón,Valencia,Desc,0,800000,800000,Disponible,2026-09-13
Rodrigo Mendoza,Atlético,Desc,23,1032350,1051864,Disponible,2026-09-13
Rodrigo Riquelme,Betis,Desc,54,16388635,15868806,Disponible,2026-09-13
Roger Hinojo,Espanyol,Desc,30,4737185,4786741,Disponible,2026-09-13
Romain Del Castillo,Osasuna,Desc,0,10850098,11165669,Disponible,2026-09-13
Roy Revivo,Elche,Desc,2,3965477,4081357,Disponible,2026-09-13
Rubén Gómez,Villarreal,Desc,0,464397,462197,Disponible,2026-09-13
Rubén Sánchez,Elche,Desc,0,429363,425703,Disponible,2026-09-13
Rubén Vargas,Sevilla,Desc,2,11397762,11739227,Lesionado,2026-09-13
Ryunosuke Sato,Valencia,Desc,20,7895336,8113744,Disponible,2026-09-13
Saba Sazonov,Getafe,Desc,7,792042,803494,Disponible,2026-09-13
Salvi Esquivel,Atlético,Desc,0,539831,540774,Disponible,2026-09-13
Santi Comesaña,Villarreal,Desc,19,18148696,18643323,Disponible,2026-09-13
Santiago Mouriño,Villarreal,Desc,17,19799962,20329762,Disponible,2026-09-13
Sebastián Boselli,Getafe,Desc,-3,1244814,1275131,Disponible,2026-09-13
Sebastián Cáceres,Celta,Desc,0,5500000,5500000,Disponible,2026-09-13
Selu Diallo,Alavés,Desc,0,602651,606211,Disponible,2026-09-13
Sergio Camello,Rayo,Desc,72,13286812,12251816,Disponible,2026-09-13
Sergio Canales,Racing,Desc,52,27611238,27375954,Disponible,2026-09-13
Sergio Carreira,Celta,Desc,17,6903109,6853758,Disponible,2026-09-13
Sergio Gómez,Real Sociedad,Desc,34,15933331,15759727,Disponible,2026-09-13
Sergio Herrera,Osasuna,Desc,18,34986087,35329518,Disponible,2026-09-13
Sergio José Lozano,Rayo,Desc,0,499960,499241,Disponible,2026-09-13
Sergio Martínez,Real Madrid,Desc,28,1564323,1595672,Disponible,2026-09-13
Sergio Mestre,Real Madrid,Desc,0,677860,677860,Disponible,2026-09-13
Simon Eriksson,Racing,Desc,0,1397068,1433729,Duda,2026-09-13
Stole Dimitrievski,Valencia,Desc,43,20273226,20353199,Disponible,2026-09-13
Takefusa Kubo,Real Sociedad,Desc,22,21906391,22330608,Disponible,2026-09-13
Tani Oluwaseyi,Villarreal,Desc,0,1343153,1377568,Disponible,2026-09-13
Tete Morente,Elche,Desc,28,1988670,1892322,Disponible,2026-09-13
Teun Gijselhart,Deportivo,Desc,3,1324058,1357677,Disponible,2026-09-13
Theo Folgado,Real Sociedad,Desc,0,702606,702606,Disponible,2026-09-13
Thibaut Courtois,Real Madrid,Desc,29,61681942,61796583,Disponible,2026-09-13
Thomas Lemar,Elche,Desc,14,3932699,3833251,Disponible,2026-09-13
Toni Martinez,Alavés,Desc,19,19082269,19394039,Disponible,2026-09-13
Trent Alexander-Arnold,Real Madrid,Desc,30,22162705,22229805,Disponible,2026-09-13
Tyrhys Dolan,Espanyol,Desc,22,15213573,15031288,Disponible,2026-09-13
Umar Sadiq,Valencia,Desc,19,3589198,3690048,Lesionado,2026-09-13
Unai López,Rayo,Desc,57,13658050,12979839,Disponible,2026-09-13
Unai Marrero,Real Sociedad,Desc,23,813932,799653,Disponible,2026-09-13
Unai Santos,Osasuna,Desc,0,501135,500465,Disponible,2026-09-13
Unai Simón,Athletic,Desc,64,49714300,49195828,Disponible,2026-09-13
Valentín Gómez,Betis,Desc,23,1696889,1716522,Disponible,2026-09-13
Vanja Drkusic,Espanyol,Desc,11,2010917,2067510,Disponible,2026-09-13
Víctor Chust,Elche,Desc,5,4608109,4653004,Disponible,2026-09-13
Víctor García,Levante,Desc,3,1036537,1058176,Disponible,2026-09-13
Ville Koski,Alavés,Desc,36,9158477,8573326,Disponible,2026-09-13
Williot Swedberg,Celta,Desc,31,4847407,4959751,Disponible,2026-09-13
Wojciech Szczesny,Barcelona,Desc,0,1274167,1301082,Disponible,2026-09-13
Xanet Oláiz,Alavés,Desc,2,475399,473657,Disponible,2026-09-13
Xavi Espart,Barcelona,Desc,63,21474290,19268269,Disponible,2026-09-13
Yangel Herrera,Real Sociedad,Desc,42,4596594,4457211,Disponible,2026-09-13
Yanis Musuayi,Levante,Desc,0,1284584,1316558,Disponible,2026-09-13
Yassir Zabiri,Racing,Desc,36,9458005,8924527,Disponible,2026-09-13
Yoel Lago,Celta,Desc,41,3967281,3655597,Disponible,2026-09-13
Youssouf Fofana,Sevilla,Desc,15,14145381,14027315,Disponible,2026-09-13
Zaid Romero,Getafe,Desc,27,27214554,27892212,Disponible,2026-09-13
Zakaria Eddahchouri,Deportivo,Desc,13,998784,1014230,Disponible,2026-09-13
Llorenç Serred,Espanyol,Desc,0,464411,463013,Disponible,2026-09-14
Aaron Ndive Mayol,Valencia,Desc,0,700000,700000,Disponible,2026-09-14
Abde Rebbach,Alavés,Desc,48,5099455,5099693,Disponible,2026-09-14
Abdel Abqar,Getafe,Desc,6,4213858,4342220,Duda,2026-09-14
Abdoulaye Faye,Celta,Desc,3,2078864,2139943,Disponible,2026-09-14
Abel Bretones,Osasuna,Desc,34,9767913,9628093,Disponible,2026-09-14
Abiel Osorio,Elche,Desc,3,734927,744800,Disponible,2026-09-14
Adam Aznou,Málaga,Desc,0,1017279,0,Disponible,2026-09-14
Adama Timera,Espanyol,Desc,0,499878,499957,Disponible,2026-09-14
Ademola Lookman,Atlético,Desc,25,50726815,51736084,Disponible,2026-09-14
Adrià Altimira,Deportivo,Desc,14,4660978,4763507,Disponible,2026-09-14
Adrià Pedrosa,Rayo,Desc,-2,2505631,2550223,Disponible,2026-09-14
Adrián Molina,Rayo,Desc,0,527605,528840,Disponible,2026-09-14
Adrián Niño,Málaga,Desc,0,1105188,1123698,Disponible,2026-09-14
Aimar Blázquez,Valencia,Desc,0,580962,581656,Disponible,2026-09-14
Aimar Oroz,Osasuna,Desc,17,9596431,9885319,Lesionado,2026-09-14
Aissa Mandi,Levante,Desc,46,12787417,12694543,Disponible,2026-09-14
Aitor Fraga,Real Sociedad,Desc,0,601574,602234,Disponible,2026-09-14
Aitor Mañas,Alavés,Desc,6,456347,454612,Lesionado,2026-09-14
Aitor Paredes,Athletic,Desc,42,12801115,12651388,Disponible,2026-09-14
Alassane Diatta,Villarreal,Desc,0,460976,459434,Disponible,2026-09-14
Alberto Calatrava,Levante,Desc,0,606279,610792,Disponible,2026-09-14
Alberto Moleiro,Villarreal,Desc,38,41227046,42070321,Disponible,2026-09-14
Alberto Risco,Getafe,Desc,3,506764,507130,Disponible,2026-09-14
Aleix Febas,Celta,Desc,19,15656216,16103212,Duda,2026-09-14
Alejandro Balde,Barcelona,Desc,0,12692710,13042155,Disponible,2026-09-14
Alejandro Catena,Osasuna,Desc,34,35310248,35999951,Disponible,2026-09-14
Alejandro Iturbe,Elche,Desc,0,547492,549555,Disponible,2026-09-14
Alejandro Panach,Valencia,Desc,0,501311,501909,Disponible,2026-09-14
Alejandro Rego,Athletic,Desc,0,2177324,2241923,Disponible,2026-09-14
Alemão,Rayo,Desc,11,1702901,1747772,Disponible,2026-09-14
Álex Baena,Atlético,Desc,65,65566018,66527635,Disponible,2026-09-14
Álex Berenguer,Athletic,Desc,50,10331296,10161225,Disponible,2026-09-14
Álex Calatrava,Espanyol,Desc,42,6505976,6598176,Disponible,2026-09-14
Alex Freeman,Villarreal,Desc,11,1344117,1376234,Disponible,2026-09-14
Álex Grimaldo,Atlético,Desc,22,30738218,31386238,Disponible,2026-09-14
Alex Lebarbier,Real Sociedad,Desc,0,601574,602234,Disponible,2026-09-14
Alex Marchal,Real Sociedad,Desc,11,594188,598197,Disponible,2026-09-14
Alex Padilla,Athletic,Desc,0,798287,810800,Disponible,2026-09-14
Álex Pastor,Málaga,Desc,0,407354,403578,Disponible,2026-09-14
Álex Remiro,Real Sociedad,Desc,49,38182592,38525534,Disponible,2026-09-14
Alexis Ciria,Real Madrid,Desc,0,626827,632196,Disponible,2026-09-14
Alfonso Herrero,Málaga,Desc,39,15410667,14870789,Disponible,2026-09-14
Aliou Dieng,Valencia,Desc,28,2156780,2179300,Disponible,2026-09-14
Altay Bayindir,Celta,Desc,0,1172907,1201029,Disponible,2026-09-14
Álvaro Djaló,Athletic,Desc,2,610907,615613,Disponible,2026-09-14
Álvaro Fidalgo,Betis,Desc,3,1332751,1367234,Disponible,2026-09-14
Álvaro García,Rayo,Desc,38,18146910,18435494,Disponible,2026-09-14
Álvaro Mantilla,Racing,Desc,22,1760016,1789828,Disponible,2026-09-14
Álvaro Padilla,Elche,Desc,0,667953,675035,Disponible,2026-09-14
Álvaro Valles,Betis,Desc,73,50768736,50615564,Disponible,2026-09-14
Ander Barrenetxea,Real Sociedad,Desc,22,20642892,20985807,Disponible,2026-09-14
Ander Guevara,Alavés,Desc,0,635898,641645,Disponible,2026-09-14
André Almeida,Racing,Desc,-2,1362254,1398266,Disponible,2026-09-14
Andrei Ratiu,Rayo,Desc,24,25023045,25407409,Disponible,2026-09-14
Andrés Antañón,Celta,Desc,3,581040,581700,Duda,2026-09-14
Andrés Castrín,Sevilla,Desc,37,4194711,3985971,Disponible,2026-09-14
Andrés García,Getafe,Desc,34,8283754,8414357,Duda,2026-09-14
Andrés Martín,Racing,Desc,30,13661342,14055865,Lesionado,2026-09-14
Andrés Vallecillo,Racing,Desc,0,499222,499274,Disponible,2026-09-14
Andriy Lunin,Real Madrid,Desc,0,1292550,1317834,Disponible,2026-09-14
Ángel Fortuño,Espanyol,Desc,0,456879,455167,Disponible,2026-09-14
Ángel Ortiz,Betis,Desc,15,1045636,1068455,Disponible,2026-09-14
Ángel Pérez,Alavés,Desc,65,18427325,17485142,Disponible,2026-09-14
Angel Recio,Málaga,Desc,21,1758812,1723227,Disponible,2026-09-14
Angeliño,Deportivo,Desc,0,8659588,8887010,Disponible,2026-09-14
Ante Budimir,Osasuna,Desc,77,62928532,62438605,Disponible,2026-09-14
Anthony Gordon,Barcelona,Desc,45,88112186,87838528,Disponible,2026-09-14
Antonio Blanco,Alavés,Desc,48,20188408,20094545,Disponible,2026-09-14
Antonio Rüdiger,Real Madrid,Desc,24,20705581,20877570,Disponible,2026-09-14
Antonio Sivera,Alavés,Desc,58,43299421,43400786,Disponible,2026-09-14
Antony,Betis,Desc,46,58451377,58911318,Disponible,2026-09-14
Arda Güler,Real Madrid,Desc,69,88889463,87275251,Disponible,2026-09-14
Arnau Comas,Deportivo,Desc,0,508563,509004,Disponible,2026-09-14
Arnau Ortiz,Atlético,Desc,12,902200,919043,Disponible,2026-09-14
Arnaut Danjuma,Valencia,Desc,19,4513038,4568314,Disponible,2026-09-14
Arouna Sangante,Sevilla,Desc,18,8753045,9001708,Duda,2026-09-14
Arsen Zakharyan,Real Sociedad,Desc,2,606027,610529,Disponible,2026-09-14
Asier Bonel,Osasuna,Desc,0,600000,600000,Disponible,2026-09-14
Asier Osambela,Osasuna,Desc,12,458464,456818,Disponible,2026-09-14
Asier Villalibre,Racing,Desc,11,4153646,4269034,Disponible,2026-09-14
Augusto Batalla,Rayo,Desc,21,18726389,19283323,Lesionado,2026-09-14
Aurélien Tchouaméni,Real Madrid,Desc,0,22740875,22970179,Disponible,2026-09-14
Axel Tape,Levante,Desc,0,2042259,2103805,Disponible,2026-09-14
Aymeric Laporte,Athletic,Desc,30,43151357,42729169,Disponible,2026-09-14
Beñat Gerenabarrena,Athletic,Desc,45,3411703,3244231,Disponible,2026-09-14
Beñat Prados,Athletic,Desc,0,751547,762113,Disponible,2026-09-14
Beñat Turrientes,Real Sociedad,Desc,43,6812792,6655058,Disponible,2026-09-14
Bernardo Silva,Real Madrid,Desc,34,43255585,44159011,Disponible,2026-09-14
Bil Nsongo,Deportivo,Desc,22,7583045,7556590,Disponible,2026-09-14
Borja Iglesias,Celta,Desc,0,14165283,14500218,Duda,2026-09-14
Borja Mayoral,Getafe,Desc,1,1512585,1554860,Disponible,2026-09-14
Boyomo,Osasuna,Desc,14,15953126,16410877,Disponible,2026-09-14
Brian Fariñas,Barcelona,Desc,0,645276,651414,Disponible,2026-09-14
Bright Ede,Deportivo,Desc,19,4224767,4274259,Disponible,2026-09-14
Buba Sangaré,Elche,Desc,19,3683549,3675431,Disponible,2026-09-14
Carl Starfelt,Celta,Desc,29,10417703,10523603,Disponible,2026-09-14
Carles Aleñá,Alavés,Desc,23,2937779,2941062,Disponible,2026-09-14
Carlos Dotor,Málaga,Desc,41,4953542,5007163,Disponible,2026-09-14
Carlos Espí,Real Madrid,Desc,16,13941279,14124238,Disponible,2026-09-14
Carlos López,Málaga,Desc,0,410241,406585,Disponible,2026-09-14
Carlos Macià,Villarreal,Desc,11,651660,658064,Disponible,2026-09-14
Carlos Puga,Málaga,Desc,11,3815153,3917752,Disponible,2026-09-14
Carlos Romero,Villarreal,Desc,15,23917193,24593116,Disponible,2026-09-14
Carlos Soler,Real Sociedad,Desc,41,30603168,30937735,Disponible,2026-09-14
César Tárrega,Valencia,Desc,36,9469071,9759265,Duda,2026-09-14
Cheikh Thiam,Villarreal,Desc,0,607791,612367,Disponible,2026-09-14
Chidera Ejuke,Sevilla,Desc,24,5954499,5831857,Disponible,2026-09-14
Chupete,Málaga,Desc,27,27773463,28473094,Disponible,2026-09-14
Clemens Riedel,Espanyol,Desc,28,5273844,5151580,Disponible,2026-09-14
Coke Carrillo,Celta,Desc,0,1567556,0,Disponible,2026-09-14
Couhaib Driouech,Celta,Desc,11,2954562,3029704,Disponible,2026-09-14
Cristian Rivero,Valencia,Desc,0,441948,439614,Disponible,2026-09-14
Cristian Romero,Atlético,Desc,0,30766582,31104591,Disponible,2026-09-14
Dakonam Djené,Getafe,Desc,12,15706968,15810604,Disponible,2026-09-14
Dani Cárdenas,Rayo,Desc,13,1378009,1391661,Disponible,2026-09-14
Dani Lorenzo,Málaga,Desc,27,11526231,11557183,Disponible,2026-09-14
Dani Martínez,Atlético,Desc,12,522976,524018,Disponible,2026-09-14
Dani Olmo,Barcelona,Desc,31,48185020,48199618,Disponible,2026-09-14
Dani Requena,Levante,Desc,2,980018,1000103,Disponible,2026-09-14
Daniel Raba,Valencia,Desc,2,797431,809908,Disponible,2026-09-14
David Hancko,Atlético,Desc,33,37897896,38330918,Disponible,2026-09-14
David Larrubia,Málaga,Desc,51,27809083,28439272,Disponible,2026-09-14
David Mella,Deportivo,Desc,5,1979398,2031282,Disponible,2026-09-14
David Otorbi,Valencia,Desc,17,601574,602292,Disponible,2026-09-14
David Soria,Getafe,Desc,42,36008227,35987220,Disponible,2026-09-14
Davinchi,Getafe,Desc,8,1558368,1602551,Disponible,2026-09-14
Dean Huijsen,Real Madrid,Desc,42,58033889,57755035,Disponible,2026-09-14
Denis Suárez,Alavés,Desc,33,2506889,2501515,Disponible,2026-09-14
Denzel Dumfries,Real Madrid,Desc,32,34394186,34890145,Disponible,2026-09-14
Diego Ferrer,Getafe,Desc,0,508425,508860,Disponible,2026-09-14
Diego Rico,Osasuna,Desc,4,2457192,2528384,Disponible,2026-09-14
Diego Villares,Deportivo,Desc,8,1271434,1303661,Disponible,2026-09-14
Dimitri Foulquier,Valencia,Desc,0,1017043,1038671,Lesionado,2026-09-14
Dominik Livakovic,Barcelona,Desc,0,2554910,2618565,Disponible,2026-09-14
Eder Aller,Barcelona,Desc,0,701836,702705,Disponible,2026-09-14
Edu Altozano,Sevilla,Desc,0,476073,475160,Disponible,2026-09-14
Edu Expósito,Espanyol,Desc,55,30046194,29243222,Disponible,2026-09-14
Eduardo Camavinga,Real Madrid,Desc,10,8823020,8845907,Disponible,2026-09-14
Einar Galilea,Málaga,Desc,23,5540696,5450171,Disponible,2026-09-14
Emil Audero,Rayo,Desc,-2,5174973,5199431,Disponible,2026-09-14
Endrick,Real Madrid,Desc,0,3694723,3780669,Disponible,2026-09-14
Eneko Jauregi,Málaga,Desc,2,696989,705281,Disponible,2026-09-14
Enes Ünal,Getafe,Desc,24,18210080,18495532,Disponible,2026-09-14
Eric Garcia,Barcelona,Desc,38,47812460,48297462,Disponible,2026-09-14
Ezequiel Ponce,Elche,Desc,10,969247,988883,Disponible,2026-09-14
Facundo Bernal,Betis,Desc,37,14274840,14075767,Disponible,2026-09-14
Facundo Buonanotte,Elche,Desc,35,3644465,3644254,Disponible,2026-09-14
Federico Redondo,Elche,Desc,43,1094162,1087735,Disponible,2026-09-14
Federico Valverde,Real Madrid,Desc,52,67343448,68090577,Disponible,2026-09-14
Félix Correia,Sevilla,Desc,9,5863448,5953416,Disponible,2026-09-14
Ferran Jutglà,Celta,Desc,11,7494047,7434721,Disponible,2026-09-14
Filip Ugrinic,Valencia,Desc,63,3426426,3462265,Disponible,2026-09-14
Florian Lejeune,Rayo,Desc,23,21809234,22361184,Disponible,2026-09-14
Fran García,Betis,Desc,28,28862159,27801924,Disponible,2026-09-14
Fran González,Sevilla,Desc,0,504417,504685,Disponible,2026-09-14
Gabriel Moscardo,Espanyol,Desc,22,3959964,4065237,Disponible,2026-09-14
Gabriel Suazo,Sevilla,Desc,42,4597874,4401977,Disponible,2026-09-14
Georges Mikautadze,Villarreal,Desc,31,56356681,57539932,Disponible,2026-09-14
Georgiy Tsitaishvili,Rayo,Desc,9,1366477,1389720,Disponible,2026-09-14
Gerard Martín,Barcelona,Desc,46,52535796,52593958,Disponible,2026-09-14
Germán Parreño,Deportivo,Desc,0,473643,472629,Disponible,2026-09-14
Germán Valera,Elche,Desc,51,13914722,14162376,Disponible,2026-09-14
Giacomo Quagliata,Deportivo,Desc,13,3758632,3707830,Disponible,2026-09-14
Giorgi Guliashvili,Racing,Desc,1,918092,935597,Disponible,2026-09-14
Giorgi Kochorashvili,Sevilla,Desc,15,6861394,6932449,Disponible,2026-09-14
Gnangoro Bouare,Rayo,Desc,23,800000,800000,Disponible,2026-09-14
Gonçalo Guedes,Real Sociedad,Desc,19,17855807,18152743,Disponible,2026-09-14
Gonzalo Villar,Elche,Desc,66,10095498,10095977,Disponible,2026-09-14
Gorka Carrera,Real Sociedad,Desc,0,538538,540228,Disponible,2026-09-14
Gorka Guruzeta,Athletic,Desc,5,8908281,9177680,Duda,2026-09-14
Grady Diangana,Elche,Desc,0,651971,658387,Disponible,2026-09-14
Grégoire Swiderski,Alavés,Desc,0,476608,475718,Disponible,2026-09-14
Hamza Abdelkarim,Barcelona,Desc,2,3075553,3133477,Disponible,2026-09-14
Héctor Bellerín,Betis,Desc,28,17174719,17137452,Disponible,2026-09-14
Héctor Fort,Real Sociedad,Desc,3,3440758,3449056,Disponible,2026-09-14
Hugo Burcio,Celta,Desc,0,601574,602257,Disponible,2026-09-14
Hugo Duro,Valencia,Desc,7,5194754,5329690,Disponible,2026-09-14
Hugo González,Celta,Desc,27,1099909,1046880,Disponible,2026-09-14
Hugo Novoa,Alavés,Desc,0,574045,577215,Disponible,2026-09-14
Hugo Pérez,Racing,Desc,0,769732,781055,Disponible,2026-09-14
Hugo Rincón,Athletic,Desc,4,1613229,1657692,Disponible,2026-09-14
Hugo Sotelo,Levante,Desc,9,886484,902672,Disponible,2026-09-14
Iago Aspas,Celta,Desc,21,6694362,6715214,Lesionado,2026-09-14
Ibai Aguirre,R. Sociedad B,Desc,0,601574,602257,Disponible,2026-09-14
Ibrahima Konaté,Real Madrid,Desc,22,42004965,42613672,Disponible,2026-09-14
Ifeanyi Ndukwe,Levante,Desc,0,1552953,1596910,Disponible,2026-09-14
Igor Galdin,Levante,Desc,0,499979,500063,Disponible,2026-09-14
Igor Zubeldia,Real Sociedad,Desc,36,10497927,10475524,Duda,2026-09-14
Iker Córdoba,Valencia,Desc,2,900000,900000,Disponible,2026-09-14
Iker Losada,Betis,Desc,0,1176416,1204684,Disponible,2026-09-14
Iker Luque,Racing,Desc,0,1457833,1497827,Disponible,2026-09-14
Iker Monreal,Athletic,Desc,0,601574,602257,Disponible,2026-09-14
Iker Muñoz,Sevilla,Desc,38,476073,475160,Disponible,2026-09-14
Iker Muñoz,Osasuna,Desc,38,1946069,1922887,Disponible,2026-09-14
Iker Muñoz,Sevilla,Desc,0,476073,475160,Disponible,2026-09-14
Iker Muñoz,Osasuna,Desc,0,1946069,1922887,Disponible,2026-09-14
Ilaix Moriba,Celta,Desc,32,6907798,6817901,Disponible,2026-09-14
Ilias Akhomach,Villarreal,Desc,3,2620573,2687560,Disponible,2026-09-14
Iñigo Arguibide,Osasuna,Desc,30,3488895,3462893,Disponible,2026-09-14
Íñigo Sainz-Maza,Racing,Desc,0,521505,522485,Disponible,2026-09-14
Iñigo Vicente,Racing,Desc,69,31096311,30162694,Disponible,2026-09-14
Ionut Radu,Celta,Desc,57,40392907,39643121,Disponible,2026-09-14
Isaac Romero,Sevilla,Desc,19,5824885,5873400,Disponible,2026-09-14
Iván Alonso,Rayo,Desc,0,464411,463013,Disponible,2026-09-14
Iván Azón,Getafe,Desc,0,4345654,4460019,Disponible,2026-09-14
Iván Balliu,Rayo,Desc,2,645791,651950,Disponible,2026-09-14
Iván Martín,Racing,Desc,51,8039082,8112798,Disponible,2026-09-14
Iván Romero,Levante,Desc,26,5603929,5611154,Disponible,2026-09-14
Iván Villar,Celta,Desc,0,591046,594924,Disponible,2026-09-14
Izan Merino,Málaga,Desc,21,3916943,4001312,Disponible,2026-09-14
Jan Oblak,Atlético,Desc,27,45739947,46078408,Disponible,2026-09-14
Jaume Durá,Valencia,Desc,0,700000,700000,Disponible,2026-09-14
Javi Galán,Celta,Desc,20,8314087,8512737,Disponible,2026-09-14
Javi Guerra,Valencia,Desc,33,19464985,19836482,Disponible,2026-09-14
Javi Morcillo,Elche,Desc,29,699975,692018,Disponible,2026-09-14
Javi Navarro,Real Madrid,Desc,0,701836,702622,Disponible,2026-09-14
Javi Rodríguez,Celta,Desc,16,8956568,9184705,Disponible,2026-09-14
Javi Rueda,Celta,Desc,32,4095992,3964263,Disponible,2026-09-14
Javier Hernández,Espanyol,Desc,47,15265058,14821453,Disponible,2026-09-14
Jean Ives Valou,Getafe,Desc,-5,476073,475160,Disponible,2026-09-14
Jeanuël Belocian,Racing,Desc,20,3012860,2959726,Disponible,2026-09-14
Jeremy Toljan,Levante,Desc,7,2155986,2208364,Disponible,2026-09-14
Jesús Areso,Athletic,Desc,37,4120740,4044907,Disponible,2026-09-14
Jesús Vázquez,Valencia,Desc,25,1745088,1790004,Disponible,2026-09-14
Jiri Letácek,Getafe,Desc,0,505024,505318,Disponible,2026-09-14
Joan Garcia,Barcelona,Desc,44,74165675,73933758,Disponible,2026-09-14
Joao Cancelo,Barcelona,Desc,3,30419263,31038834,Disponible,2026-09-14
Job Ochieng,Real Sociedad,Desc,33,1169732,1084069,Disponible,2026-09-14
Johan Mojica,Getafe,Desc,38,15439388,15608266,Disponible,2026-09-14
Johnny Cardoso,Atlético,Desc,5,2841567,2906087,Disponible,2026-09-14
Jon Ander Olasagasti,Levante,Desc,66,8967973,8666850,Disponible,2026-09-14
Jon Aramburu,Real Sociedad,Desc,44,18860517,18643702,Disponible,2026-09-14
Jon Gorrotxategi,Real Sociedad,Desc,4,2902416,2975429,Disponible,2026-09-14
Jon Guridi,Sevilla,Desc,30,7009246,7154477,Disponible,2026-09-14
Jon Martín,Real Sociedad,Desc,19,24895871,25106226,Disponible,2026-09-14
Jon Moncayola,Osasuna,Desc,44,7529312,7597970,Disponible,2026-09-14
Jon Pacheco,Real Sociedad,Desc,3,1883720,1934687,Disponible,2026-09-14
Jonathan Asp Jensen,Deportivo,Desc,16,4249766,4362041,Disponible,2026-09-14
Jonathan David,Atlético,Desc,0,30750713,31549366,Disponible,2026-09-14
Jonathan Dubasin,Osasuna,Desc,17,7334393,7530918,Disponible,2026-09-14
Jones El-Abdellaoui,Celta,Desc,12,885966,902132,Duda,2026-09-14
Jordi Pesquer,Barcelona,Desc,0,600000,600000,Disponible,2026-09-14
Jorge Cabello,Levante,Desc,0,542650,544511,Disponible,2026-09-14
Jorge Castellanos,Racing,Desc,0,499878,499957,Disponible,2026-09-14
Jorge Castillo,Atlético,Desc,0,1000000,1000000,Disponible,2026-09-14
Jorge Cestero,Real Madrid,Desc,0,497696,497684,Disponible,2026-09-14
Jorge Herrando,Osasuna,Desc,24,1578644,1619997,Lesionado,2026-09-14
Jorge Salinas,Racing,Desc,54,6959080,6927983,Disponible,2026-09-14
José Ángel Carmona,Sevilla,Desc,2,2148381,2206653,Disponible,2026-09-14
José Gayà,Valencia,Desc,21,7467804,7611319,Disponible,2026-09-14
José María Giménez,Deportivo,Desc,6,8006613,7587808,Disponible,2026-09-14
José Salinas,Málaga,Desc,9,796508,798692,Disponible,2026-09-14
Joseph Otu,Málaga,Desc,0,675226,682611,Disponible,2026-09-14
Jozhua Vertrouwd,Rayo,Desc,-1,684803,692587,Lesionado,2026-09-14
Juan Berrocal,Málaga,Desc,0,808787,821737,Disponible,2026-09-14
Juan Carlos Arana,Racing,Desc,-1,532412,533847,Disponible,2026-09-14
Juan Cruz,Málaga,Desc,13,7563678,7771610,Disponible,2026-09-14
Juan Foyth,Villarreal,Desc,28,14153697,14547164,Lesionado,2026-09-14
Juan Iglesias,Sevilla,Desc,61,12585031,11993648,Disponible,2026-09-14
Juan Musso,Atlético,Desc,0,2200855,2257261,Disponible,2026-09-14
Juani,Málaga,Desc,0,1000000,1000000,Disponible,2026-09-14
Jude Bellingham,Real Madrid,Desc,104,119602120,118716884,Disponible,2026-09-14
Julen Agirrezabala,Racing,Desc,68,17450428,16463353,Disponible,2026-09-14
Julen Lobete,Málaga,Desc,0,529026,530320,Lesionado,2026-09-14
Jules Koundé,Barcelona,Desc,14,28783892,29030678,Disponible,2026-09-14
Julio Díaz,Sevilla,Desc,0,433223,430525,Disponible,2026-09-14
Karim Adeyemi,Barcelona,Desc,25,48227838,48389628,Disponible,2026-09-14
Karl Etta Eyong,Levante,Desc,10,13901371,14316670,Lesionado,2026-09-14
Kevin Sánchez,Deportivo,Desc,0,575533,578765,Disponible,2026-09-14
Kike Barja,Osasuna,Desc,26,1602539,1619163,Disponible,2026-09-14
Kike Ribes,Celta Fortuna,Desc,0,600000,600000,Disponible,2026-09-14
Kike Salas,Sevilla,Desc,36,8635438,8293941,Disponible,2026-09-14
Kiko Femenia,Getafe,Desc,2,2176258,2241618,Lesionado,2026-09-14
Kylian Mbappé,Real Madrid,Desc,107,141598048,140254454,Disponible,2026-09-14
Lamine Yamal,Barcelona,Desc,92,138540989,137062152,Disponible,2026-09-14
Laro Gómez,Racing,Desc,0,601574,602234,Disponible,2026-09-14
Leandro Cabrera,Espanyol,Desc,23,10245560,9910493,Disponible,2026-09-14
Leo Román,Deportivo,Desc,29,36938084,37068118,Disponible,2026-09-14
Logan Costa,Villarreal,Desc,-2,690977,692872,Disponible,2026-09-14
Lorenzo Amatucci,Deportivo,Desc,49,18099088,17993614,Disponible,2026-09-14
Lucas Boyé,Alavés,Desc,67,25908761,24658605,Disponible,2026-09-14
Lucas Cepeda,Elche,Desc,24,1070966,1060539,Disponible,2026-09-14
Lucas Noubi,Deportivo,Desc,28,15066574,14968475,Disponible,2026-09-14
Lucas Stassin,Sevilla,Desc,18,19922106,20442526,Disponible,2026-09-14
Lucas Torró,Osasuna,Desc,13,1571191,1608728,Disponible,2026-09-14
Lucien Agoume,Sevilla,Desc,60,9268934,8852811,Disponible,2026-09-14
Luis Rioja,Valencia,Desc,9,5690024,5860763,Duda,2026-09-14
Luiz Junior,Villarreal,Desc,8,27394138,27857949,Disponible,2026-09-14
Luken Beitia,Real Sociedad,Desc,-6,456855,455142,Disponible,2026-09-14
Manel Usedo,Levante,Desc,0,535345,536902,Disponible,2026-09-14
Manu Bueno,Sevilla,Desc,5,541133,542931,Disponible,2026-09-14
Manu González,Betis,Desc,0,581040,581691,Disponible,2026-09-14
Manu Hernando,Racing,Desc,22,2564764,2616912,Disponible,2026-09-14
Manu Sánchez,Levante,Desc,55,5428386,5386912,Disponible,2026-09-14
Manuel Ángel Castillo,Sevilla,Desc,0,900000,900000,Disponible,2026-09-14
Marash Kumbulla,Rayo,Desc,0,2282843,2348424,Disponible,2026-09-14
Marc Aguado,Elche,Desc,26,4274602,4385732,Disponible,2026-09-14
Marc Bartra,Betis,Desc,62,37675467,37159470,Disponible,2026-09-14
Marc Bernal,Barcelona,Desc,46,22153554,21306511,Disponible,2026-09-14
Marc Casadó,Deportivo,Desc,2,5061910,4746670,Disponible,2026-09-14
Marc Cucurella,Real Madrid,Desc,29,58400929,59376526,Disponible,2026-09-14
Marc Roca,Betis,Desc,37,12517916,12074283,Disponible,2026-09-14
Marc Santos,Levante,Desc,3,570814,573849,Disponible,2026-09-14
Marcão,Sevilla,Desc,0,484484,483922,Disponible,2026-09-14
Marco Román,Rayo,Desc,0,535345,536902,Disponible,2026-09-14
Marcos Navarro,Valencia,Desc,0,501311,501909,Disponible,2026-09-14
Mario Martín,Getafe,Desc,17,2735011,2786642,Disponible,2026-09-14
Mario Rivas,Real Madrid,Desc,0,700000,700000,Disponible,2026-09-14
Marko Dmitrovic,Espanyol,Desc,74,40327788,39980213,Disponible,2026-09-14
Maroan Sannadi,Athletic,Desc,4,428145,425235,Disponible,2026-09-14
Martim Neto,Elche,Desc,9,1067575,1091308,Disponible,2026-09-14
Martín Satriano,Getafe,Desc,27,20122816,20214188,Disponible,2026-09-14
Mathew Ryan,Levante,Desc,68,28634963,27645113,Disponible,2026-09-14
Matia Barzic,Elche,Desc,0,538881,540585,Disponible,2026-09-14
Matías Dituro,Elche,Desc,9,9147377,9144155,Disponible,2026-09-14
Matteo Prati,Racing,Desc,18,3132310,3213555,Disponible,2026-09-14
Mauro Echegoyen,Osasuna,Desc,0,484041,483460,Disponible,2026-09-14
Miguel Cubo,Atlético,Desc,0,485886,485382,Disponible,2026-09-14
Miguel Loureiro,Deportivo,Desc,12,2007172,2062566,Disponible,2026-09-14
Miguel Román,Celta,Desc,43,11294215,10916595,Disponible,2026-09-14
Miguel Sierra,Sevilla,Desc,42,4853343,4684966,Disponible,2026-09-14
Mikel Jauregizar,Athletic,Desc,21,14917121,15296160,Disponible,2026-09-14
Mikel Oyarzabal,Real Sociedad,Desc,39,56138177,56817771,Disponible,2026-09-14
Mikel Rodriguez,Alavés,Desc,39,2243803,2306687,Lesionado,2026-09-14
Moi Gómez,Osasuna,Desc,37,3593939,3693753,Lesionado,2026-09-14
Morten Hjulmand,Atlético,Desc,41,22328018,22742740,Disponible,2026-09-14
Mouctar Diakhaby,Valencia,Desc,12,3443641,3548448,Lesionado,2026-09-14
Nacho Pérez,Levante,Desc,48,2128154,2068601,Disponible,2026-09-14
Nahuel Tenaglia,Alavés,Desc,67,34054571,33824361,Disponible,2026-09-14
Natan,Betis,Desc,28,29972197,30318269,Disponible,2026-09-14
Nathan-Dylan Saliba,Villarreal,Desc,22,6837122,6820399,Disponible,2026-09-14
Nelson Deossa,Betis,Desc,27,2768447,2753128,Disponible,2026-09-14
Nemanja Gudelj,Getafe,Desc,2,6279637,6375675,Disponible,2026-09-14
Nico Guillén,Sevilla,Desc,14,2217856,2283986,Disponible,2026-09-14
Nico Serrano,Athletic,Desc,0,561558,564207,Disponible,2026-09-14
Nicolas Pépé,Villarreal,Desc,60,63937666,64401417,Disponible,2026-09-14
Nicolás Valentini,Alavés,Desc,-2,667455,674517,Disponible,2026-09-14
Odysseas Vlachodimos,Sevilla,Desc,38,29326240,28807517,Disponible,2026-09-14
Oihan Sancet,Athletic,Desc,60,43264160,42527108,Disponible,2026-09-14
Omar El Hilali,Espanyol,Desc,55,15003730,14179508,Disponible,2026-09-14
Orel Mangala,Getafe,Desc,30,11828405,12003820,Disponible,2026-09-14
Oriol Rey,Levante,Desc,32,2013820,1933924,Disponible,2026-09-14
Orri Steinn Óskarsson,Real Sociedad,Desc,22,7343817,7463379,Disponible,2026-09-14
Óscar López,Getafe,Desc,0,700000,700000,Disponible,2026-09-14
Óscar Valentín,Rayo,Desc,29,3536159,3590384,Disponible,2026-09-14
Pablo Barrios,Atlético,Desc,49,53041668,54609855,Lesionado,2026-09-14
Pablo Durán,Celta,Desc,10,697589,705906,Disponible,2026-09-14
Pablo Fornals,Betis,Desc,35,47779360,48425848,Disponible,2026-09-14
Pablo García,Racing,Desc,39,6742588,6309519,Disponible,2026-09-14
Pablo García,Deportivo,Desc,39,463623,468964,Disponible,2026-09-14
Pablo Gavi,Barcelona,Desc,2,16484355,16839296,Disponible,2026-09-14
Pablo Ibáñez,Alavés,Desc,45,10333091,10037895,Disponible,2026-09-14
Pablo Maffeo,Valencia,Desc,8,6621774,6800498,Disponible,2026-09-14
Pablo Martínez,Málaga,Desc,10,4537724,4596775,Disponible,2026-09-14
Pablo Ramón,Racing,Desc,44,1809718,1735029,Disponible,2026-09-14
Paco Cortés,Levante,Desc,7,541953,543785,Disponible,2026-09-14
Pape Gueye,Villarreal,Desc,50,35469693,36249670,Disponible,2026-09-14
Pau Cubarsí,Barcelona,Desc,28,65611395,65758661,Disponible,2026-09-14
Pau Navarro,Villarreal,Desc,0,4229532,4342697,Disponible,2026-09-14
Pedro Bigas,Elche,Desc,-10,2409131,2477476,Disponible,2026-09-14
Pedro Díaz,Rayo,Desc,31,1137926,1145344,Disponible,2026-09-14
Pedro Felipe,Racing,Desc,1,1165568,1193384,Disponible,2026-09-14
Peio Canales,Athletic,Desc,28,7367781,7575401,Duda,2026-09-14
Pepelu,Valencia,Desc,49,9377037,9441921,Disponible,2026-09-14
Peque,Sevilla,Desc,21,2552424,2624049,Disponible,2026-09-14
Pere Milla,Espanyol,Desc,3,4608790,4734764,Disponible,2026-09-14
Petar Ratkov,Levante,Desc,0,3213585,3304198,Disponible,2026-09-14
Pierre-Emerick Aubameyang,Deportivo,Desc,79,93632736,90955185,Disponible,2026-09-14
Pol Lozano,Espanyol,Desc,3,1132577,1159019,Disponible,2026-09-14
Quilindschy Hartman,Espanyol,Desc,-1,3728874,3836447,Disponible,2026-09-14
Rafa Rodríguez,Málaga,Desc,10,2784185,2866389,Disponible,2026-09-14
Rafel Bauzà,Espanyol,Desc,13,570814,573849,Disponible,2026-09-14
Ramón Enríquez,Málaga,Desc,-2,543293,545181,Disponible,2026-09-14
Ramón Terrats,Getafe,Desc,44,7697677,7582043,Disponible,2026-09-14
Randy Nteka,Rayo,Desc,10,1025028,1046989,Duda,2026-09-14
Raphinha,Barcelona,Desc,93,136850475,135971067,Disponible,2026-09-14
Raúl Asencio,Real Madrid,Desc,0,2044320,2087010,Disponible,2026-09-14
Raúl García,Osasuna,Desc,19,1541801,1552421,Disponible,2026-09-14
Raúl Jiménez,Valencia,Desc,0,1561503,0,Disponible,2026-09-14
Raul Moro,Osasuna,Desc,8,8676762,8901755,Disponible,2026-09-14
Renato Veiga,Villarreal,Desc,12,23113487,23660871,Disponible,2026-09-14
Robbie Ure,Sevilla,Desc,13,11867879,12116253,Disponible,2026-09-14
Robert Navarro,Athletic,Desc,59,6670381,6024514,Disponible,2026-09-14
Robin Le Normand,Atlético,Desc,15,9589385,9801090,Disponible,2026-09-14
Rockson Yeboah,Osasuna,Desc,-1,901488,918301,Disponible,2026-09-14
Rodrigo Gamón,Valencia,Desc,0,800000,800000,Disponible,2026-09-14
Rodrigo Mendoza,Atlético,Desc,23,1017106,1032347,Disponible,2026-09-14
Rodrigo Riquelme,Betis,Desc,54,16955536,16388330,Disponible,2026-09-14
Roger Hinojo,Espanyol,Desc,40,4776699,4737158,Disponible,2026-09-14
Romain Del Castillo,Osasuna,Desc,3,10532675,10850084,Disponible,2026-09-14
Roy Revivo,Elche,Desc,13,3866263,3965472,Disponible,2026-09-14
Rubén Gómez,Villarreal,Desc,0,465738,464395,Disponible,2026-09-14
Rubén Sánchez,Elche,Desc,-4,432106,429361,Disponible,2026-09-14
Rubén Vargas,Sevilla,Desc,2,11060490,11397748,Lesionado,2026-09-14
Ryunosuke Sato,Valencia,Desc,20,7681225,7895320,Disponible,2026-09-14
Saba Sazonov,Getafe,Desc,7,780277,792040,Disponible,2026-09-14
Salvi Esquivel,Atlético,Desc,0,538155,539829,Disponible,2026-09-14
Samu Becerra,Rayo,Desc,0,581040,581700,Disponible,2026-09-14
Santi Comesaña,Villarreal,Desc,19,17661701,18148671,Disponible,2026-09-14
Santiago Mouriño,Villarreal,Desc,17,19263755,19799934,Disponible,2026-09-14
Sebastián Boselli,Getafe,Desc,-3,1214939,1244812,Disponible,2026-09-14
Sebastián Cáceres,Celta,Desc,0,5500000,5500000,Disponible,2026-09-14
Selu Diallo,Alavés,Desc,0,598462,602649,Disponible,2026-09-14
Sergio Camello,Rayo,Desc,81,14616687,13286659,Disponible,2026-09-14
Sergio Canales,Racing,Desc,64,28157080,27611105,Disponible,2026-09-14
Sergio Carreira,Celta,Desc,17,6954278,6903031,Disponible,2026-09-14
Sergio Gómez,Real Sociedad,Desc,34,16131016,15933155,Disponible,2026-09-14
Sergio Herrera,Osasuna,Desc,19,34576970,34986943,Disponible,2026-09-14
Sergio José Lozano,Rayo,Desc,0,499878,499957,Disponible,2026-09-14
Sergio Martínez,Real Madrid,Desc,28,1529758,1564319,Disponible,2026-09-14
Sergio Mestre,Real Madrid,Desc,0,677102,677860,Disponible,2026-09-14
Simon Eriksson,Racing,Desc,0,1361102,1397066,Duda,2026-09-14
Stole Dimitrievski,Valencia,Desc,43,20310346,20273081,Disponible,2026-09-14
Takefusa Kubo,Real Sociedad,Desc,22,21420058,21906277,Disponible,2026-09-14
Tani Oluwaseyi,Villarreal,Desc,0,1309344,1343151,Disponible,2026-09-14
Tete Morente,Elche,Desc,31,2110397,1988653,Disponible,2026-09-14
Teun Gijselhart,Deportivo,Desc,3,1291013,1324056,Disponible,2026-09-14
Theo Folgado,Real Sociedad,Desc,0,701836,702606,Disponible,2026-09-14
Thibaut Courtois,Real Madrid,Desc,50,61685066,61681464,Disponible,2026-09-14
Thomas Lemar,Elche,Desc,13,3955736,3932794,Disponible,2026-09-14
Toni Martinez,Alavés,Desc,25,18828099,19082187,Disponible,2026-09-14
Trent Alexander-Arnold,Real Madrid,Desc,30,21966994,22162539,Disponible,2026-09-14
Tyrhys Dolan,Espanyol,Desc,24,15333823,15213364,Disponible,2026-09-14
Umar Sadiq,Valencia,Desc,19,3486831,3589192,Lesionado,2026-09-14
Unai López,Rayo,Desc,60,14130790,13657572,Disponible,2026-09-14
Unai Marrero,Real Sociedad,Desc,23,823175,813922,Disponible,2026-09-14
Unai Santos,Osasuna,Desc,0,501006,501132,Disponible,2026-09-14
Unai Simón,Athletic,Desc,65,50008379,49713777,Disponible,2026-09-14
Valentín Gómez,Betis,Desc,23,1675131,1696884,Disponible,2026-09-14
Vanja Drkusic,Espanyol,Desc,11,1958466,2010914,Disponible,2026-09-14
Víctor Chust,Elche,Desc,5,4564215,4608095,Disponible,2026-09-14
Víctor García,Levante,Desc,3,1014993,1036535,Disponible,2026-09-14
Ville Koski,Alavés,Desc,48,9991533,9158384,Disponible,2026-09-14
Williot Swedberg,Celta,Desc,31,4744705,4847392,Disponible,2026-09-14
Wojciech Szczesny,Barcelona,Desc,0,1246895,1274162,Disponible,2026-09-14
Xanet Oláiz,Alavés,Desc,2,476300,475397,Disponible,2026-09-14
Xavi Espart,Barcelona,Desc,63,23883382,21473992,Disponible,2026-09-14
Yangel Herrera,Real Sociedad,Desc,42,4618724,4596522,Disponible,2026-09-14
Yanis Musuayi,Levante,Desc,0,1253118,1284582,Disponible,2026-09-14
Yassir Zabiri,Racing,Desc,60,10465897,9457595,Disponible,2026-09-14
Yoel Lago,Celta,Desc,41,4341391,3967192,Disponible,2026-09-14
Youssouf Fofana,Sevilla,Desc,15,14387116,14145244,Disponible,2026-09-14
Zaid Romero,Getafe,Desc,27,26523290,27214510,Disponible,2026-09-14
Zakaria Eddahchouri,Deportivo,Desc,13,981260,998782,Disponible,2026-09-14
Llorenç Serred,Espanyol,Desc,0,462216,464411,Disponible,2026-09-15
Aaron Ndive Mayol,Valencia,Desc,0,700000,700000,Disponible,2026-09-15
Abde Rebbach,Alavés,Desc,48,5134108,5099455,Disponible,2026-09-15
Abdel Abqar,Getafe,Desc,6,4085097,4213858,Duda,2026-09-15
Abdoulaye Faye,Celta,Desc,3,2017495,2078864,Disponible,2026-09-15
Abel Bretones,Osasuna,Desc,34,9902425,9767913,Disponible,2026-09-15
Abiel Osorio,Elche,Desc,3,721911,734927,Disponible,2026-09-15
Adam Aznou,Málaga,Desc,0,1017279,0,Disponible,2026-09-15
Adama Timera,Espanyol,Desc,0,496264,499878,Disponible,2026-09-15
Ademola Lookman,Atlético,Desc,28,49831679,50726815,Disponible,2026-09-15
Adrià Altimira,Deportivo,Desc,14,4568603,4660978,Disponible,2026-09-15
Adrià Pedrosa,Rayo,Desc,2,2493716,2505631,Disponible,2026-09-15
Adrián Molina,Rayo,Desc,0,522882,527605,Disponible,2026-09-15
Adrián Niño,Málaga,Desc,11,1110246,1105188,Disponible,2026-09-15
Aimar Blázquez,Valencia,Desc,0,581656,581656,Disponible,2026-09-15
Aimar Oroz,Osasuna,Desc,17,9302148,9596431,Lesionado,2026-09-15
Aissa Mandi,Levante,Desc,54,12922136,12787417,Disponible,2026-09-15
Aitor Fraga,Real Sociedad,Desc,0,602234,602234,Disponible,2026-09-15
Aitor Mañas,Alavés,Desc,6,454474,456347,Lesionado,2026-09-15
Aitor Paredes,Athletic,Desc,42,12938432,12801115,Disponible,2026-09-15
Alassane Diatta,Villarreal,Desc,0,458918,460976,Disponible,2026-09-15
Alberto Calatrava,Levante,Desc,0,598409,606279,Disponible,2026-09-15
Alberto Moleiro,Villarreal,Desc,38,40289326,41227046,Disponible,2026-09-15
Alberto Risco,Getafe,Desc,3,502875,506764,Disponible,2026-09-15
Aleix Febas,Celta,Desc,19,15191316,15656216,Duda,2026-09-15
Alejandro Balde,Barcelona,Desc,0,12329233,12692710,Disponible,2026-09-15
Alejandro Catena,Osasuna,Desc,37,34547208,35310248,Disponible,2026-09-15
Alejandro Iturbe,Elche,Desc,0,541974,547492,Disponible,2026-09-15
Alejandro Panach,Valencia,Desc,0,497512,501909,Disponible,2026-09-15
Alejandro Rego,Athletic,Desc,0,2115577,2177324,Disponible,2026-09-15
Alemão,Rayo,Desc,12,1666298,1702901,Disponible,2026-09-15
Álex Baena,Atlético,Desc,70,64478179,65566018,Disponible,2026-09-15
Álex Berenguer,Athletic,Desc,50,10707959,10331296,Disponible,2026-09-15
Álex Calatrava,Espanyol,Desc,41,6422221,6505976,Disponible,2026-09-15
Alex Freeman,Villarreal,Desc,11,1323432,1344117,Disponible,2026-09-15
Álex Grimaldo,Atlético,Desc,51,31258026,30738218,Disponible,2026-09-15
Alex Lebarbier,Real Sociedad,Desc,0,602234,602234,Disponible,2026-09-15
Alex Marchal,Real Sociedad,Desc,11,587861,594188,Disponible,2026-09-15
Alex Padilla,Athletic,Desc,0,782737,798287,Disponible,2026-09-15
Álex Pastor,Málaga,Desc,0,407441,407354,Disponible,2026-09-15
Álex Remiro,Real Sociedad,Desc,53,38157539,38182592,Disponible,2026-09-15
Alexis Ciria,Real Madrid,Desc,0,618135,626827,Disponible,2026-09-15
Alfonso Herrero,Málaga,Desc,53,15985524,15410667,Disponible,2026-09-15
Aliou Dieng,Valencia,Desc,28,2142126,2156780,Disponible,2026-09-15
Altay Bayindir,Celta,Desc,0,1146918,1172907,Disponible,2026-09-15
Álvaro Djaló,Athletic,Desc,2,602852,610907,Disponible,2026-09-15
Álvaro Fidalgo,Betis,Desc,3,1299870,1332751,Disponible,2026-09-15
Álvaro García,Rayo,Desc,42,17939217,18146910,Disponible,2026-09-15
Álvaro Mantilla,Racing,Desc,22,1735922,1760016,Disponible,2026-09-15
Álvaro Padilla,Elche,Desc,0,657616,667953,Disponible,2026-09-15
Álvaro Valles,Betis,Desc,73,50606805,50768736,Disponible,2026-09-15
Ander Barrenetxea,Real Sociedad,Desc,32,20564987,20642892,Disponible,2026-09-15
Ander Guevara,Alavés,Desc,0,626844,635898,Disponible,2026-09-15
André Almeida,Racing,Desc,-2,1324145,1362254,Disponible,2026-09-15
Andrei Ratiu,Rayo,Desc,24,24631926,25023045,Disponible,2026-09-15
Andrés Antañón,Celta,Desc,3,570990,581700,Duda,2026-09-15
Andrés Castrín,Sevilla,Desc,37,4397739,4194711,Disponible,2026-09-15
Andrés García,Getafe,Desc,34,8063863,8283754,Duda,2026-09-15
Andrés Martín,Racing,Desc,30,13239446,13661342,Lesionado,2026-09-15
Andrés Vallecillo,Racing,Desc,0,495635,499222,Disponible,2026-09-15
Andriy Lunin,Real Madrid,Desc,0,1269003,1292550,Disponible,2026-09-15
Ángel Fortuño,Espanyol,Desc,0,454985,456879,Disponible,2026-09-15
Ángel Ortiz,Betis,Desc,15,1025351,1045636,Disponible,2026-09-15
Ángel Pérez,Alavés,Desc,65,19483814,18427325,Disponible,2026-09-15
Angel Recio,Málaga,Desc,21,1887924,1758812,Disponible,2026-09-15
Angeliño,Deportivo,Desc,0,8425333,8659588,Disponible,2026-09-15
Ante Budimir,Osasuna,Desc,77,62732630,62928532,Disponible,2026-09-15
Anthony Gordon,Barcelona,Desc,49,87444196,88112186,Disponible,2026-09-15
Antonio Blanco,Alavés,Desc,49,20212320,20188408,Disponible,2026-09-15
Antonio Rüdiger,Real Madrid,Desc,25,20638276,20705581,Disponible,2026-09-15
Antonio Sivera,Alavés,Desc,58,42984692,43299421,Disponible,2026-09-15
Antony,Betis,Desc,46,57715009,58451377,Disponible,2026-09-15
Arda Güler,Real Madrid,Desc,84,90439383,88889463,Disponible,2026-09-15
Arnau Comas,Deportivo,Desc,0,504602,508563,Disponible,2026-09-15
Arnau Ortiz,Atlético,Desc,14,897666,902200,Disponible,2026-09-15
Arnaut Danjuma,Valencia,Desc,19,4476028,4513038,Disponible,2026-09-15
Arouna Sangante,Sevilla,Desc,18,8486219,8753045,Duda,2026-09-15
Arsen Zakharyan,Real Sociedad,Desc,2,598167,606027,Disponible,2026-09-15
Asier Bonel,Osasuna,Desc,0,682896,600000,Disponible,2026-09-15
Asier Osambela,Osasuna,Desc,12,456507,458464,Disponible,2026-09-15
Asier Villalibre,Racing,Desc,11,4038204,4153646,Disponible,2026-09-15
Augusto Batalla,Rayo,Desc,21,18159427,18726389,Lesionado,2026-09-15
Aurélien Tchouaméni,Real Madrid,Desc,3,22523466,22740875,Disponible,2026-09-15
Axel Tape,Levante,Desc,0,1982340,2042259,Disponible,2026-09-15
Aymeric Laporte,Athletic,Desc,30,43109861,43151357,Disponible,2026-09-15
Beñat Gerenabarrena,Athletic,Desc,45,3553051,3411703,Disponible,2026-09-15
Beñat Prados,Athletic,Desc,0,737867,751547,Disponible,2026-09-15
Beñat Turrientes,Real Sociedad,Desc,43,7029744,6812792,Disponible,2026-09-15
Bernardo Silva,Real Madrid,Desc,34,42372864,43255585,Disponible,2026-09-15
Bil Nsongo,Deportivo,Desc,20,7610310,7583045,Disponible,2026-09-15
Borja Iglesias,Celta,Desc,0,13796319,14165283,Duda,2026-09-15
Borja Mayoral,Getafe,Desc,1,1472455,1512585,Disponible,2026-09-15
Boyomo,Osasuna,Desc,14,15490690,15953126,Disponible,2026-09-15
Brian Fariñas,Barcelona,Desc,0,635846,645276,Disponible,2026-09-15
Bright Ede,Deportivo,Desc,19,4149799,4224767,Disponible,2026-09-15
Buba Sangaré,Elche,Desc,19,3712539,3683549,Disponible,2026-09-15
Carl Starfelt,Celta,Desc,29,10265649,10417703,Disponible,2026-09-15
Carles Aleñá,Alavés,Desc,23,2952906,2937779,Disponible,2026-09-15
Carlos Dotor,Málaga,Desc,41,4906102,4953542,Disponible,2026-09-15
Carlos Espí,Real Madrid,Desc,16,13717321,13941279,Disponible,2026-09-15
Carlos López,Málaga,Desc,0,410213,410241,Disponible,2026-09-15
Carlos Macià,Villarreal,Desc,11,641975,651660,Disponible,2026-09-15
Carlos Puga,Málaga,Desc,15,3755066,3815153,Disponible,2026-09-15
Carlos Romero,Villarreal,Desc,15,23302413,23917193,Disponible,2026-09-15
Carlos Soler,Real Sociedad,Desc,48,30425010,30603168,Disponible,2026-09-15
César Tárrega,Valencia,Desc,36,9172327,9469071,Lesionado,2026-09-15
Cheikh Thiam,Villarreal,Desc,0,599861,607791,Disponible,2026-09-15
Chidera Ejuke,Sevilla,Desc,24,6073397,5954499,Disponible,2026-09-15
Chupete,Málaga,Desc,28,27092065,27773463,Disponible,2026-09-15
Clemens Riedel,Espanyol,Desc,28,5429630,5273844,Disponible,2026-09-15
Coke Carrillo,Celta,Desc,0,1567556,0,Disponible,2026-09-15
Couhaib Driouech,Celta,Desc,11,2884383,2954562,Disponible,2026-09-15
Cristian Rivero,Valencia,Desc,0,440652,441948,Disponible,2026-09-15
Cristian Romero,Atlético,Desc,19,31024391,30766582,Disponible,2026-09-15
Dakonam Djené,Getafe,Desc,27,15839318,15706968,Disponible,2026-09-15
Dani Cárdenas,Rayo,Desc,13,1362539,1378009,Disponible,2026-09-15
Dani Ceballos,Betis,Desc,0,19769112,20052637,Disponible,2026-09-15
Dani Lorenzo,Málaga,Desc,30,11464985,11526231,Disponible,2026-09-15
Dani Martínez,Atlético,Desc,12,518438,522976,Disponible,2026-09-15
Dani Olmo,Barcelona,Desc,33,48008820,48185020,Disponible,2026-09-15
Dani Requena,Levante,Desc,8,961639,980018,Disponible,2026-09-15
Daniel Raba,Valencia,Desc,2,781915,797431,Disponible,2026-09-15
David Hancko,Atlético,Desc,48,38046906,37897896,Disponible,2026-09-15
David Larrubia,Málaga,Desc,59,27228324,27809083,Disponible,2026-09-15
David Mella,Deportivo,Desc,5,1926888,1979398,Disponible,2026-09-15
David Otorbi,Valencia,Desc,17,589914,602292,Disponible,2026-09-15
David Soria,Getafe,Desc,48,35909042,36008227,Disponible,2026-09-15
Davinchi,Getafe,Desc,9,1518248,1558368,Disponible,2026-09-15
Dean Huijsen,Real Madrid,Desc,42,57738608,58033889,Disponible,2026-09-15
Denis Suárez,Alavés,Desc,35,2508917,2506889,Disponible,2026-09-15
Denzel Dumfries,Real Madrid,Desc,33,33764535,34394186,Disponible,2026-09-15
Diego Conde,Betis,Desc,0,1362068,1400870,Disponible,2026-09-15
Diego Ferrer,Getafe,Desc,0,504469,508425,Disponible,2026-09-15
Diego Rico,Osasuna,Desc,4,2386841,2457192,Disponible,2026-09-15
Diego Villares,Deportivo,Desc,8,1239404,1271434,Disponible,2026-09-15
Dimitri Foulquier,Valencia,Desc,0,992743,1017043,Lesionado,2026-09-15
Dominik Livakovic,Barcelona,Desc,0,2490838,2554910,Disponible,2026-09-15
Eder Aller,Barcelona,Desc,0,702705,702705,Disponible,2026-09-15
Edu Altozano,Sevilla,Desc,0,473412,476073,Disponible,2026-09-15
Edu Expósito,Espanyol,Desc,56,30693338,30046194,Disponible,2026-09-15
Eduardo Camavinga,Real Madrid,Desc,19,8871323,8823020,Disponible,2026-09-15
Einar Galilea,Málaga,Desc,22,5597031,5540696,Disponible,2026-09-15
Emil Audero,Rayo,Desc,14,5226274,5174973,Disponible,2026-09-15
Endrick,Real Madrid,Desc,0,3606227,3694723,Disponible,2026-09-15
Eneko Jauregi,Málaga,Desc,2,685491,696989,Disponible,2026-09-15
Enes Ünal,Getafe,Desc,23,17894573,18210080,Disponible,2026-09-15
Eric Garcia,Barcelona,Desc,47,47174777,47812460,Disponible,2026-09-15
Ezequiel Ponce,Elche,Desc,10,946859,969247,Disponible,2026-09-15
Facundo Bernal,Betis,Desc,37,14432193,14274840,Disponible,2026-09-15
Facundo Buonanotte,Elche,Desc,35,3663605,3644465,Disponible,2026-09-15
Federico Redondo,Elche,Desc,43,1113671,1094162,Disponible,2026-09-15
Federico Valverde,Real Madrid,Desc,52,66792411,67343448,Disponible,2026-09-15
Félix Correia,Sevilla,Desc,9,5782030,5863448,Disponible,2026-09-15
Ferran Jutglà,Celta,Desc,26,7793727,7494047,Disponible,2026-09-15
Filip Ugrinic,Valencia,Desc,63,3406125,3426426,Disponible,2026-09-15
Florian Lejeune,Rayo,Desc,24,21283244,21809234,Disponible,2026-09-15
Fran García,Betis,Desc,28,29671914,28862159,Disponible,2026-09-15
Fran González,Sevilla,Desc,0,500622,504417,Disponible,2026-09-15
Gabriel Moscardo,Espanyol,Desc,22,3881072,3959964,Disponible,2026-09-15
Gabriel Suazo,Sevilla,Desc,42,4773263,4597874,Disponible,2026-09-15
Georges Mikautadze,Villarreal,Desc,31,55145325,56356681,Disponible,2026-09-15
Georgiy Tsitaishvili,Rayo,Desc,14,1352154,1366477,Disponible,2026-09-15
Gerard Martín,Barcelona,Desc,54,51946215,52535796,Disponible,2026-09-15
Germán Parreño,Deportivo,Desc,0,471079,473643,Disponible,2026-09-15
Germán Valera,Elche,Desc,51,13663024,13914722,Disponible,2026-09-15
Giacomo Quagliata,Deportivo,Desc,21,3831267,3758632,Disponible,2026-09-15
Giorgi Guliashvili,Racing,Desc,1,897750,918092,Disponible,2026-09-15
Giorgi Kochorashvili,Sevilla,Desc,15,6838000,6861394,Disponible,2026-09-15
Giovani Lo Celso,Betis,Desc,0,14998728,15375952,Disponible,2026-09-15
Gnangoro Bouare,Rayo,Desc,24,904989,800000,Disponible,2026-09-15
Gonçalo Guedes,Real Sociedad,Desc,27,17663900,17855807,Disponible,2026-09-15
Gonzalo Villar,Elche,Desc,66,10166563,10095498,Disponible,2026-09-15
Gorka Carrera,Real Sociedad,Desc,0,533378,538538,Disponible,2026-09-15
Gorka Guruzeta,Athletic,Desc,5,8631030,8908281,Duda,2026-09-15
Grady Diangana,Elche,Desc,0,642273,651971,Disponible,2026-09-15
Grégoire Swiderski,Alavés,Desc,0,473925,476608,Disponible,2026-09-15
Hamza Abdelkarim,Barcelona,Desc,2,3011544,3075553,Disponible,2026-09-15
Héctor Bellerín,Betis,Desc,28,17207983,17174719,Disponible,2026-09-15
Héctor Fort,Real Sociedad,Desc,3,3391714,3440758,Disponible,2026-09-15
Hugo Burcio,Celta,Desc,5,589914,602257,Disponible,2026-09-15
Hugo Duro,Valencia,Desc,7,5101695,5194754,Disponible,2026-09-15
Hugo González,Celta,Desc,39,1253780,1099909,Disponible,2026-09-15
Hugo Novoa,Alavés,Desc,0,567465,574045,Disponible,2026-09-15
Hugo Pérez,Racing,Desc,0,755324,769732,Disponible,2026-09-15
Hugo Rincón,Athletic,Desc,4,1574793,1613229,Disponible,2026-09-15
Hugo Sotelo,Levante,Desc,11,872499,886484,Disponible,2026-09-15
Iago Aspas,Celta,Desc,21,6506768,6694362,Lesionado,2026-09-15
Ibai Aguirre,R. Sociedad B,Desc,0,602257,602257,Disponible,2026-09-15
Ibrahima Konaté,Real Madrid,Desc,16,41365285,42004965,Disponible,2026-09-15
Ifeanyi Ndukwe,Levante,Desc,3,1513920,1552953,Disponible,2026-09-15
Igor Galdin,Levante,Desc,0,496361,499979,Disponible,2026-09-15
Igor Zubeldia,Real Sociedad,Desc,36,10732275,10497927,Duda,2026-09-15
Iker Córdoba,Valencia,Desc,2,1016035,900000,Disponible,2026-09-15
Iker Losada,Betis,Desc,0,1145741,1176416,Disponible,2026-09-15
Iker Luque,Racing,Desc,0,1421208,1457833,Disponible,2026-09-15
Iker Monreal,Athletic,Desc,0,589914,602257,Disponible,2026-09-15
Iker Muñoz,Sevilla,Desc,38,473412,476073,Disponible,2026-09-15
Iker Muñoz,Osasuna,Desc,38,1973190,1946069,Disponible,2026-09-15
Iker Muñoz,Sevilla,Desc,0,473412,476073,Disponible,2026-09-15
Iker Muñoz,Osasuna,Desc,0,1973190,1946069,Disponible,2026-09-15
Ilaix Moriba,Celta,Desc,39,7165535,6907798,Disponible,2026-09-15
Ilias Akhomach,Villarreal,Desc,3,2560455,2620573,Disponible,2026-09-15
Iñigo Arguibide,Osasuna,Desc,30,3496406,3488895,Disponible,2026-09-15
Íñigo Sainz-Maza,Racing,Desc,0,517026,521505,Disponible,2026-09-15
Iñigo Vicente,Racing,Desc,69,31694763,31096311,Disponible,2026-09-15
Ionut Radu,Celta,Desc,60,40961264,40392907,Disponible,2026-09-15
Isaac Romero,Sevilla,Desc,19,5780371,5824885,Disponible,2026-09-15
Iván Alonso,Rayo,Desc,0,462216,464411,Disponible,2026-09-15
Iván Azón,Getafe,Desc,7,4296096,4345654,Disponible,2026-09-15
Iván Balliu,Rayo,Desc,0,636341,645791,Disponible,2026-09-15
Iván Martín,Racing,Desc,50,7986076,8039082,Disponible,2026-09-15
Iván Romero,Levante,Desc,43,5754905,5603929,Disponible,2026-09-15
Iván Villar,Celta,Desc,0,583786,591046,Disponible,2026-09-15
Izan Merino,Málaga,Desc,26,3865114,3916943,Disponible,2026-09-15
Jan Oblak,Atlético,Desc,44,45544125,45739947,Disponible,2026-09-15
Jaume Durá,Valencia,Desc,0,793942,700000,Disponible,2026-09-15
Javi Galán,Celta,Desc,20,8157530,8314087,Disponible,2026-09-15
Javi Guerra,Valencia,Desc,33,19176371,19464985,Disponible,2026-09-15
Javi Morcillo,Elche,Desc,29,715935,699975,Disponible,2026-09-15
Javi Navarro,Real Madrid,Desc,0,702622,702622,Disponible,2026-09-15
Javi Rodríguez,Celta,Desc,16,8737175,8956568,Disponible,2026-09-15
Javi Rueda,Celta,Desc,36,4336779,4095992,Disponible,2026-09-15
Javier Hernández,Espanyol,Desc,45,15672257,15265058,Disponible,2026-09-15
Jean Ives Valou,Getafe,Desc,-5,473412,476073,Disponible,2026-09-15
Jeanuël Belocian,Racing,Desc,18,3078518,3012860,Disponible,2026-09-15
Jeremy Toljan,Levante,Desc,2,2105089,2155986,Disponible,2026-09-15
Jesús Areso,Athletic,Desc,37,4186196,4120740,Disponible,2026-09-15
Jesús Vázquez,Valencia,Desc,25,1718964,1745088,Disponible,2026-09-15
Jiri Letácek,Getafe,Desc,0,501204,505024,Disponible,2026-09-15
Joan Garcia,Barcelona,Desc,57,73982362,74165675,Disponible,2026-09-15
Joao Cancelo,Barcelona,Desc,1,29909680,30419263,Disponible,2026-09-15
Job Ochieng,Real Sociedad,Desc,29,1197234,1169732,Disponible,2026-09-15
Johan Mojica,Getafe,Desc,50,15308480,15439388,Disponible,2026-09-15
Johnny Cardoso,Atlético,Desc,1,2804628,2841567,Disponible,2026-09-15
Jon Ander Olasagasti,Levante,Desc,67,9181229,8967973,Disponible,2026-09-15
Jon Aramburu,Real Sociedad,Desc,55,19231667,18860517,Disponible,2026-09-15
Jon Gorrotxategi,Real Sociedad,Desc,4,2835852,2902416,Disponible,2026-09-15
Jon Guridi,Sevilla,Desc,30,6898815,7009246,Disponible,2026-09-15
Jon Martín,Real Sociedad,Desc,19,24974993,24895871,Disponible,2026-09-15
Jon Moncayola,Osasuna,Desc,44,7506307,7529312,Disponible,2026-09-15
Jon Pacheco,Real Sociedad,Desc,3,1835430,1883720,Disponible,2026-09-15
Jonathan Asp Jensen,Deportivo,Desc,16,4145759,4249766,Disponible,2026-09-15
Jonathan David,Atlético,Desc,15,30463771,30750713,Disponible,2026-09-15
Jonathan Dubasin,Osasuna,Desc,17,7172202,7334393,Disponible,2026-09-15
Jones El-Abdellaoui,Celta,Desc,12,866909,885966,Duda,2026-09-15
Jordi Pesquer,Barcelona,Desc,0,600000,600000,Disponible,2026-09-15
Jorge Cabello,Levante,Desc,0,537325,542650,Disponible,2026-09-15
Jorge Castellanos,Racing,Desc,0,496264,499878,Disponible,2026-09-15
Jorge Castillo,Atlético,Desc,0,1000000,1000000,Disponible,2026-09-15
Jorge Cestero,Real Madrid,Desc,0,494170,497696,Disponible,2026-09-15
Jorge Herrando,Osasuna,Desc,24,1533190,1578644,Lesionado,2026-09-15
Jorge Salinas,Racing,Desc,60,6982664,6959080,Disponible,2026-09-15
José Ángel Carmona,Sevilla,Desc,2,2097596,2148381,Disponible,2026-09-15
José Gayà,Valencia,Desc,21,7367074,7467804,Disponible,2026-09-15
José María Giménez,Deportivo,Desc,12,8470964,8006613,Disponible,2026-09-15
José Salinas,Málaga,Desc,15,843415,796508,Disponible,2026-09-15
Joseph Otu,Málaga,Desc,0,664598,675226,Disponible,2026-09-15
Jozhua Vertrouwd,Rayo,Desc,-1,673791,684803,Lesionado,2026-09-15
Juan Berrocal,Málaga,Desc,0,792816,808787,Disponible,2026-09-15
Juan Carlos Arana,Racing,Desc,-1,527497,532412,Disponible,2026-09-15
Juan Cruz,Málaga,Desc,15,7391346,7563678,Disponible,2026-09-15
Juan Foyth,Villarreal,Desc,28,13730423,14153697,Duda,2026-09-15
Juan Iglesias,Sevilla,Desc,61,13109241,12585031,Disponible,2026-09-15
Juan Musso,Atlético,Desc,0,2147578,2200855,Disponible,2026-09-15
Juani,Málaga,Desc,0,1127082,1000000,Disponible,2026-09-15
Jude Bellingham,Real Madrid,Desc,113,120729398,119602120,Disponible,2026-09-15
Julen Agirrezabala,Racing,Desc,68,18377032,17450428,Disponible,2026-09-15
Julen Lobete,Málaga,Desc,0,524246,529026,Lesionado,2026-09-15
Jules Koundé,Barcelona,Desc,14,28398354,28783892,Disponible,2026-09-15
Julio Díaz,Sevilla,Desc,0,432276,433223,Disponible,2026-09-15
Karim Adeyemi,Barcelona,Desc,42,48914092,48227838,Disponible,2026-09-15
Karl Etta Eyong,Levante,Desc,10,13472158,13901371,Lesionado,2026-09-15
Kevin Sánchez,Deportivo,Desc,0,568893,575533,Disponible,2026-09-15
Kike Barja,Osasuna,Desc,26,1590952,1602539,Disponible,2026-09-15
Kike Ribes,Celta Fortuna,Desc,0,600000,600000,Disponible,2026-09-15
Kike Salas,Sevilla,Desc,36,8999562,8635438,Disponible,2026-09-15
Kiko Femenia,Getafe,Desc,2,2110095,2176258,Lesionado,2026-09-15
Kylian Mbappé,Real Madrid,Desc,122,142339504,141598048,Disponible,2026-09-15
Lamine Yamal,Barcelona,Desc,112,139739153,138540989,Disponible,2026-09-15
Laro Gómez,Racing,Desc,0,602234,602234,Disponible,2026-09-15
Leandro Cabrera,Espanyol,Desc,23,10619065,10245560,Disponible,2026-09-15
Leo Román,Deportivo,Desc,37,36715189,36938084,Disponible,2026-09-15
Logan Costa,Villarreal,Desc,-2,679628,690977,Disponible,2026-09-15
Lorenzo Amatucci,Deportivo,Desc,57,18106490,18099088,Disponible,2026-09-15
Lucas Boyé,Alavés,Desc,67,26983750,25908761,Disponible,2026-09-15
Lucas Cepeda,Elche,Desc,24,1080796,1070966,Disponible,2026-09-15
Lucas Noubi,Deportivo,Desc,46,15335341,15066574,Disponible,2026-09-15
Lucas Stassin,Sevilla,Desc,18,19401510,19922106,Disponible,2026-09-15
Lucas Torró,Osasuna,Desc,13,1540654,1571191,Disponible,2026-09-15
Lucien Agoume,Sevilla,Desc,60,9681843,9268934,Disponible,2026-09-15
Luis Rioja,Valencia,Desc,9,5549987,5690024,Disponible,2026-09-15
Luiz Junior,Villarreal,Desc,8,26861167,27394138,Disponible,2026-09-15
Luken Beitia,Real Sociedad,Desc,-6,454962,456855,Disponible,2026-09-15
Manel Usedo,Levante,Desc,0,530313,535345,Disponible,2026-09-15
Manu Bueno,Sevilla,Desc,5,535869,541133,Disponible,2026-09-15
Manu González,Betis,Desc,0,581691,581691,Disponible,2026-09-15
Manu Hernando,Racing,Desc,22,2511922,2564764,Disponible,2026-09-15
Manu Sánchez,Levante,Desc,57,5480062,5428386,Disponible,2026-09-15
Manuel Ángel Castillo,Sevilla,Desc,0,900000,900000,Disponible,2026-09-15
Marash Kumbulla,Rayo,Desc,0,2218362,2282843,Disponible,2026-09-15
Marc Aguado,Elche,Desc,26,4170019,4274602,Disponible,2026-09-15
Marc Bartra,Betis,Desc,62,37842377,37675467,Disponible,2026-09-15
Marc Bernal,Barcelona,Desc,53,23372217,22153554,Disponible,2026-09-15
Marc Casadó,Deportivo,Desc,10,5481003,5061910,Disponible,2026-09-15
Marc Cucurella,Real Madrid,Desc,29,57559031,58400929,Disponible,2026-09-15
Marc Roca,Betis,Desc,37,12870122,12517916,Disponible,2026-09-15
Marc Santos,Levante,Desc,3,564363,570814,Disponible,2026-09-15
Marcão,Sevilla,Desc,0,481486,484484,Disponible,2026-09-15
Marco Román,Rayo,Desc,0,530313,535345,Disponible,2026-09-15
Marcos Navarro,Valencia,Desc,0,501909,501909,Disponible,2026-09-15
Mario Martín,Getafe,Desc,22,2710219,2735011,Disponible,2026-09-15
Mario Rivas,Real Madrid,Desc,0,700000,700000,Disponible,2026-09-15
Marko Dmitrovic,Espanyol,Desc,73,40778516,40327788,Disponible,2026-09-15
Maroan Sannadi,Athletic,Desc,4,427401,428145,Disponible,2026-09-15
Martim Neto,Elche,Desc,9,1043019,1067575,Disponible,2026-09-15
Martín Satriano,Getafe,Desc,35,19862475,20122816,Disponible,2026-09-15
Mathew Ryan,Levante,Desc,68,29081326,28634963,Disponible,2026-09-15
Matia Barzic,Elche,Desc,0,533707,538881,Disponible,2026-09-15
Matías Dituro,Elche,Desc,9,9198731,9147377,Disponible,2026-09-15
Matteo Prati,Racing,Desc,21,3060403,3132310,Disponible,2026-09-15
Mauro Echegoyen,Osasuna,Desc,0,481061,484041,Disponible,2026-09-15
Miguel Cubo,Atlético,Desc,0,482832,485886,Disponible,2026-09-15
Miguel Loureiro,Deportivo,Desc,12,1960639,2007172,Disponible,2026-09-15
Miguel Román,Celta,Desc,52,11581679,11294215,Disponible,2026-09-15
Miguel Sierra,Sevilla,Desc,42,4967585,4853343,Disponible,2026-09-15
Mikel Jauregizar,Athletic,Desc,21,14608709,14917121,Disponible,2026-09-15
Mikel Oyarzabal,Real Sociedad,Desc,42,55173969,56138177,Disponible,2026-09-15
Mikel Rodriguez,Alavés,Desc,39,2178479,2243803,Lesionado,2026-09-15
Moi Gómez,Osasuna,Desc,37,3510908,3593939,Lesionado,2026-09-15
Morten Hjulmand,Atlético,Desc,51,22193478,22328018,Disponible,2026-09-15
Mouctar Diakhaby,Valencia,Desc,12,3337925,3443641,Lesionado,2026-09-15
Nacho Pérez,Levante,Desc,47,2172219,2128154,Disponible,2026-09-15
Nahuel Tenaglia,Alavés,Desc,67,34243030,34054571,Disponible,2026-09-15
Natan,Betis,Desc,28,29682294,29972197,Disponible,2026-09-15
Nathan-Dylan Saliba,Villarreal,Desc,22,6875455,6837122,Disponible,2026-09-15
Nelson Deossa,Betis,Desc,27,2783271,2768447,Disponible,2026-09-15
Nemanja Gudelj,Getafe,Desc,4,6274214,6279637,Disponible,2026-09-15
Nico Guillén,Sevilla,Desc,14,2154386,2217856,Disponible,2026-09-15
Nico Serrano,Athletic,Desc,0,555477,561558,Disponible,2026-09-15
Nicolas Pépé,Villarreal,Desc,60,63193124,63937666,Disponible,2026-09-15
Nicolás Valentini,Alavés,Desc,-2,657138,667455,Disponible,2026-09-15
Obed Vargas,Atlético,Desc,0,542164,547691,Disponible,2026-09-15
Odysseas Vlachodimos,Sevilla,Desc,38,29607162,29326240,Disponible,2026-09-15
Oihan Sancet,Athletic,Desc,60,43617724,43264160,Disponible,2026-09-15
Omar El Hilali,Espanyol,Desc,55,15824136,15003730,Disponible,2026-09-15
Orel Mangala,Getafe,Desc,38,11718613,11828405,Disponible,2026-09-15
Oriol Rey,Levante,Desc,34,2088459,2013820,Disponible,2026-09-15
Orri Steinn Óskarsson,Real Sociedad,Desc,22,7212107,7343817,Disponible,2026-09-15
Óscar López,Getafe,Desc,0,793942,700000,Disponible,2026-09-15
Óscar Valentín,Rayo,Desc,33,3514279,3536159,Disponible,2026-09-15
Pablo Barrios,Atlético,Desc,49,51398756,53041668,Lesionado,2026-09-15
Pablo Durán,Celta,Desc,10,688964,697589,Disponible,2026-09-15
Pablo Fornals,Betis,Desc,35,47099104,47779360,Disponible,2026-09-15
Pablo García,Deportivo,Desc,39,468964,468964,Disponible,2026-09-15
Pablo García,Racing,Desc,39,7113761,6742588,Disponible,2026-09-15
Pablo Gavi,Barcelona,Desc,2,16099062,16484355,Disponible,2026-09-15
Pablo Ibáñez,Alavés,Desc,45,10592048,10333091,Disponible,2026-09-15
Pablo Maffeo,Valencia,Desc,8,6463831,6621774,Disponible,2026-09-15
Pablo Martínez,Málaga,Desc,33,4607079,4537724,Disponible,2026-09-15
Pablo Ramón,Racing,Desc,44,1869264,1809718,Disponible,2026-09-15
Paco Cortés,Levante,Desc,7,536656,541953,Disponible,2026-09-15
Pape Gueye,Villarreal,Desc,50,34700084,35469693,Disponible,2026-09-15
Pau Cubarsí,Barcelona,Desc,35,65198952,65611395,Disponible,2026-09-15
Pau Navarro,Villarreal,Desc,0,4149108,4229532,Disponible,2026-09-15
Pedro Bigas,Elche,Desc,-10,2345491,2409131,Disponible,2026-09-15
Pedro Díaz,Rayo,Desc,34,1139430,1137926,Disponible,2026-09-15
Pedro Felipe,Racing,Desc,1,1139078,1165568,Disponible,2026-09-15
Peio Canales,Athletic,Desc,28,7152595,7367781,Duda,2026-09-15
Pepelu,Valencia,Desc,49,9395153,9377037,Disponible,2026-09-15
Peque,Sevilla,Desc,21,2489938,2552424,Disponible,2026-09-15
Pere Milla,Espanyol,Desc,3,4499017,4608790,Disponible,2026-09-15
Petar Ratkov,Levante,Desc,2,3124820,3213585,Disponible,2026-09-15
Pierre-Emerick Aubameyang,Deportivo,Desc,98,95816528,93632736,Disponible,2026-09-15
Pol Lozano,Espanyol,Desc,3,1105088,1132577,Disponible,2026-09-15
Quilindschy Hartman,Espanyol,Desc,-1,3632350,3728874,Disponible,2026-09-15
Rafa Rodríguez,Málaga,Desc,10,2707276,2784185,Disponible,2026-09-15
Rafel Bauzà,Espanyol,Desc,13,564363,570814,Disponible,2026-09-15
Ramón Enríquez,Málaga,Desc,5,537943,543293,Disponible,2026-09-15
Ramón Terrats,Getafe,Desc,63,8107075,7697677,Disponible,2026-09-15
Randy Nteka,Rayo,Desc,10,1000408,1025028,Duda,2026-09-15
Raphinha,Barcelona,Desc,112,137533336,136850475,Disponible,2026-09-15
Raúl Asencio,Real Madrid,Desc,0,2000150,2044320,Disponible,2026-09-15
Raúl García,Osasuna,Desc,19,1536775,1541801,Disponible,2026-09-15
Raúl Jiménez,Valencia,Desc,0,1561503,0,Disponible,2026-09-15
Raul Moro,Osasuna,Desc,8,8490773,8676762,Disponible,2026-09-15
Renato Veiga,Villarreal,Desc,12,22701452,23113487,Disponible,2026-09-15
Robbie Ure,Sevilla,Desc,13,11653504,11867879,Disponible,2026-09-15
Robert Navarro,Athletic,Desc,60,7268534,6670381,Disponible,2026-09-15
Robin Le Normand,Atlético,Desc,15,9438120,9589385,Disponible,2026-09-15
Rockson Yeboah,Osasuna,Desc,2,889888,901488,Disponible,2026-09-15
Rodrigo Gamón,Valencia,Desc,0,800000,800000,Disponible,2026-09-15
Rodrigo Mendoza,Atlético,Desc,23,996320,1017106,Disponible,2026-09-15
Rodrigo Riquelme,Betis,Desc,54,17341754,16955536,Disponible,2026-09-15
Roger Hinojo,Espanyol,Desc,39,4856042,4776699,Disponible,2026-09-15
Romain Del Castillo,Osasuna,Desc,3,10221906,10532675,Disponible,2026-09-15
Roy Revivo,Elche,Desc,13,3780094,3866263,Disponible,2026-09-15
Rubén Gómez,Villarreal,Desc,0,463490,465738,Disponible,2026-09-15
Rubén Sánchez,Elche,Desc,-4,431203,432106,Disponible,2026-09-15
Rubén Vargas,Sevilla,Desc,2,10713106,11060490,Lesionado,2026-09-15
Ryunosuke Sato,Valencia,Desc,20,7480516,7681225,Disponible,2026-09-15
Saba Sazonov,Getafe,Desc,9,765447,780277,Disponible,2026-09-15
Salvi Esquivel,Atlético,Desc,0,533010,538155,Disponible,2026-09-15
Samu Becerra,Rayo,Desc,0,570990,581700,Disponible,2026-09-15
Santi Comesaña,Villarreal,Desc,19,17191329,17661701,Disponible,2026-09-15
Santiago Mouriño,Villarreal,Desc,17,18761740,19263755,Disponible,2026-09-15
Sebastián Boselli,Getafe,Desc,3,1203010,1214939,Disponible,2026-09-15
Sebastián Cáceres,Celta,Desc,8,5165058,5500000,Disponible,2026-09-15
Selu Diallo,Alavés,Desc,0,590905,598462,Disponible,2026-09-15
Sergio Camello,Rayo,Desc,96,16097108,14616687,Disponible,2026-09-15
Sergio Canales,Racing,Desc,64,28471666,28157080,Disponible,2026-09-15
Sergio Carreira,Celta,Desc,21,7150892,6954278,Disponible,2026-09-15
Sergio Gómez,Real Sociedad,Desc,40,16385522,16131016,Disponible,2026-09-15
Sergio Herrera,Osasuna,Desc,19,34076241,34576970,Disponible,2026-09-15
Sergio José Lozano,Rayo,Desc,0,496264,499878,Disponible,2026-09-15
Sergio Martínez,Real Madrid,Desc,28,1494458,1529758,Disponible,2026-09-15
Sergio Mestre,Real Madrid,Desc,0,677860,677860,Disponible,2026-09-15
Simon Eriksson,Racing,Desc,0,1326465,1361102,Duda,2026-09-15
Stole Dimitrievski,Valencia,Desc,43,20285283,20310346,Disponible,2026-09-15
Takefusa Kubo,Real Sociedad,Desc,23,20999911,21420058,Disponible,2026-09-15
Tani Oluwaseyi,Villarreal,Desc,0,1276040,1309344,Disponible,2026-09-15
Tete Morente,Elche,Desc,32,2230986,2110397,Disponible,2026-09-15
Teun Gijselhart,Deportivo,Desc,3,1256424,1291013,Disponible,2026-09-15
Theo Folgado,Real Sociedad,Desc,0,702606,702606,Disponible,2026-09-15
Thibaut Courtois,Real Madrid,Desc,45,61721112,61685066,Disponible,2026-09-15
Thomas Lemar,Elche,Desc,13,3960102,3955736,Disponible,2026-09-15
Toni Martinez,Alavés,Desc,25,18716018,18828099,Disponible,2026-09-15
Trent Alexander-Arnold,Real Madrid,Desc,30,21809927,21966994,Disponible,2026-09-15
Tyrhys Dolan,Espanyol,Desc,24,15509932,15333823,Disponible,2026-09-15
Umar Sadiq,Valencia,Desc,19,3381639,3486831,Lesionado,2026-09-15
Unai López,Rayo,Desc,60,14538664,14130790,Disponible,2026-09-15
Unai Marrero,Real Sociedad,Desc,23,817246,823175,Disponible,2026-09-15
Unai Santos,Osasuna,Desc,0,497347,501006,Disponible,2026-09-15
Unai Simón,Athletic,Desc,65,49934024,50008379,Disponible,2026-09-15
Valentín Gómez,Betis,Desc,23,1651536,1675131,Disponible,2026-09-15
Vanja Drkusic,Espanyol,Desc,11,1912843,1958466,Disponible,2026-09-15
Víctor Chust,Elche,Desc,5,4522602,4564215,Disponible,2026-09-15
Víctor García,Levante,Desc,4,995096,1014993,Disponible,2026-09-15
Ville Koski,Alavés,Desc,48,10758315,9991533,Disponible,2026-09-15
Williot Swedberg,Celta,Desc,36,4678461,4744705,Disponible,2026-09-15
Wojciech Szczesny,Barcelona,Desc,0,1218444,1246895,Disponible,2026-09-15
Xanet Oláiz,Alavés,Desc,2,473629,476300,Disponible,2026-09-15
Xavi Espart,Barcelona,Desc,78,26387122,23883382,Disponible,2026-09-15
Yangel Herrera,Real Sociedad,Desc,46,4682825,4618724,Disponible,2026-09-15
Yanis Musuayi,Levante,Desc,0,1219375,1253118,Disponible,2026-09-15
Yassir Zabiri,Racing,Desc,60,11449980,10465897,Disponible,2026-09-15
Yoel Lago,Celta,Desc,47,4810217,4341391,Disponible,2026-09-15
Youssouf Fofana,Sevilla,Desc,15,14638576,14387116,Disponible,2026-09-15
Zaid Romero,Getafe,Desc,27,25995531,26523290,Disponible,2026-09-15
Zakaria Eddahchouri,Deportivo,Desc,13,971472,981260,Disponible,2026-09-15
Llorenç Serred,Espanyol,Desc,0,460635,462216,Disponible,2026-09-16
Aaron Ndive Mayol,Valencia,Desc,3,700000,700000,Disponible,2026-09-16
Abde Rebbach,Alavés,Desc,56,5172521,5134108,Disponible,2026-09-16
Abdel Abqar,Getafe,Desc,6,3961300,4085097,Duda,2026-09-16
Abdoulaye Faye,Celta,Desc,3,1960804,2017495,Disponible,2026-09-16
Abel Bretones,Osasuna,Desc,34,10041470,9902425,Disponible,2026-09-16
Abiel Osorio,Elche,Desc,16,709917,721911,Disponible,2026-09-16
Adam Aznou,Málaga,Desc,0,1017279,0,Disponible,2026-09-16
Adama Timera,Espanyol,Desc,0,493296,496264,Disponible,2026-09-16
Ademola Lookman,Atlético,Desc,28,49060249,49831679,Disponible,2026-09-16
Adrià Altimira,Deportivo,Desc,14,4488180,4568603,Disponible,2026-09-16
Adrià Pedrosa,Rayo,Desc,17,2482099,2493716,Disponible,2026-09-16
Adrián Molina,Rayo,Desc,0,518849,522882,Disponible,2026-09-16
Adrián Niño,Málaga,Desc,11,1114303,1110246,Disponible,2026-09-16
Aimar Blázquez,Valencia,Desc,0,581656,581656,Disponible,2026-09-16
Aimar Oroz,Osasuna,Desc,17,9023979,9302148,Lesionado,2026-09-16
Aissa Mandi,Levante,Desc,50,12998818,12922136,Disponible,2026-09-16
Aitor Fraga,Real Sociedad,Desc,0,602234,602234,Disponible,2026-09-16
Aitor Mañas,Alavés,Desc,6,453177,454474,Duda,2026-09-16
Aitor Paredes,Athletic,Desc,42,13017089,12938432,Disponible,2026-09-16
Alassane Diatta,Villarreal,Desc,0,457444,458918,Disponible,2026-09-16
Alberto Calatrava,Levante,Desc,0,591355,598409,Disponible,2026-09-16
Alberto Moleiro,Villarreal,Desc,43,39495934,40289326,Disponible,2026-09-16
Alberto Risco,Getafe,Desc,3,499642,502875,Disponible,2026-09-16
Aleix Febas,Celta,Desc,19,14797215,15191316,Disponible,2026-09-16
Alejandro Balde,Barcelona,Desc,0,11986720,12329233,Disponible,2026-09-16
Alejandro Catena,Osasuna,Desc,37,33893954,34547208,Disponible,2026-09-16
Alejandro Iturbe,Elche,Desc,0,537177,541974,Disponible,2026-09-16
Alejandro Panach,Valencia,Desc,0,494494,497512,Disponible,2026-09-16
Alejandro Rego,Athletic,Desc,0,2056324,2115577,Disponible,2026-09-16
Alemão,Rayo,Desc,14,1632206,1666298,Disponible,2026-09-16
Álex Baena,Atlético,Desc,70,63627476,64478179,Disponible,2026-09-16
Álex Berenguer,Athletic,Desc,50,11023144,10707959,Disponible,2026-09-16
Álex Calatrava,Espanyol,Desc,41,6365488,6422221,Disponible,2026-09-16
Alex Freeman,Villarreal,Desc,13,1313562,1323432,Disponible,2026-09-16
Álex Grimaldo,Atlético,Desc,52,31968016,31258026,Disponible,2026-09-16
Alex Lebarbier,Real Sociedad,Desc,0,602234,602234,Disponible,2026-09-16
Alex Marchal,Real Sociedad,Desc,11,581229,587861,Disponible,2026-09-16
Alex Padilla,Athletic,Desc,0,768310,782737,Disponible,2026-09-16
Álex Pastor,Málaga,Desc,0,408026,407441,Disponible,2026-09-16
Álex Remiro,Real Sociedad,Desc,53,38183317,38157539,Disponible,2026-09-16
Alexis Ciria,Real Madrid,Desc,0,610292,618135,Disponible,2026-09-16
Alfonso Herrero,Málaga,Desc,53,16493493,15985524,Disponible,2026-09-16
Aliou Dieng,Valencia,Desc,28,2130821,2142126,Disponible,2026-09-16
Altay Bayindir,Celta,Desc,0,1119636,1146918,Disponible,2026-09-16
Álvaro Djaló,Athletic,Desc,2,595620,602852,Disponible,2026-09-16
Álvaro Fidalgo,Betis,Desc,3,1269820,1299870,Disponible,2026-09-16
Álvaro García,Rayo,Desc,65,17858330,17939217,Disponible,2026-09-16
Álvaro Mantilla,Racing,Desc,22,1714651,1735922,Disponible,2026-09-16
Álvaro Padilla,Elche,Desc,0,648194,657616,Disponible,2026-09-16
Álvaro Valles,Betis,Desc,96,51014061,50606805,Disponible,2026-09-16
Ander Barrenetxea,Real Sociedad,Desc,32,20571255,20564987,Disponible,2026-09-16
Ander Guevara,Alavés,Desc,3,618653,626844,Disponible,2026-09-16
André Almeida,Racing,Desc,-2,1288062,1324145,Disponible,2026-09-16
Andrei Ratiu,Rayo,Desc,39,24321513,24631926,Disponible,2026-09-16
Andrés Antañón,Celta,Desc,3,565033,570990,Lesionado,2026-09-16
Andrés Castrín,Sevilla,Desc,37,4587600,4397739,Disponible,2026-09-16
Andrés García,Getafe,Desc,34,7862878,8063863,Duda,2026-09-16
Andrés Martín,Racing,Desc,30,12843095,13239446,Lesionado,2026-09-16
Andrés Vallecillo,Racing,Desc,0,492692,495635,Disponible,2026-09-16
Andriy Lunin,Real Madrid,Desc,0,1247869,1269003,Disponible,2026-09-16
Ángel Fortuño,Espanyol,Desc,0,453668,454985,Disponible,2026-09-16
Ángel Ortiz,Betis,Desc,15,1012007,1025351,Disponible,2026-09-16
Ángel Pérez,Alavés,Desc,72,20245661,19483814,Disponible,2026-09-16
Angel Recio,Málaga,Desc,22,1992290,1887924,Disponible,2026-09-16
Angeliño,Deportivo,Desc,0,8208309,8425333,Disponible,2026-09-16
Ante Budimir,Osasuna,Desc,77,62291000,62732630,Disponible,2026-09-16
Anthony Gordon,Barcelona,Desc,49,86226912,87444196,Disponible,2026-09-16
Antonio Blanco,Alavés,Desc,58,20217292,20212320,Disponible,2026-09-16
Antonio Rüdiger,Real Madrid,Desc,25,20552479,20638276,Disponible,2026-09-16
Antonio Sivera,Alavés,Desc,66,42693984,42984692,Disponible,2026-09-16
Antony,Betis,Desc,55,57238229,57715009,Disponible,2026-09-16
Arda Güler,Real Madrid,Desc,99,91753950,90439383,Disponible,2026-09-16
Arnau Comas,Deportivo,Desc,0,501300,504602,Disponible,2026-09-16
Arnau Ortiz,Atlético,Desc,14,901614,897666,Disponible,2026-09-16
Arnaut Danjuma,Valencia,Desc,29,4441368,4476028,Disponible,2026-09-16
Arouna Sangante,Sevilla,Desc,18,8227220,8486219,Lesionado,2026-09-16
Arsen Zakharyan,Real Sociedad,Desc,2,591123,598167,Disponible,2026-09-16
Asier Bonel,Osasuna,Desc,0,672463,682896,Disponible,2026-09-16
Asier Osambela,Osasuna,Desc,12,455129,456507,Disponible,2026-09-16
Asier Villalibre,Racing,Desc,11,3931643,4038204,Disponible,2026-09-16
Augusto Batalla,Rayo,Desc,21,17626785,18159427,Lesionado,2026-09-16
Aurélien Tchouaméni,Real Madrid,Desc,16,22316840,22523466,Disponible,2026-09-16
Axel Tape,Levante,Desc,0,1925829,1982340,Disponible,2026-09-16
Aymeric Laporte,Athletic,Desc,30,42970246,43109861,Disponible,2026-09-16
Beñat Gerenabarrena,Athletic,Desc,45,3687928,3553051,Disponible,2026-09-16
Beñat Prados,Athletic,Desc,0,725235,737867,Disponible,2026-09-16
Beñat Turrientes,Real Sociedad,Desc,43,7143137,7029744,Disponible,2026-09-16
Bernardo Silva,Real Madrid,Desc,34,41544963,42372864,Disponible,2026-09-16
Bil Nsongo,Deportivo,Desc,20,7635653,7610310,Disponible,2026-09-16
Borja Iglesias,Celta,Desc,0,13455548,13796319,Disponible,2026-09-16
Borja Mayoral,Getafe,Desc,1,1434683,1472455,Disponible,2026-09-16
Boyomo,Osasuna,Desc,14,15083656,15490690,Disponible,2026-09-16
Brian Fariñas,Barcelona,Desc,0,627295,635846,Disponible,2026-09-16
Bright Ede,Deportivo,Desc,19,4082069,4149799,Disponible,2026-09-16
Buba Sangaré,Elche,Desc,20,3740935,3712539,Disponible,2026-09-16
Carl Starfelt,Celta,Desc,29,10112773,10265649,Disponible,2026-09-16
Carles Aleñá,Alavés,Desc,23,2977848,2952906,Disponible,2026-09-16
Carlos Dotor,Málaga,Desc,41,4885647,4906102,Disponible,2026-09-16
Carlos Espí,Real Madrid,Desc,27,13561016,13717321,Disponible,2026-09-16
Carlos López,Málaga,Desc,0,410687,410213,Disponible,2026-09-16
Carlos Macià,Villarreal,Desc,11,633178,641975,Disponible,2026-09-16
Carlos Puga,Málaga,Desc,13,3701544,3755066,Disponible,2026-09-16
Carlos Romero,Villarreal,Desc,16,22749848,23302413,Disponible,2026-09-16
Carlos Soler,Real Sociedad,Desc,48,30507338,30425010,Disponible,2026-09-16
César Tárrega,Valencia,Desc,36,8890467,9172327,Lesionado,2026-09-16
Cheikh Thiam,Villarreal,Desc,0,592749,599861,Disponible,2026-09-16
Chidera Ejuke,Sevilla,Desc,24,6199639,6073397,Disponible,2026-09-16
Chupete,Málaga,Desc,28,26452765,27092065,Disponible,2026-09-16
Clemens Riedel,Espanyol,Desc,31,5590470,5429630,Disponible,2026-09-16
Coke Carrillo,Celta,Desc,0,1567556,0,Disponible,2026-09-16
Couhaib Driouech,Celta,Desc,11,2820191,2884383,Disponible,2026-09-16
Cristian Rivero,Valencia,Desc,0,439908,440652,Disponible,2026-09-16
Cristian Romero,Atlético,Desc,20,31513308,31024391,Disponible,2026-09-16
Dakonam Djené,Getafe,Desc,27,16059124,15839318,Disponible,2026-09-16
Dani Cárdenas,Rayo,Desc,13,1347351,1362539,Disponible,2026-09-16
Dani Ceballos,Betis,Desc,11,19637091,19769112,Disponible,2026-09-16
Dani Lorenzo,Málaga,Desc,30,11410532,11464985,Disponible,2026-09-16
Dani Martínez,Atlético,Desc,12,514583,518438,Disponible,2026-09-16
Dani Olmo,Barcelona,Desc,33,47958420,48008820,Disponible,2026-09-16
Dani Requena,Levante,Desc,8,945837,961639,Disponible,2026-09-16
Daniel Raba,Valencia,Desc,2,767521,781915,Disponible,2026-09-16
David Hancko,Atlético,Desc,48,38544264,38046906,Disponible,2026-09-16
David Larrubia,Málaga,Desc,60,26679186,27228324,Disponible,2026-09-16
David Mella,Deportivo,Desc,5,1878942,1926888,Disponible,2026-09-16
David Otorbi,Valencia,Desc,20,594379,589914,Disponible,2026-09-16
David Soria,Getafe,Desc,48,35802943,35909042,Disponible,2026-09-16
Davinchi,Getafe,Desc,9,1481278,1518248,Disponible,2026-09-16
Dean Huijsen,Real Madrid,Desc,48,57448115,57738608,Disponible,2026-09-16
Denis Suárez,Alavés,Desc,47,2528311,2508917,Disponible,2026-09-16
Denzel Dumfries,Real Madrid,Desc,33,33187420,33764535,Disponible,2026-09-16
Diego Conde,Betis,Desc,0,1326367,1362068,Disponible,2026-09-16
Diego Ferrer,Getafe,Desc,0,501173,504469,Disponible,2026-09-16
Diego Rico,Osasuna,Desc,4,2323014,2386841,Disponible,2026-09-16
Diego Villares,Deportivo,Desc,8,1208174,1239404,Disponible,2026-09-16
Dimitri Foulquier,Valencia,Desc,0,969916,992743,Lesionado,2026-09-16
Dominik Livakovic,Barcelona,Desc,0,2430866,2490838,Disponible,2026-09-16
Eder Aller,Barcelona,Desc,0,702705,702705,Disponible,2026-09-16
Edu Altozano,Sevilla,Desc,0,471358,473412,Disponible,2026-09-16
Edu Expósito,Espanyol,Desc,66,31242544,30693338,Disponible,2026-09-16
Eduardo Camavinga,Real Madrid,Desc,19,8910201,8871323,Disponible,2026-09-16
Einar Galilea,Málaga,Desc,22,5671963,5597031,Disponible,2026-09-16
Emil Audero,Rayo,Desc,25,5253719,5226274,Disponible,2026-09-16
Endrick,Real Madrid,Desc,0,3525969,3606227,Disponible,2026-09-16
Eneko Jauregi,Málaga,Desc,2,674954,685491,Disponible,2026-09-16
Enes Ünal,Getafe,Desc,23,17617407,17894573,Disponible,2026-09-16
Eric Garcia,Barcelona,Desc,47,46686332,47174777,Disponible,2026-09-16
Ezequiel Ponce,Elche,Desc,10,925867,946859,Disponible,2026-09-16
Facundo Bernal,Betis,Desc,37,14420944,14432193,Disponible,2026-09-16
Facundo Buonanotte,Elche,Desc,35,3685561,3663605,Disponible,2026-09-16
Federico Redondo,Elche,Desc,59,1136955,1113671,Disponible,2026-09-16
Federico Valverde,Real Madrid,Desc,62,66230137,66792411,Disponible,2026-09-16
Félix Correia,Sevilla,Desc,9,5710389,5782030,Disponible,2026-09-16
Ferran Jutglà,Celta,Desc,26,8062060,7793727,Disponible,2026-09-16
Filip Ugrinic,Valencia,Desc,70,3389370,3406125,Disponible,2026-09-16
Florian Lejeune,Rayo,Desc,30,20840779,21283244,Disponible,2026-09-16
Fran García,Betis,Desc,35,30061707,29671914,Disponible,2026-09-16
Fran González,Sevilla,Desc,0,497480,500622,Disponible,2026-09-16
Gabriel Moscardo,Espanyol,Desc,21,3808583,3881072,Disponible,2026-09-16
Gabriel Suazo,Sevilla,Desc,42,4938448,4773263,Disponible,2026-09-16
Georges Mikautadze,Villarreal,Desc,47,54084443,55145325,Disponible,2026-09-16
Georgiy Tsitaishvili,Rayo,Desc,18,1340561,1352154,Disponible,2026-09-16
Gerard Martín,Barcelona,Desc,54,51402906,51946215,Disponible,2026-09-16
Germán Parreño,Deportivo,Desc,0,469118,471079,Disponible,2026-09-16
Germán Valera,Elche,Desc,60,13471964,13663024,Disponible,2026-09-16
Giacomo Quagliata,Deportivo,Desc,22,3887193,3831267,Disponible,2026-09-16
Giorgi Guliashvili,Racing,Desc,1,878722,897750,Disponible,2026-09-16
Giorgi Kochorashvili,Sevilla,Desc,15,6822540,6838000,Disponible,2026-09-16
Giovani Lo Celso,Betis,Desc,4,14676431,14998728,Disponible,2026-09-16
Gnangoro Bouare,Rayo,Desc,29,892303,904989,Disponible,2026-09-16
Gonçalo Guedes,Real Sociedad,Desc,27,17609278,17663900,Disponible,2026-09-16
Gonzalo Villar,Elche,Desc,76,10245810,10166563,Disponible,2026-09-16
Gorka Carrera,Real Sociedad,Desc,0,528925,533378,Disponible,2026-09-16
Gorka Guruzeta,Athletic,Desc,5,8374298,8631030,Duda,2026-09-16
Grady Diangana,Elche,Desc,0,633465,642273,Disponible,2026-09-16
Grégoire Swiderski,Alavés,Desc,0,471850,473925,Disponible,2026-09-16
Hamza Abdelkarim,Barcelona,Desc,2,2949244,3011544,Disponible,2026-09-16
Héctor Bellerín,Betis,Desc,37,17194251,17207983,Disponible,2026-09-16
Héctor Fort,Real Sociedad,Desc,3,3350208,3391714,Disponible,2026-09-16
Hugo Burcio,Celta,Desc,3,583200,589914,Disponible,2026-09-16
Hugo Duro,Valencia,Desc,13,5025587,5101695,Disponible,2026-09-16
Hugo González,Celta,Desc,39,1393991,1253780,Disponible,2026-09-16
Hugo Novoa,Alavés,Desc,0,561649,567465,Disponible,2026-09-16
Hugo Pérez,Racing,Desc,0,741993,755324,Disponible,2026-09-16
Hugo Rincón,Athletic,Desc,4,1540822,1574793,Disponible,2026-09-16
Hugo Sotelo,Levante,Desc,9,855086,872499,Lesionado,2026-09-16
Iago Aspas,Celta,Desc,21,6327091,6506768,Lesionado,2026-09-16
Ibai Aguirre,R. Sociedad B,Desc,0,602257,602257,Disponible,2026-09-16
Ibrahima Konaté,Real Madrid,Desc,12,40789570,41365285,Disponible,2026-09-16
Ifeanyi Ndukwe,Levante,Desc,2,1482553,1513920,Disponible,2026-09-16
Igor Galdin,Levante,Desc,0,493389,496361,Disponible,2026-09-16
Igor Zubeldia,Real Sociedad,Desc,36,10946407,10732275,Disponible,2026-09-16
Iker Córdoba,Valencia,Desc,6,1004626,1016035,Disponible,2026-09-16
Iker Losada,Betis,Desc,0,1116794,1145741,Disponible,2026-09-16
Iker Luque,Racing,Desc,0,1385799,1421208,Disponible,2026-09-16
Iker Monreal,Athletic,Desc,0,583200,589914,Disponible,2026-09-16
Iker Muñoz,Sevilla,Desc,38,471358,473412,Disponible,2026-09-16
Iker Muñoz,Osasuna,Desc,38,1999514,1973190,Disponible,2026-09-16
Iker Muñoz,Sevilla,Desc,0,471358,473412,Disponible,2026-09-16
Iker Muñoz,Osasuna,Desc,0,1999514,1973190,Disponible,2026-09-16
Ilaix Moriba,Celta,Desc,39,7426463,7165535,Disponible,2026-09-16
Ilias Akhomach,Villarreal,Desc,3,2500931,2560455,Disponible,2026-09-16
Iñigo Arguibide,Osasuna,Desc,30,3504199,3496406,Disponible,2026-09-16
Íñigo Sainz-Maza,Racing,Desc,0,513227,517026,Disponible,2026-09-16
Iñigo Vicente,Racing,Desc,69,32248883,31694763,Disponible,2026-09-16
Ionut Radu,Celta,Desc,60,41338998,40961264,Disponible,2026-09-16
Isaac Romero,Sevilla,Desc,19,5738195,5780371,Disponible,2026-09-16
Iván Alonso,Rayo,Desc,0,460610,462216,Disponible,2026-09-16
Iván Azón,Getafe,Desc,7,4250815,4296096,Disponible,2026-09-16
Iván Balliu,Rayo,Desc,1,627770,636341,Disponible,2026-09-16
Iván Martín,Racing,Desc,50,7937539,7986076,Disponible,2026-09-16
Iván Romero,Levante,Desc,43,5911639,5754905,Disponible,2026-09-16
Iván Villar,Celta,Desc,0,577317,583786,Disponible,2026-09-16
Izan Merino,Málaga,Desc,26,3828736,3865114,Disponible,2026-09-16
Jan Oblak,Atlético,Desc,44,45473334,45544125,Disponible,2026-09-16
Jaume Durá,Valencia,Desc,0,779067,793942,Disponible,2026-09-16
Javi Galán,Celta,Desc,20,8010702,8157530,Disponible,2026-09-16
Javi Guerra,Valencia,Desc,38,18923282,19176371,Disponible,2026-09-16
Javi Morcillo,Elche,Desc,29,730779,715935,Disponible,2026-09-16
Javi Navarro,Real Madrid,Desc,0,702622,702622,Disponible,2026-09-16
Javi Rodríguez,Celta,Desc,16,8537742,8737175,Disponible,2026-09-16
Javi Rueda,Celta,Desc,36,4555981,4336779,Disponible,2026-09-16
Javier Hernández,Espanyol,Desc,60,16075486,15672257,Disponible,2026-09-16
Jean Ives Valou,Getafe,Desc,-5,471358,473412,Disponible,2026-09-16
Jeanuël Belocian,Racing,Desc,18,3132201,3078518,Disponible,2026-09-16
Jeremy Toljan,Levante,Desc,2,2056799,2105089,Disponible,2026-09-16
Jesús Areso,Athletic,Desc,37,4251743,4186196,Disponible,2026-09-16
Jesús Vázquez,Valencia,Desc,25,1705247,1718964,Disponible,2026-09-16
Jiri Letácek,Getafe,Desc,0,498038,501204,Disponible,2026-09-16
Joan Garcia,Barcelona,Desc,58,73599352,73982362,Disponible,2026-09-16
Joao Cancelo,Barcelona,Desc,1,29456771,29909680,Disponible,2026-09-16
Job Ochieng,Real Sociedad,Desc,29,1219863,1197234,Disponible,2026-09-16
Johan Mojica,Getafe,Desc,50,15212412,15308480,Disponible,2026-09-16
Johnny Cardoso,Atlético,Desc,1,2766581,2804628,Disponible,2026-09-16
Jon Ander Olasagasti,Levante,Desc,67,9362913,9181229,Disponible,2026-09-16
Jon Aramburu,Real Sociedad,Desc,56,19464603,19231667,Disponible,2026-09-16
Jon Gorrotxategi,Real Sociedad,Desc,4,2777666,2835852,Disponible,2026-09-16
Jon Guridi,Sevilla,Desc,30,6784964,6898815,Disponible,2026-09-16
Jon Martín,Real Sociedad,Desc,19,24985209,24974993,Disponible,2026-09-16
Jon Moncayola,Osasuna,Desc,44,7495294,7506307,Disponible,2026-09-16
Jon Pacheco,Real Sociedad,Desc,3,1789436,1835430,Disponible,2026-09-16
Jonathan Asp Jensen,Deportivo,Desc,16,4043704,4145759,Disponible,2026-09-16
Jonathan David,Atlético,Desc,15,30293868,30463771,Disponible,2026-09-16
Jonathan Dubasin,Osasuna,Desc,17,7028427,7172202,Disponible,2026-09-16
Jones El-Abdellaoui,Celta,Desc,12,849115,866909,Disponible,2026-09-16
Jordi Pesquer,Barcelona,Desc,0,600000,600000,Disponible,2026-09-16
Jorge Cabello,Levante,Desc,0,532714,537325,Disponible,2026-09-16
Jorge Castellanos,Racing,Desc,0,493296,496264,Disponible,2026-09-16
Jorge Castillo,Atlético,Desc,0,1000000,1000000,Disponible,2026-09-16
Jorge Cestero,Real Madrid,Desc,0,491286,494170,Disponible,2026-09-16
Jorge Herrando,Osasuna,Desc,24,1490890,1533190,Lesionado,2026-09-16
Jorge Salinas,Racing,Desc,60,7000087,6982664,Disponible,2026-09-16
José Ángel Carmona,Sevilla,Desc,2,2047767,2097596,Disponible,2026-09-16
José Gayà,Valencia,Desc,38,7270520,7367074,Disponible,2026-09-16
José María Giménez,Deportivo,Desc,11,8969396,8470964,Disponible,2026-09-16
José Salinas,Málaga,Desc,14,882787,843415,Disponible,2026-09-16
Joseph Otu,Málaga,Desc,0,654897,664598,Disponible,2026-09-16
Jozhua Vertrouwd,Rayo,Desc,-1,663722,673791,Duda,2026-09-16
Juan Berrocal,Málaga,Desc,0,777986,792816,Disponible,2026-09-16
Juan Carlos Arana,Racing,Desc,-1,523280,527497,Disponible,2026-09-16
Juan Cruz,Málaga,Desc,14,7237448,7391346,Disponible,2026-09-16
Juan Foyth,Villarreal,Desc,28,13328183,13730423,Duda,2026-09-16
Juan Iglesias,Sevilla,Desc,61,13545688,13109241,Disponible,2026-09-16
Juan Musso,Atlético,Desc,0,2104451,2147578,Disponible,2026-09-16
Juani,Málaga,Desc,0,1098881,1127082,Disponible,2026-09-16
Jude Bellingham,Real Madrid,Desc,116,121154972,120729398,Disponible,2026-09-16
Julen Agirrezabala,Racing,Desc,68,19163944,18377032,Disponible,2026-09-16
Julen Lobete,Málaga,Desc,0,520159,524246,Lesionado,2026-09-16
Jules Koundé,Barcelona,Desc,14,28051710,28398354,Disponible,2026-09-16
Julio Díaz,Sevilla,Desc,0,431867,432276,Disponible,2026-09-16
Karim Adeyemi,Barcelona,Desc,42,49754537,48914092,Disponible,2026-09-16
Karl Etta Eyong,Levante,Desc,10,13065151,13472158,Lesionado,2026-09-16
Kevin Sánchez,Deportivo,Desc,0,563020,568893,Disponible,2026-09-16
Kike Barja,Osasuna,Desc,26,1579506,1590952,Disponible,2026-09-16
Kike Ribes,Celta Fortuna,Desc,0,600000,600000,Disponible,2026-09-16
Kike Salas,Sevilla,Desc,36,9303046,8999562,Disponible,2026-09-16
Kiko Femenia,Getafe,Desc,2,2047523,2110095,Lesionado,2026-09-16
Kylian Mbappé,Real Madrid,Desc,144,143225708,142339504,Disponible,2026-09-16
Lamine Yamal,Barcelona,Desc,112,140825729,139739153,Disponible,2026-09-16
Laro Gómez,Racing,Desc,0,602234,602234,Disponible,2026-09-16
Leandro Cabrera,Espanyol,Desc,25,10944895,10619065,Disponible,2026-09-16
Leo Román,Deportivo,Desc,37,36610069,36715189,Disponible,2026-09-16
Logan Costa,Villarreal,Desc,-2,669325,679628,Disponible,2026-09-16
Lorenzo Amatucci,Deportivo,Desc,58,18127006,18106490,Disponible,2026-09-16
Lucas Boyé,Alavés,Desc,73,27949759,26983750,Disponible,2026-09-16
Lucas Cepeda,Elche,Desc,28,1091077,1080796,Disponible,2026-09-16
Lucas Noubi,Deportivo,Desc,47,15593486,15335341,Disponible,2026-09-16
Lucas Stassin,Sevilla,Desc,18,18918799,19401510,Disponible,2026-09-16
Lucas Torró,Osasuna,Desc,13,1515622,1540654,Disponible,2026-09-16
Lucien Agoume,Sevilla,Desc,60,10042184,9681843,Disponible,2026-09-16
Luis Rioja,Valencia,Desc,20,5441115,5549987,Duda,2026-09-16
Luiz Junior,Villarreal,Desc,8,26260722,26861167,Disponible,2026-09-16
Luken Beitia,Real Sociedad,Desc,-5,453646,454962,Disponible,2026-09-16
Manel Usedo,Levante,Desc,0,525983,530313,Disponible,2026-09-16
Manu Bueno,Sevilla,Desc,5,531317,535869,Disponible,2026-09-16
Manu González,Betis,Desc,0,581691,581691,Disponible,2026-09-16
Manu Hernando,Racing,Desc,22,2462937,2511922,Disponible,2026-09-16
Manu Sánchez,Levante,Desc,57,5494745,5480062,Disponible,2026-09-16
Manuel Ángel Castillo,Sevilla,Desc,0,900000,900000,Disponible,2026-09-16
Marash Kumbulla,Rayo,Desc,0,2158794,2218362,Disponible,2026-09-16
Marc Aguado,Elche,Desc,31,4077457,4170019,Disponible,2026-09-16
Marc Bartra,Betis,Desc,70,38153239,37842377,Disponible,2026-09-16
Marc Bernal,Barcelona,Desc,53,24480104,23372217,Disponible,2026-09-16
Marc Casadó,Deportivo,Desc,10,5878331,5481003,Disponible,2026-09-16
Marc Cucurella,Real Madrid,Desc,30,56820207,57559031,Disponible,2026-09-16
Marc Roca,Betis,Desc,52,13320782,12870122,Disponible,2026-09-16
Marc Santos,Levante,Desc,3,558671,564363,Disponible,2026-09-16
Marcão,Sevilla,Desc,0,479109,481486,Disponible,2026-09-16
Marco Román,Rayo,Desc,0,525983,530313,Disponible,2026-09-16
Marcos Navarro,Valencia,Desc,0,501909,501909,Disponible,2026-09-16
Mario Martín,Getafe,Desc,22,2692938,2710219,Disponible,2026-09-16
Mario Rivas,Real Madrid,Desc,0,700000,700000,Disponible,2026-09-16
Marko Dmitrovic,Espanyol,Desc,72,41080551,40778516,Disponible,2026-09-16
Maroan Sannadi,Athletic,Desc,4,427187,427401,Disponible,2026-09-16
Martim Neto,Elche,Desc,13,1020763,1043019,Disponible,2026-09-16
Martín Satriano,Getafe,Desc,35,19649994,19862475,Disponible,2026-09-16
Mathew Ryan,Levante,Desc,68,29596738,29081326,Disponible,2026-09-16
Matia Barzic,Elche,Desc,0,529241,533707,Disponible,2026-09-16
Matías Dituro,Elche,Desc,10,9216464,9198731,Disponible,2026-09-16
Matteo Prati,Racing,Desc,21,2994649,3060403,Disponible,2026-09-16
Mauro Echegoyen,Osasuna,Desc,0,478701,481061,Disponible,2026-09-16
Miguel Cubo,Atlético,Desc,0,480401,482832,Disponible,2026-09-16
Miguel Loureiro,Deportivo,Desc,12,1921809,1960639,Disponible,2026-09-16
Miguel Román,Celta,Desc,52,11911933,11581679,Disponible,2026-09-16
Miguel Sierra,Sevilla,Desc,42,5106665,4967585,Disponible,2026-09-16
Mikel Jauregizar,Athletic,Desc,21,14370162,14608709,Disponible,2026-09-16
Mikel Oyarzabal,Real Sociedad,Desc,42,54261768,55173969,Disponible,2026-09-16
Mikel Rodriguez,Alavés,Desc,39,2116489,2178479,Lesionado,2026-09-16
Moi Gómez,Osasuna,Desc,37,3456308,3510908,Lesionado,2026-09-16
Morten Hjulmand,Atlético,Desc,51,22171975,22193478,Disponible,2026-09-16
Mouctar Diakhaby,Valencia,Desc,12,3236910,3337925,Lesionado,2026-09-16
Nacho Pérez,Levante,Desc,47,2220997,2172219,Disponible,2026-09-16
Nahuel Tenaglia,Alavés,Desc,71,34421938,34243030,Disponible,2026-09-16
Natan,Betis,Desc,54,30063185,29682294,Disponible,2026-09-16
Nathan-Dylan Saliba,Villarreal,Desc,22,6860886,6875455,Disponible,2026-09-16
Nelson Deossa,Betis,Desc,35,2856024,2783271,Disponible,2026-09-16
Nemanja Gudelj,Getafe,Desc,4,6278037,6274214,Disponible,2026-09-16
Nico Guillén,Sevilla,Desc,14,2095042,2154386,Disponible,2026-09-16
Nico Serrano,Athletic,Desc,0,550140,555477,Disponible,2026-09-16
Nicolas Pépé,Villarreal,Desc,67,62274687,63193124,Disponible,2026-09-16
Nicolás Valentini,Alavés,Desc,6,647735,657138,Disponible,2026-09-16
Obed Vargas,Atlético,Desc,0,537360,542164,Disponible,2026-09-16
Odysseas Vlachodimos,Sevilla,Desc,38,29805883,29607162,Disponible,2026-09-16
Oihan Sancet,Athletic,Desc,60,43893533,43617724,Disponible,2026-09-16
Omar El Hilali,Espanyol,Desc,52,16586752,15824136,Disponible,2026-09-16
Orel Mangala,Getafe,Desc,38,11643471,11718613,Disponible,2026-09-16
Oriol Rey,Levante,Desc,33,2171108,2088459,Disponible,2026-09-16
Orri Steinn Óskarsson,Real Sociedad,Desc,22,7109581,7212107,Disponible,2026-09-16
Óscar López,Getafe,Desc,0,779067,793942,Disponible,2026-09-16
Óscar Valentín,Rayo,Desc,37,3503175,3514279,Disponible,2026-09-16
Pablo Barrios,Atlético,Desc,49,49838526,51398756,Lesionado,2026-09-16
Pablo Durán,Celta,Desc,10,684862,688964,Disponible,2026-09-16
Pablo Fornals,Betis,Desc,40,46456766,47099104,Disponible,2026-09-16
Pablo García,Deportivo,Desc,39,468964,468964,Disponible,2026-09-16
Pablo García,Racing,Desc,39,7443556,7113761,Disponible,2026-09-16
Pablo Gavi,Barcelona,Desc,2,15739994,16099062,Disponible,2026-09-16
Pablo Ibáñez,Alavés,Desc,54,10867955,10592048,Disponible,2026-09-16
Pablo Maffeo,Valencia,Desc,18,6313543,6463831,Disponible,2026-09-16
Pablo Martínez,Málaga,Desc,32,4669505,4607079,Disponible,2026-09-16
Pablo Ramón,Racing,Desc,44,1929546,1869264,Disponible,2026-09-16
Paco Cortés,Levante,Desc,7,532072,536656,Disponible,2026-09-16
Pape Gueye,Villarreal,Desc,57,33936655,34700084,Disponible,2026-09-16
Pau Cubarsí,Barcelona,Desc,35,64797541,65198952,Disponible,2026-09-16
Pau Navarro,Villarreal,Desc,8,4080880,4149108,Disponible,2026-09-16
Pedro Bigas,Elche,Desc,-10,2285138,2345491,Disponible,2026-09-16
Pedro Díaz,Rayo,Desc,43,1148139,1139430,Disponible,2026-09-16
Pedro Felipe,Racing,Desc,1,1113474,1139078,Disponible,2026-09-16
Peio Canales,Athletic,Desc,28,6958129,7152595,Duda,2026-09-16
Pepelu,Valencia,Desc,64,9430253,9395153,Disponible,2026-09-16
Peque,Sevilla,Desc,21,2442357,2489938,Disponible,2026-09-16
Pere Milla,Espanyol,Desc,3,4396201,4499017,Disponible,2026-09-16
Petar Ratkov,Levante,Desc,2,3039888,3124820,Disponible,2026-09-16
Pierre-Emerick Aubameyang,Deportivo,Desc,98,97478646,95816528,Disponible,2026-09-16
Pol Lozano,Espanyol,Desc,4,1077767,1105088,Disponible,2026-09-16
Quilindschy Hartman,Espanyol,Desc,10,3550012,3632350,Disponible,2026-09-16
Rafa Rodríguez,Málaga,Desc,10,2634736,2707276,Disponible,2026-09-16
Rafel Bauzà,Espanyol,Desc,16,558671,564363,Disponible,2026-09-16
Ramón Enríquez,Málaga,Desc,5,533308,537943,Disponible,2026-09-16
Ramón Terrats,Getafe,Desc,63,8563908,8107075,Disponible,2026-09-16
Randy Nteka,Rayo,Desc,10,977274,1000408,Duda,2026-09-16
Raphinha,Barcelona,Desc,112,138149100,137533336,Disponible,2026-09-16
Raúl Asencio,Real Madrid,Desc,0,1960034,2000150,Disponible,2026-09-16
Raúl García,Osasuna,Desc,19,1534722,1536775,Disponible,2026-09-16
Raúl Jiménez,Valencia,Desc,0,1561503,0,Disponible,2026-09-16
Raul Moro,Osasuna,Desc,8,8319072,8490773,Disponible,2026-09-16
Renato Veiga,Villarreal,Desc,20,22556958,22701452,Disponible,2026-09-16
Robbie Ure,Sevilla,Desc,13,11490899,11653504,Disponible,2026-09-16
Robert Navarro,Athletic,Desc,60,7863479,7268534,Disponible,2026-09-16
Robin Le Normand,Atlético,Desc,15,9279319,9438120,Disponible,2026-09-16
Rockson Yeboah,Osasuna,Desc,2,878830,889888,Disponible,2026-09-16
Rodrigo Gamón,Valencia,Desc,0,800000,800000,Disponible,2026-09-16
Rodrigo Mendoza,Atlético,Desc,23,978163,996320,Disponible,2026-09-16
Rodrigo Riquelme,Betis,Desc,60,17677313,17341754,Disponible,2026-09-16
Roger Hinojo,Espanyol,Desc,42,4923178,4856042,Disponible,2026-09-16
Romain Del Castillo,Osasuna,Desc,3,9930621,10221906,Disponible,2026-09-16
Roy Revivo,Elche,Desc,9,3706383,3780094,Disponible,2026-09-16
Rubén Gómez,Villarreal,Desc,0,461833,463490,Disponible,2026-09-16
Rubén Sánchez,Elche,Desc,0,430837,431203,Disponible,2026-09-16
Rubén Vargas,Sevilla,Desc,2,10388026,10713106,Lesionado,2026-09-16
Ryunosuke Sato,Valencia,Desc,20,7307672,7480516,Disponible,2026-09-16
Saba Sazonov,Getafe,Desc,9,751712,765447,Disponible,2026-09-16
Salvi Esquivel,Atlético,Desc,0,528572,533010,Disponible,2026-09-16
Samu Becerra,Rayo,Desc,0,565033,570990,Disponible,2026-09-16
Santi Comesaña,Villarreal,Desc,34,16798871,17191329,Disponible,2026-09-16
Santiago Mouriño,Villarreal,Desc,17,18284539,18761740,Disponible,2026-09-16
Sebastián Boselli,Getafe,Desc,4,1193838,1203010,Disponible,2026-09-16
Sebastián Cáceres,Celta,Desc,7,5070450,5165058,Disponible,2026-09-16
Selu Diallo,Alavés,Desc,0,584151,590905,Disponible,2026-09-16
Sergio Camello,Rayo,Desc,99,17442944,16097108,Disponible,2026-09-16
Sergio Canales,Racing,Desc,64,28741743,28471666,Disponible,2026-09-16
Sergio Carreira,Celta,Desc,21,7355325,7150892,Disponible,2026-09-16
Sergio Gómez,Real Sociedad,Desc,38,16541012,16385522,Disponible,2026-09-16
Sergio Herrera,Osasuna,Desc,19,33611066,34076241,Disponible,2026-09-16
Sergio José Lozano,Rayo,Desc,0,493296,496264,Disponible,2026-09-16
Sergio Martínez,Real Madrid,Desc,28,1461811,1494458,Disponible,2026-09-16
Sergio Mestre,Real Madrid,Desc,0,677860,677860,Disponible,2026-09-16
Simon Eriksson,Racing,Desc,0,1292259,1326465,Lesionado,2026-09-16
Stole Dimitrievski,Valencia,Desc,61,20280956,20285283,Disponible,2026-09-16
Takefusa Kubo,Real Sociedad,Desc,23,20630619,20999911,Disponible,2026-09-16
Tani Oluwaseyi,Villarreal,Desc,8,1256878,1276040,Disponible,2026-09-16
Tete Morente,Elche,Desc,42,2346424,2230986,Disponible,2026-09-16
Teun Gijselhart,Deportivo,Desc,3,1224258,1256424,Disponible,2026-09-16
Theo Folgado,Real Sociedad,Desc,0,702606,702606,Disponible,2026-09-16
Thibaut Courtois,Real Madrid,Desc,46,61732662,61721112,Disponible,2026-09-16
Thomas Lemar,Elche,Desc,18,3961427,3960102,Disponible,2026-09-16
Toni Martinez,Alavés,Desc,31,18644828,18716018,Disponible,2026-09-16
Trent Alexander-Arnold,Real Madrid,Desc,37,21721346,21809927,Disponible,2026-09-16
Tyrhys Dolan,Espanyol,Desc,24,15641680,15509932,Disponible,2026-09-16
Umar Sadiq,Valencia,Desc,19,3280173,3381639,Lesionado,2026-09-16
Unai López,Rayo,Desc,68,14919193,14538664,Disponible,2026-09-16
Unai Marrero,Real Sociedad,Desc,23,813541,817246,Disponible,2026-09-16
Unai Santos,Osasuna,Desc,0,494336,497347,Disponible,2026-09-16
Unai Simón,Athletic,Desc,65,49703931,49934024,Disponible,2026-09-16
Valentín Gómez,Betis,Desc,23,1639503,1651536,Disponible,2026-09-16
Vanja Drkusic,Espanyol,Desc,11,1869484,1912843,Disponible,2026-09-16
Víctor Chust,Elche,Desc,5,4480478,4522602,Disponible,2026-09-16
Víctor García,Levante,Desc,4,974445,995096,Disponible,2026-09-16
Ville Koski,Alavés,Desc,57,11485472,10758315,Disponible,2026-09-16
Williot Swedberg,Celta,Desc,36,4620780,4678461,Disponible,2026-09-16
Wojciech Szczesny,Barcelona,Desc,0,1193416,1218444,Disponible,2026-09-16
Xanet Oláiz,Alavés,Desc,2,472962,473629,Disponible,2026-09-16
Xavi Espart,Barcelona,Desc,79,28712917,26387122,Disponible,2026-09-16
Yangel Herrera,Real Sociedad,Desc,46,4813727,4682825,Disponible,2026-09-16
Yanis Musuayi,Levante,Desc,0,1187832,1219375,Disponible,2026-09-16
Yassir Zabiri,Racing,Desc,60,12352855,11449980,Disponible,2026-09-16
Yoel Lago,Celta,Desc,47,5260633,4810217,Disponible,2026-09-16
Youssouf Fofana,Sevilla,Desc,15,14808068,14638576,Disponible,2026-09-16
Zaid Romero,Getafe,Desc,27,25585641,25995531,Disponible,2026-09-16
Zakaria Eddahchouri,Deportivo,Desc,13,963923,971472,Disponible,2026-09-16
Llorenç Serred,Espanyol,Desc,0,461956,460635,Disponible,2026-09-17
Aaron Ndive Mayol,Valencia,Desc,4,700000,700000,Disponible,2026-09-17
Abde Rebbach,Alavés,Desc,56,5173068,5172521,Disponible,2026-09-17
Abdel Abqar,Getafe,Desc,6,3842682,3961300,Duda,2026-09-17
Abdoulaye Faye,Celta,Desc,3,1903964,1960804,Disponible,2026-09-17
Abel Bretones,Osasuna,Desc,26,10100516,10041470,Disponible,2026-09-17
Abiel Osorio,Elche,Desc,17,716948,709917,Disponible,2026-09-17
Adam Aznou,Málaga,Desc,0,1017279,0,Lesionado,2026-09-17
Adama Timera,Espanyol,Desc,0,493311,493296,Disponible,2026-09-17
Ademola Lookman,Atlético,Desc,33,48205512,49060249,Disponible,2026-09-17
Adrià Altimira,Deportivo,Desc,14,4386103,4488180,Disponible,2026-09-17
Adrià Pedrosa,Rayo,Desc,17,2494145,2482099,Disponible,2026-09-17
Adrián Molina,Rayo,Desc,0,517842,518849,Disponible,2026-09-17
Adrián Niño,Málaga,Desc,11,1100998,1114303,Disponible,2026-09-17
Aimar Blázquez,Valencia,Desc,0,581656,581656,Disponible,2026-09-17
Aimar Oroz,Osasuna,Desc,17,8766954,9023979,Lesionado,2026-09-17
Aissa Mandi,Levante,Desc,50,12991359,12998818,Disponible,2026-09-17
Aitor Fraga,Real Sociedad,Desc,0,602234,602234,Disponible,2026-09-17
Aitor Mañas,Alavés,Desc,6,454798,453177,Duda,2026-09-17
Aitor Paredes,Athletic,Desc,42,13035115,13017089,Disponible,2026-09-17
Alassane Diatta,Villarreal,Desc,0,458893,457444,Disponible,2026-09-17
Alberto Calatrava,Levante,Desc,0,587448,591355,Disponible,2026-09-17
Alberto Moleiro,Villarreal,Desc,43,38673668,39495934,Disponible,2026-09-17
Alberto Risco,Getafe,Desc,3,499403,499642,Disponible,2026-09-17
Aleix Febas,Celta,Desc,19,14478623,14797215,Disponible,2026-09-17
Alejandro Balde,Barcelona,Desc,5,11661931,11986720,Disponible,2026-09-17
Alejandro Catena,Osasuna,Desc,37,33253731,33893954,Disponible,2026-09-17
Alejandro Iturbe,Elche,Desc,0,535438,537177,Disponible,2026-09-17
Alejandro Panach,Valencia,Desc,0,494461,494494,Disponible,2026-09-17
Alejandro Rego,Athletic,Desc,0,1998783,2056324,Disponible,2026-09-17
Alemão,Rayo,Desc,14,1588674,1632206,Disponible,2026-09-17
Álex Baena,Atlético,Desc,97,62897320,63627476,Disponible,2026-09-17
Álex Berenguer,Athletic,Desc,50,11320748,11023144,Disponible,2026-09-17
Álex Calatrava,Espanyol,Desc,41,6245923,6365488,Disponible,2026-09-17
Alex Freeman,Villarreal,Desc,13,1288278,1313562,Disponible,2026-09-17
Álex Grimaldo,Atlético,Desc,71,32887913,31968016,Disponible,2026-09-17
Alex Lebarbier,Real Sociedad,Desc,0,602234,602234,Disponible,2026-09-17
Alex Marchal,Real Sociedad,Desc,11,577727,581229,Disponible,2026-09-17
Alex Padilla,Athletic,Desc,0,757325,768310,Disponible,2026-09-17
Álex Pastor,Málaga,Desc,0,411452,408026,Disponible,2026-09-17
Álex Remiro,Real Sociedad,Desc,53,38134745,38183317,Disponible,2026-09-17
Alexis Ciria,Real Madrid,Desc,0,605627,610292,Disponible,2026-09-17
Alfonso Herrero,Málaga,Desc,53,17162990,16493493,Disponible,2026-09-17
Aliou Dieng,Valencia,Desc,28,2087594,2130821,Disponible,2026-09-17
Altay Bayindir,Celta,Desc,0,1094597,1119636,Disponible,2026-09-17
Álvaro Djaló,Athletic,Desc,2,591542,595620,Disponible,2026-09-17
Álvaro Fidalgo,Betis,Desc,3,1238808,1269820,Disponible,2026-09-17
Álvaro García,Rayo,Desc,64,18017368,17858330,Disponible,2026-09-17
Álvaro Mantilla,Racing,Desc,22,1684724,1714651,Disponible,2026-09-17
Álvaro Padilla,Elche,Desc,0,642013,648194,Disponible,2026-09-17
Álvaro Valles,Betis,Desc,96,51701559,51014061,Disponible,2026-09-17
Ander Barrenetxea,Real Sociedad,Desc,32,20573772,20571255,Disponible,2026-09-17
Ander Guevara,Alavés,Desc,3,613654,618653,Disponible,2026-09-17
André Almeida,Racing,Desc,-2,1256286,1288062,Disponible,2026-09-17
Andrei Ratiu,Rayo,Desc,39,23904904,24321513,Disponible,2026-09-17
Andrés Antañón,Celta,Desc,3,562179,565033,Lesionado,2026-09-17
Andrés Castrín,Sevilla,Desc,57,4775588,4587600,Disponible,2026-09-17
Andrés García,Getafe,Desc,34,7649018,7862878,Duda,2026-09-17
Andrés Martín,Racing,Desc,30,12481453,12843095,Lesionado,2026-09-17
Andrés Vallecillo,Racing,Desc,0,492731,492692,Disponible,2026-09-17
Andriy Lunin,Real Madrid,Desc,0,1223297,1247869,Disponible,2026-09-17
Ángel Fortuño,Espanyol,Desc,0,455268,453668,Disponible,2026-09-17
Ángel Ortiz,Betis,Desc,15,991274,1012007,Disponible,2026-09-17
Ángel Pérez,Alavés,Desc,72,21384347,20245661,Disponible,2026-09-17
Angel Recio,Málaga,Desc,22,2076112,1992290,Disponible,2026-09-17
Angeliño,Deportivo,Desc,-1,7992781,8208309,Disponible,2026-09-17
Ante Budimir,Osasuna,Desc,79,61830235,62291000,Disponible,2026-09-17
Anthony Gordon,Barcelona,Desc,49,84832576,86226912,Disponible,2026-09-17
Antonio Blanco,Alavés,Desc,55,19985507,20217292,Disponible,2026-09-17
Antonio Rüdiger,Real Madrid,Desc,25,20211020,20552479,Disponible,2026-09-17
Antonio Sivera,Alavés,Desc,66,42389516,42693984,Disponible,2026-09-17
Antony,Betis,Desc,55,56911303,57238229,Disponible,2026-09-17
Arda Güler,Real Madrid,Desc,99,93986239,91753950,Disponible,2026-09-17
Arnau Comas,Deportivo,Desc,0,500995,501300,Disponible,2026-09-17
Arnau Ortiz,Atlético,Desc,15,894340,901614,Disponible,2026-09-17
Arnaut Danjuma,Valencia,Desc,28,4479650,4441368,Disponible,2026-09-17
Arouna Sangante,Sevilla,Desc,18,7983382,8227220,Duda,2026-09-17
Arsen Zakharyan,Real Sociedad,Desc,2,587225,591123,Disponible,2026-09-17
Asier Bonel,Osasuna,Desc,0,665311,672463,Disponible,2026-09-17
Asier Osambela,Osasuna,Desc,24,456671,455129,Disponible,2026-09-17
Asier Villalibre,Racing,Desc,15,3824898,3931643,Disponible,2026-09-17
Augusto Batalla,Rayo,Desc,21,17112503,17626785,Lesionado,2026-09-17
Aurélien Tchouaméni,Real Madrid,Desc,16,22216443,22316840,Disponible,2026-09-17
Axel Tape,Levante,Desc,0,1869192,1925829,Disponible,2026-09-17
Aymeric Laporte,Athletic,Desc,30,42832962,42970246,Disponible,2026-09-17
Beñat Gerenabarrena,Athletic,Desc,45,3786392,3687928,Disponible,2026-09-17
Beñat Prados,Athletic,Desc,0,715973,725235,Disponible,2026-09-17
Beñat Turrientes,Real Sociedad,Desc,43,7122414,7143137,Disponible,2026-09-17
Bernardo Silva,Real Madrid,Desc,34,40598800,41544963,Disponible,2026-09-17
Bil Nsongo,Deportivo,Desc,30,7615649,7635653,Disponible,2026-09-17
Borja Iglesias,Celta,Desc,0,13125770,13455548,Disponible,2026-09-17
Borja Mayoral,Getafe,Desc,1,1397043,1434683,Disponible,2026-09-17
Boyomo,Osasuna,Desc,16,14684135,15083656,Disponible,2026-09-17
Brian Fariñas,Barcelona,Desc,0,621950,627295,Disponible,2026-09-17
Bright Ede,Deportivo,Desc,19,3991614,4082069,Disponible,2026-09-17
Buba Sangaré,Elche,Desc,20,3728272,3740935,Disponible,2026-09-17
Carl Starfelt,Celta,Desc,29,9900366,10112773,Disponible,2026-09-17
Carles Aleñá,Alavés,Desc,23,2950248,2977848,Disponible,2026-09-17
Carlos Dotor,Málaga,Desc,41,4808676,4885647,Disponible,2026-09-17
Carlos Espí,Real Madrid,Desc,27,13623914,13561016,Disponible,2026-09-17
Carlos López,Málaga,Desc,0,414006,410687,Disponible,2026-09-17
Carlos Macià,Villarreal,Desc,11,627598,633178,Disponible,2026-09-17
Carlos Puga,Málaga,Desc,13,3625738,3701544,Disponible,2026-09-17
Carlos Romero,Villarreal,Desc,16,22206222,22749848,Disponible,2026-09-17
Carlos Soler,Real Sociedad,Desc,48,30558808,30507338,Disponible,2026-09-17
César Tárrega,Valencia,Desc,36,8625727,8890467,Lesionado,2026-09-17
Cheikh Thiam,Villarreal,Desc,0,588786,592749,Disponible,2026-09-17
Chidera Ejuke,Sevilla,Desc,24,6214582,6199639,Disponible,2026-09-17
Chupete,Málaga,Desc,28,25788765,26452765,Disponible,2026-09-17
Clemens Riedel,Espanyol,Desc,33,5682586,5590470,Disponible,2026-09-17
Coke Carrillo,Celta,Desc,0,1567556,0,Disponible,2026-09-17
Couhaib Driouech,Celta,Desc,11,2748616,2820191,Disponible,2026-09-17
Cristian Rivero,Valencia,Desc,0,442059,439908,Disponible,2026-09-17
Cristian Romero,Atlético,Desc,39,31981998,31513308,Disponible,2026-09-17
Dakonam Djené,Getafe,Desc,27,16313445,16059124,Disponible,2026-09-17
Dani Cárdenas,Rayo,Desc,13,1319663,1347351,Disponible,2026-09-17
Dani Ceballos,Betis,Desc,11,19472408,19637091,Disponible,2026-09-17
Dani Lorenzo,Málaga,Desc,30,11257069,11410532,Disponible,2026-09-17
Dani Martínez,Atlético,Desc,12,513747,514583,Disponible,2026-09-17
Dani Olmo,Barcelona,Desc,55,47502094,47958420,Disponible,2026-09-17
Dani Requena,Levante,Desc,8,927747,945837,Disponible,2026-09-17
Daniel Raba,Valencia,Desc,2,756567,767521,Disponible,2026-09-17
David Hancko,Atlético,Desc,48,39042719,38544264,Disponible,2026-09-17
David Larrubia,Málaga,Desc,60,26065586,26679186,Disponible,2026-09-17
David Mella,Deportivo,Desc,5,1828061,1878942,Disponible,2026-09-17
David Otorbi,Valencia,Desc,20,599520,594379,Disponible,2026-09-17
David Soria,Getafe,Desc,48,35824497,35802943,Disponible,2026-09-17
Davinchi,Getafe,Desc,9,1441771,1481278,Disponible,2026-09-17
Dean Huijsen,Real Madrid,Desc,48,56718301,57448115,Disponible,2026-09-17
Denis Suárez,Alavés,Desc,46,2622464,2528311,Disponible,2026-09-17
Denzel Dumfries,Real Madrid,Desc,33,32581849,33187420,Disponible,2026-09-17
Diego Conde,Betis,Desc,0,1293059,1326367,Disponible,2026-09-17
Diego Ferrer,Getafe,Desc,0,500873,501173,Disponible,2026-09-17
Diego Rico,Osasuna,Desc,4,2257425,2323014,Disponible,2026-09-17
Diego Villares,Deportivo,Desc,8,1179594,1208174,Disponible,2026-09-17
Dimitri Foulquier,Valencia,Desc,0,950866,969916,Lesionado,2026-09-17
Dominik Livakovic,Barcelona,Desc,0,2372475,2430866,Disponible,2026-09-17
Eder Aller,Barcelona,Desc,0,702705,702705,Disponible,2026-09-17
Edu Altozano,Sevilla,Desc,0,472251,471358,Disponible,2026-09-17
Edu Expósito,Espanyol,Desc,65,31792570,31242544,Disponible,2026-09-17
Eduardo Camavinga,Real Madrid,Desc,19,8771665,8910201,Disponible,2026-09-17
Einar Galilea,Málaga,Desc,22,5704489,5671963,Disponible,2026-09-17
Emil Audero,Rayo,Desc,25,5266977,5253719,Disponible,2026-09-17
Endrick,Real Madrid,Desc,0,3449674,3525969,Disponible,2026-09-17
Eneko Jauregi,Málaga,Desc,2,667703,674954,Disponible,2026-09-17
Enes Ünal,Getafe,Desc,23,17344737,17617407,Disponible,2026-09-17
Eric Garcia,Barcelona,Desc,45,46195879,46686332,Disponible,2026-09-17
Ezequiel Ponce,Elche,Desc,10,908579,925867,Disponible,2026-09-17
Facundo Bernal,Betis,Desc,37,14219100,14420944,Disponible,2026-09-17
Facundo Buonanotte,Elche,Desc,35,3663686,3685561,Disponible,2026-09-17
Federico Redondo,Elche,Desc,62,1191662,1136955,Disponible,2026-09-17
Federico Valverde,Real Madrid,Desc,62,65525473,66230137,Disponible,2026-09-17
Félix Correia,Sevilla,Desc,21,5606556,5710389,Disponible,2026-09-17
Ferran Jutglà,Celta,Desc,26,8364748,8062060,Disponible,2026-09-17
Filip Ugrinic,Valencia,Desc,70,3387140,3389370,Disponible,2026-09-17
Florian Lejeune,Rayo,Desc,30,20384921,20840779,Disponible,2026-09-17
Fran García,Betis,Desc,35,30334839,30061707,Disponible,2026-09-17
Fran González,Sevilla,Desc,0,497328,497480,Disponible,2026-09-17
Gabriel Moscardo,Espanyol,Desc,21,3705738,3808583,Disponible,2026-09-17
Gabriel Suazo,Sevilla,Desc,60,5095808,4938448,Disponible,2026-09-17
Georges Mikautadze,Villarreal,Desc,47,53292000,54084443,Disponible,2026-09-17
Georgiy Tsitaishvili,Rayo,Desc,18,1318830,1340561,Disponible,2026-09-17
Gerard Martín,Barcelona,Desc,55,50760853,51402906,Disponible,2026-09-17
Germán Parreño,Deportivo,Desc,0,470100,469118,Disponible,2026-09-17
Germán Valera,Elche,Desc,60,13221879,13471964,Disponible,2026-09-17
Giacomo Quagliata,Deportivo,Desc,26,3911526,3887193,Disponible,2026-09-17
Giorgi Guliashvili,Racing,Desc,1,863320,878722,Disponible,2026-09-17
Giorgi Kochorashvili,Sevilla,Desc,16,6713926,6822540,Disponible,2026-09-17
Giovani Lo Celso,Betis,Desc,4,14344300,14676431,Disponible,2026-09-17
Gnangoro Bouare,Rayo,Desc,28,876357,892303,Disponible,2026-09-17
Gonçalo Guedes,Real Sociedad,Desc,27,17472404,17609278,Disponible,2026-09-17
Gonzalo Villar,Elche,Desc,76,10205680,10245810,Disponible,2026-09-17
Gorka Carrera,Real Sociedad,Desc,0,527515,528925,Disponible,2026-09-17
Gorka Guruzeta,Athletic,Desc,5,8157626,8374298,Disponible,2026-09-17
Grady Diangana,Elche,Desc,0,627873,633465,Disponible,2026-09-17
Grégoire Swiderski,Alavés,Desc,0,472723,471850,Disponible,2026-09-17
Hamza Abdelkarim,Barcelona,Desc,2,2889976,2949244,Disponible,2026-09-17
Héctor Bellerín,Betis,Desc,37,17149418,17194251,Disponible,2026-09-17
Héctor Fort,Real Sociedad,Desc,3,3291493,3350208,Disponible,2026-09-17
Hugo Burcio,Celta,Desc,3,579619,583200,Disponible,2026-09-17
Hugo Duro,Valencia,Desc,13,4952489,5025587,Disponible,2026-09-17
Hugo González,Celta,Desc,39,1490247,1393991,Disponible,2026-09-17
Hugo Novoa,Alavés,Desc,0,558930,561649,Disponible,2026-09-17
Hugo Pérez,Racing,Desc,0,732061,741993,Disponible,2026-09-17
Hugo Rincón,Athletic,Desc,4,1498930,1540822,Disponible,2026-09-17
Hugo Sotelo,Levante,Desc,9,840630,855086,Lesionado,2026-09-17
Iago Aspas,Celta,Desc,21,6158580,6327091,Lesionado,2026-09-17
Ibai Aguirre,R. Sociedad B,Desc,0,602257,602257,Disponible,2026-09-17
Ibrahima Konaté,Real Madrid,Desc,12,40013340,40789570,Disponible,2026-09-17
Ifeanyi Ndukwe,Levante,Desc,2,1442997,1482553,Disponible,2026-09-17
Igor Galdin,Levante,Desc,0,493400,493389,Disponible,2026-09-17
Igor Zubeldia,Real Sociedad,Desc,36,10982222,10946407,Disponible,2026-09-17
Iker Córdoba,Valencia,Desc,6,989193,1004626,Disponible,2026-09-17
Iker Losada,Betis,Desc,0,1091869,1116794,Disponible,2026-09-17
Iker Luque,Racing,Desc,0,1350113,1385799,Disponible,2026-09-17
Iker Monreal,Athletic,Desc,0,579619,583200,Disponible,2026-09-17
Iker Muñoz,Sevilla,Desc,38,472251,471358,Disponible,2026-09-17
Iker Muñoz,Osasuna,Desc,38,2001227,1999514,Disponible,2026-09-17
Iker Muñoz,Sevilla,Desc,0,472251,471358,Disponible,2026-09-17
Iker Muñoz,Osasuna,Desc,0,2001227,1999514,Disponible,2026-09-17
Ilaix Moriba,Celta,Desc,39,7609874,7426463,Disponible,2026-09-17
Ilias Akhomach,Villarreal,Desc,3,2435172,2500931,Disponible,2026-09-17
Iñigo Arguibide,Osasuna,Desc,25,3487433,3504199,Disponible,2026-09-17
Íñigo Sainz-Maza,Racing,Desc,12,512445,513227,Disponible,2026-09-17
Iñigo Vicente,Racing,Desc,72,32930696,32248883,Disponible,2026-09-17
Ionut Radu,Celta,Desc,60,41651765,41338998,Disponible,2026-09-17
Isaac Romero,Sevilla,Desc,23,5644063,5738195,Disponible,2026-09-17
Iván Alonso,Rayo,Desc,0,461933,460610,Disponible,2026-09-17
Iván Azón,Getafe,Desc,7,4174409,4250815,Disponible,2026-09-17
Iván Balliu,Rayo,Desc,1,622406,627770,Disponible,2026-09-17
Iván Martín,Racing,Desc,50,7855948,7937539,Disponible,2026-09-17
Iván Romero,Levante,Desc,43,6041143,5911639,Disponible,2026-09-17
Iván Villar,Celta,Desc,0,573971,577317,Disponible,2026-09-17
Izan Merino,Málaga,Desc,26,3757734,3828736,Disponible,2026-09-17
Jan Oblak,Atlético,Desc,53,45472761,45473334,Disponible,2026-09-17
Jaume Durá,Valencia,Desc,0,767651,779067,Disponible,2026-09-17
Javi Galán,Celta,Desc,20,7834082,8010702,Disponible,2026-09-17
Javi Guerra,Valencia,Desc,38,19080277,18923282,Disponible,2026-09-17
Javi Morcillo,Elche,Desc,29,726556,730779,Disponible,2026-09-17
Javi Navarro,Real Madrid,Desc,0,702622,702622,Disponible,2026-09-17
Javi Rodríguez,Celta,Desc,16,8315873,8537742,Disponible,2026-09-17
Javi Rueda,Celta,Desc,36,4765536,4555981,Disponible,2026-09-17
Javier Hernández,Espanyol,Desc,60,16581406,16075486,Disponible,2026-09-17
Jean Ives Valou,Getafe,Desc,-5,472251,471358,Disponible,2026-09-17
Jeanuël Belocian,Racing,Desc,18,3157916,3132201,Disponible,2026-09-17
Jeremy Toljan,Levante,Desc,2,2002483,2056799,Disponible,2026-09-17
Jesús Areso,Athletic,Desc,37,4264668,4251743,Disponible,2026-09-17
Jesús Vázquez,Valencia,Desc,25,1678072,1705247,Disponible,2026-09-17
Jiri Letácek,Getafe,Desc,0,497863,498038,Disponible,2026-09-17
Joan Garcia,Barcelona,Desc,56,73476286,73599352,Disponible,2026-09-17
Joao Cancelo,Barcelona,Desc,11,29071323,29456771,Disponible,2026-09-17
Job Ochieng,Real Sociedad,Desc,29,1224305,1219863,Disponible,2026-09-17
Johan Mojica,Getafe,Desc,50,15066015,15212412,Disponible,2026-09-17
Johnny Cardoso,Atlético,Desc,18,2730584,2766581,Disponible,2026-09-17
Jon Ander Olasagasti,Levante,Desc,67,9444396,9362913,Disponible,2026-09-17
Jon Aramburu,Real Sociedad,Desc,56,19601192,19464603,Disponible,2026-09-17
Jon Gorrotxategi,Real Sociedad,Desc,4,2706208,2777666,Disponible,2026-09-17
Jon Guridi,Sevilla,Desc,36,6644592,6784964,Disponible,2026-09-17
Jon Martín,Real Sociedad,Desc,19,24822334,24985209,Disponible,2026-09-17
Jon Moncayola,Osasuna,Desc,46,7441252,7495294,Disponible,2026-09-17
Jon Pacheco,Real Sociedad,Desc,3,1739360,1789436,Disponible,2026-09-17
Jonathan Asp Jensen,Deportivo,Desc,26,3935713,4043704,Disponible,2026-09-17
Jonathan David,Atlético,Desc,43,30497383,30293868,Disponible,2026-09-17
Jonathan Dubasin,Osasuna,Desc,23,6842054,7028427,Disponible,2026-09-17
Jones El-Abdellaoui,Celta,Desc,12,834897,849115,Disponible,2026-09-17
Jordi Pesquer,Barcelona,Desc,0,600000,600000,Disponible,2026-09-17
Jorge Cabello,Levante,Desc,0,531152,532714,Disponible,2026-09-17
Jorge Castellanos,Racing,Desc,0,493311,493296,Disponible,2026-09-17
Jorge Castillo,Atlético,Desc,0,1000000,1000000,Disponible,2026-09-17
Jorge Cestero,Real Madrid,Desc,0,491382,491286,Disponible,2026-09-17
Jorge Domínguez,Atlético,Desc,2,2112324,0,Disponible,2026-09-17
Jorge Herrando,Osasuna,Desc,24,1451001,1490890,Lesionado,2026-09-17
Jorge Salinas,Racing,Desc,60,7005558,7000087,Disponible,2026-09-17
José Ángel Carmona,Sevilla,Desc,2,1992258,2047767,Disponible,2026-09-17
José Gayà,Valencia,Desc,39,7344810,7270520,Disponible,2026-09-17
José María Giménez,Deportivo,Desc,17,9478424,8969396,Disponible,2026-09-17
José Salinas,Málaga,Desc,14,907510,882787,Disponible,2026-09-17
Joseph Otu,Málaga,Desc,0,648448,654897,Disponible,2026-09-17
Jozhua Vertrouwd,Rayo,Desc,-1,656920,663722,Duda,2026-09-17
Juan Berrocal,Málaga,Desc,0,766614,777986,Disponible,2026-09-17
Juan Carlos Arana,Racing,Desc,1,522096,523280,Disponible,2026-09-17
Juan Cruz,Málaga,Desc,14,7047321,7237448,Disponible,2026-09-17
Juan Foyth,Villarreal,Desc,28,12957421,13328183,Lesionado,2026-09-17
Juan Iglesias,Sevilla,Desc,78,13960994,13545688,Disponible,2026-09-17
Juan Musso,Atlético,Desc,0,2054179,2104451,Disponible,2026-09-17
Juani,Málaga,Desc,0,1074673,1098881,Disponible,2026-09-17
Jude Bellingham,Real Madrid,Desc,116,121505810,121154972,Disponible,2026-09-17
Julen Agirrezabala,Racing,Desc,74,20089582,19163944,Disponible,2026-09-17
Julen Lobete,Málaga,Desc,0,519100,520159,Lesionado,2026-09-17
Jules Koundé,Barcelona,Desc,14,27555748,28051710,Disponible,2026-09-17
Julio Díaz,Sevilla,Desc,1,434339,431867,Disponible,2026-09-17
Karim Adeyemi,Barcelona,Desc,60,50869303,49754537,Disponible,2026-09-17
Karl Etta Eyong,Levante,Desc,10,12686500,13065151,Lesionado,2026-09-17
Kevin Sánchez,Deportivo,Desc,0,560246,563020,Disponible,2026-09-17
Kike Barja,Osasuna,Desc,27,1555861,1579506,Disponible,2026-09-17
Kike Ribes,Celta Fortuna,Desc,0,600000,600000,Disponible,2026-09-17
Kike Salas,Sevilla,Desc,49,9547425,9303046,Disponible,2026-09-17
Kiko Femenia,Getafe,Desc,2,1987684,2047523,Lesionado,2026-09-17
Kylian Mbappé,Real Madrid,Desc,144,144097898,143225708,Disponible,2026-09-17
Lamine Yamal,Barcelona,Desc,139,142482537,140825729,Disponible,2026-09-17
Laro Gómez,Racing,Desc,0,602234,602234,Disponible,2026-09-17
Leandro Cabrera,Espanyol,Desc,29,11168654,10944895,Disponible,2026-09-17
Leo Román,Deportivo,Desc,51,36448486,36610069,Disponible,2026-09-17
Logan Costa,Villarreal,Desc,-2,662299,669325,Disponible,2026-09-17
Lorenzo Amatucci,Deportivo,Desc,66,18004485,18127006,Disponible,2026-09-17
Lucas Boyé,Alavés,Desc,75,28801098,27949759,Disponible,2026-09-17
Lucas Cepeda,Elche,Desc,28,1139729,1091077,Disponible,2026-09-17
Lucas Noubi,Deportivo,Desc,47,15701560,15593486,Disponible,2026-09-17
Lucas Stassin,Sevilla,Desc,27,18427389,18918799,Disponible,2026-09-17
Lucas Torró,Osasuna,Desc,18,1480089,1515622,Disponible,2026-09-17
Lucien Agoume,Sevilla,Desc,72,10347512,10042184,Disponible,2026-09-17
Luis Rioja,Valencia,Desc,20,5434582,5441115,Duda,2026-09-17
Luiz Junior,Villarreal,Desc,8,25604916,26260722,Disponible,2026-09-17
Luken Beitia,Real Sociedad,Desc,-5,455247,453646,Disponible,2026-09-17
Manel Usedo,Levante,Desc,0,524691,525983,Disponible,2026-09-17
Manu Bueno,Sevilla,Desc,5,529811,531317,Disponible,2026-09-17
Manu González,Betis,Desc,0,581691,581691,Disponible,2026-09-17
Manu Hernando,Racing,Desc,22,2404597,2462937,Disponible,2026-09-17
Manu Sánchez,Levante,Desc,57,5469450,5494745,Disponible,2026-09-17
Manuel Ángel Castillo,Sevilla,Desc,0,900000,900000,Disponible,2026-09-17
Marash Kumbulla,Rayo,Desc,0,2097097,2158794,Disponible,2026-09-17
Marc Aguado,Elche,Desc,32,3982582,4077457,Disponible,2026-09-17
Marc Bartra,Betis,Desc,70,38512724,38153239,Disponible,2026-09-17
Marc Bernal,Barcelona,Desc,53,25486704,24480104,Disponible,2026-09-17
Marc Casadó,Deportivo,Desc,10,6222139,5878331,Disponible,2026-09-17
Marc Cucurella,Real Madrid,Desc,30,55887502,56820207,Disponible,2026-09-17
Marc Roca,Betis,Desc,52,13875357,13320782,Disponible,2026-09-17
Marc Santos,Levante,Desc,3,556071,558671,Disponible,2026-09-17
Marcão,Sevilla,Desc,0,479692,479109,Disponible,2026-09-17
Marco Román,Rayo,Desc,0,524691,525983,Disponible,2026-09-17
Marcos Navarro,Valencia,Desc,0,501909,501909,Disponible,2026-09-17
Mario Martín,Getafe,Desc,22,2646930,2692938,Disponible,2026-09-17
Mario Rivas,Real Madrid,Desc,0,700000,700000,Disponible,2026-09-17
Marko Dmitrovic,Espanyol,Desc,72,41136938,41080551,Disponible,2026-09-17
Maroan Sannadi,Athletic,Desc,4,429846,427187,Disponible,2026-09-17
Martim Neto,Elche,Desc,13,999679,1020763,Disponible,2026-09-17
Martín Satriano,Getafe,Desc,35,19394430,19649994,Disponible,2026-09-17
Mathew Ryan,Levante,Desc,68,29972131,29596738,Disponible,2026-09-17
Matia Barzic,Elche,Desc,0,527818,529241,Disponible,2026-09-17
Matías Dituro,Elche,Desc,10,9227659,9216464,Disponible,2026-09-17
Matteo Prati,Racing,Desc,34,2918354,2994649,Disponible,2026-09-17
Mauro Echegoyen,Osasuna,Desc,0,479300,478701,Disponible,2026-09-17
Miguel Cubo,Atlético,Desc,0,480932,480401,Disponible,2026-09-17
Miguel Loureiro,Deportivo,Desc,30,1892749,1921809,Disponible,2026-09-17
Miguel Román,Celta,Desc,52,12247860,11911933,Disponible,2026-09-17
Miguel Sierra,Sevilla,Desc,70,5264807,5106665,Disponible,2026-09-17
Mikel Jauregizar,Athletic,Desc,21,14047018,14370162,Disponible,2026-09-17
Mikel Oyarzabal,Real Sociedad,Desc,42,53611864,54261768,Disponible,2026-09-17
Mikel Rodriguez,Alavés,Desc,39,2056499,2116489,Lesionado,2026-09-17
Moi Gómez,Osasuna,Desc,37,3394503,3456308,Lesionado,2026-09-17
Morten Hjulmand,Atlético,Desc,51,22030782,22171975,Disponible,2026-09-17
Mouctar Diakhaby,Valencia,Desc,12,3141516,3236910,Lesionado,2026-09-17
Nacho Pérez,Levante,Desc,47,2234591,2220997,Disponible,2026-09-17
Nahuel Tenaglia,Alavés,Desc,71,34385130,34421938,Disponible,2026-09-17
Natan,Betis,Desc,54,30920833,30063185,Disponible,2026-09-17
Nathan-Dylan Saliba,Villarreal,Desc,22,6771215,6860886,Disponible,2026-09-17
Nelson Deossa,Betis,Desc,35,2939106,2856024,Disponible,2026-09-17
Nemanja Gudelj,Getafe,Desc,4,6245201,6278037,Disponible,2026-09-17
Nico Guillén,Sevilla,Desc,14,2034020,2095042,Disponible,2026-09-17
Nico Serrano,Athletic,Desc,0,547881,550140,Disponible,2026-09-17
Nicolas Pépé,Villarreal,Desc,67,61266250,62274687,Disponible,2026-09-17
Nicolás Valentini,Alavés,Desc,6,641573,647735,Disponible,2026-09-17
Obed Vargas,Atlético,Desc,0,535613,537360,Disponible,2026-09-17
Odysseas Vlachodimos,Sevilla,Desc,53,30032480,29805883,Disponible,2026-09-17
Oihan Sancet,Athletic,Desc,60,44132056,43893533,Disponible,2026-09-17
Omar El Hilali,Espanyol,Desc,51,16437454,16586752,Disponible,2026-09-17
Orel Mangala,Getafe,Desc,38,11487008,11643471,Disponible,2026-09-17
Oriol Rey,Levante,Desc,33,2234746,2171108,Disponible,2026-09-17
Orri Steinn Óskarsson,Real Sociedad,Desc,22,6986573,7109581,Disponible,2026-09-17
Óscar López,Getafe,Desc,0,767651,779067,Disponible,2026-09-17
Óscar Valentín,Rayo,Desc,37,3436684,3503175,Disponible,2026-09-17
Pablo Barrios,Atlético,Desc,49,48402946,49838526,Lesionado,2026-09-17
Pablo Durán,Celta,Desc,10,677214,684862,Disponible,2026-09-17
Pablo Fornals,Betis,Desc,40,45788789,46456766,Disponible,2026-09-17
Pablo García,Deportivo,Desc,39,468964,468964,Disponible,2026-09-17
Pablo García,Racing,Desc,39,7744544,7443556,Disponible,2026-09-17
Pablo Gavi,Barcelona,Desc,4,15369527,15739994,Disponible,2026-09-17
Pablo Ibáñez,Alavés,Desc,58,11143762,10867955,Disponible,2026-09-17
Pablo Maffeo,Valencia,Desc,20,6216098,6313543,Disponible,2026-09-17
Pablo Martínez,Málaga,Desc,32,4686309,4669505,Disponible,2026-09-17
Pablo Ramón,Racing,Desc,44,1973672,1929546,Disponible,2026-09-17
Paco Cortés,Levante,Desc,7,530536,532072,Disponible,2026-09-17
Pape Gueye,Villarreal,Desc,57,33202658,33936655,Disponible,2026-09-17
Pau Cubarsí,Barcelona,Desc,35,64549448,64797541,Disponible,2026-09-17
Pau Navarro,Villarreal,Desc,8,3987946,4080880,Disponible,2026-09-17
Pedro Bigas,Elche,Desc,-10,2221856,2285138,Disponible,2026-09-17
Pedro Díaz,Rayo,Desc,43,1157572,1148139,Disponible,2026-09-17
Pedro Felipe,Racing,Desc,-8,1088682,1113474,Duda,2026-09-17
Peio Canales,Athletic,Desc,28,6788748,6958129,Duda,2026-09-17
Pepelu,Valencia,Desc,67,9757086,9430253,Disponible,2026-09-17
Peque,Sevilla,Desc,21,2383829,2442357,Disponible,2026-09-17
Pere Milla,Espanyol,Desc,3,4274579,4396201,Disponible,2026-09-17
Petar Ratkov,Levante,Desc,2,2952141,3039888,Disponible,2026-09-17
Pierre-Emerick Aubameyang,Deportivo,Desc,100,99710579,97478646,Disponible,2026-09-17
Pol Lozano,Espanyol,Desc,4,1054403,1077767,Disponible,2026-09-17
Quilindschy Hartman,Espanyol,Desc,10,3461270,3550012,Disponible,2026-09-17
Rafa Rodríguez,Málaga,Desc,10,2558187,2634736,Disponible,2026-09-17
Rafel Bauzà,Espanyol,Desc,16,556071,558671,Disponible,2026-09-17
Ramón Enríquez,Málaga,Desc,5,531723,533308,Disponible,2026-09-17
Ramón Terrats,Getafe,Desc,63,8980377,8563908,Disponible,2026-09-17
Randy Nteka,Rayo,Desc,10,957930,977274,Duda,2026-09-17
Raphinha,Barcelona,Desc,147,139583711,138149100,Disponible,2026-09-17
Raúl Asencio,Real Madrid,Desc,0,1915600,1960034,Disponible,2026-09-17
Raúl García,Osasuna,Desc,21,1513987,1534722,Disponible,2026-09-17
Raúl Jiménez,Valencia,Desc,0,1561503,0,Disponible,2026-09-17
Raul Moro,Osasuna,Desc,12,8116228,8319072,Disponible,2026-09-17
Renato Veiga,Villarreal,Desc,20,22573023,22556958,Disponible,2026-09-17
Robbie Ure,Sevilla,Desc,12,11213230,11490899,Disponible,2026-09-17
Robert Navarro,Athletic,Desc,60,8437641,7863479,Disponible,2026-09-17
Robin Le Normand,Atlético,Desc,42,9175235,9279319,Disponible,2026-09-17
Rockson Yeboah,Osasuna,Desc,8,863422,878830,Disponible,2026-09-17
Rodrigo Gamón,Valencia,Desc,0,800000,800000,Disponible,2026-09-17
Rodrigo Mendoza,Atlético,Desc,23,958782,978163,Disponible,2026-09-17
Rodrigo Riquelme,Betis,Desc,60,18025432,17677313,Disponible,2026-09-17
Roger Hinojo,Espanyol,Desc,43,4900771,4923178,Disponible,2026-09-17
Romain Del Castillo,Osasuna,Desc,3,9640574,9930621,Disponible,2026-09-17
Roy Revivo,Elche,Desc,9,3616870,3706383,Disponible,2026-09-17
Rubén Gómez,Villarreal,Desc,0,463107,461833,Disponible,2026-09-17
Rubén Sánchez,Elche,Desc,0,433350,430837,Disponible,2026-09-17
Rubén Vargas,Sevilla,Desc,2,10084511,10388026,Lesionado,2026-09-17
Ryunosuke Sato,Valencia,Desc,20,7103910,7307672,Disponible,2026-09-17
Saba Sazonov,Getafe,Desc,9,741390,751712,Disponible,2026-09-17
Salvi Esquivel,Atlético,Desc,0,527176,528572,Disponible,2026-09-17
Samu Becerra,Rayo,Desc,0,562179,565033,Disponible,2026-09-17
Santi Comesaña,Villarreal,Desc,34,16399671,16798871,Disponible,2026-09-17
Santiago Mouriño,Villarreal,Desc,17,17817980,18284539,Disponible,2026-09-17
Sebastián Boselli,Getafe,Desc,4,1171314,1193838,Disponible,2026-09-17
Sebastián Cáceres,Celta,Desc,7,5002112,5070450,Disponible,2026-09-17
Selu Diallo,Alavés,Desc,0,580532,584151,Disponible,2026-09-17
Sergio Camello,Rayo,Desc,99,18814649,17442944,Disponible,2026-09-17
Sergio Canales,Racing,Desc,71,29052789,28741743,Disponible,2026-09-17
Sergio Carreira,Celta,Desc,21,7513390,7355325,Disponible,2026-09-17
Sergio Gómez,Real Sociedad,Desc,38,16632627,16541012,Disponible,2026-09-17
Sergio Herrera,Osasuna,Desc,19,33152091,33611066,Disponible,2026-09-17
Sergio José Lozano,Rayo,Desc,0,493311,493296,Disponible,2026-09-17
Sergio Martínez,Real Madrid,Desc,28,1426218,1461811,Disponible,2026-09-17
Sergio Mestre,Real Madrid,Desc,0,677860,677860,Disponible,2026-09-17
Simon Eriksson,Racing,Desc,0,1260316,1292259,Duda,2026-09-17
Stole Dimitrievski,Valencia,Desc,61,20497804,20280956,Disponible,2026-09-17
Takefusa Kubo,Real Sociedad,Desc,23,20227424,20630619,Disponible,2026-09-17
Tani Oluwaseyi,Villarreal,Desc,8,1229978,1256878,Disponible,2026-09-17
Tete Morente,Elche,Desc,42,2437696,2346424,Disponible,2026-09-17
Theo Folgado,Real Sociedad,Desc,0,702606,702606,Disponible,2026-09-17
Thibaut Courtois,Real Madrid,Desc,46,61474512,61732662,Disponible,2026-09-17
Thomas Lemar,Elche,Desc,18,3954017,3961427,Disponible,2026-09-17
Toni Martinez,Alavés,Desc,31,18438426,18644828,Disponible,2026-09-17
Trent Alexander-Arnold,Real Madrid,Desc,37,21625340,21721346,Disponible,2026-09-17
Tyrhys Dolan,Espanyol,Desc,24,15670762,15641680,Disponible,2026-09-17
Umar Sadiq,Valencia,Desc,19,3191155,3280173,Lesionado,2026-09-17
Unai López,Rayo,Desc,67,15205755,14919193,Disponible,2026-09-17
Unai Marrero,Real Sociedad,Desc,23,808069,813541,Disponible,2026-09-17
Unai Santos,Osasuna,Desc,-1,494310,494336,Disponible,2026-09-17
Unai Simón,Athletic,Desc,65,49456032,49703931,Disponible,2026-09-17
Valentín Gómez,Betis,Desc,23,1613402,1639503,Disponible,2026-09-17
Vanja Drkusic,Espanyol,Desc,11,1819446,1869484,Disponible,2026-09-17
Víctor Chust,Elche,Desc,6,4420810,4480478,Disponible,2026-09-17
Víctor García,Levante,Desc,4,955214,974445,Disponible,2026-09-17
Ville Koski,Alavés,Desc,57,12321256,11485472,Disponible,2026-09-17
Williot Swedberg,Celta,Desc,36,4522593,4620780,Disponible,2026-09-17
Wojciech Szczesny,Barcelona,Desc,-5,1172811,1193416,Disponible,2026-09-17
Xanet Oláiz,Alavés,Desc,2,473790,472962,Disponible,2026-09-17
Xavi Espart,Barcelona,Desc,79,31368101,28712917,Disponible,2026-09-17
Yangel Herrera,Real Sociedad,Desc,46,4943545,4813727,Disponible,2026-09-17
Yanis Musuayi,Levante,Desc,0,1160066,1187832,Disponible,2026-09-17
Yassir Zabiri,Racing,Desc,72,13281864,12352855,Disponible,2026-09-17
Yoel Lago,Celta,Desc,47,5703458,5260633,Disponible,2026-09-17
Youssouf Fofana,Sevilla,Desc,25,14880715,14808068,Disponible,2026-09-17
Zaid Romero,Getafe,Desc,27,25122809,25585641,Disponible,2026-09-17
Zakaria Eddahchouri,Deportivo,Desc,15,950353,963923,Disponible,2026-09-17
Llorenç Serred,Espanyol,Desc,0,461088,461956,Disponible,2026-09-18
Aaron Ndive Mayol,Valencia,Desc,4,681689,700000,Disponible,2026-09-18
Abde Rebbach,Alavés,Desc,56,5188201,5173068,Disponible,2026-09-18
Abdel Abqar,Getafe,Desc,6,3726844,3842682,Duda,2026-09-18
Abdoulaye Faye,Celta,Desc,3,1849243,1903964,Disponible,2026-09-18
Abel Bretones,Osasuna,Desc,26,10035616,10100516,Disponible,2026-09-18
Abiel Osorio,Elche,Desc,17,726982,716948,Disponible,2026-09-18
Adam Aznou,Málaga,Desc,0,1017279,0,Duda,2026-09-18
Adama Timera,Espanyol,Desc,0,491190,493311,Disponible,2026-09-18
Ademola Lookman,Atlético,Desc,33,47341186,48205512,Disponible,2026-09-18
Adrià Altimira,Deportivo,Desc,14,4321437,4386103,Disponible,2026-09-18
Adrià Pedrosa,Rayo,Desc,17,2494110,2494145,Disponible,2026-09-18
Adrián Molina,Rayo,Desc,0,514740,517842,Disponible,2026-09-18
Adrián Niño,Málaga,Desc,11,1085583,1100998,Disponible,2026-09-18
Aimar Blázquez,Valencia,Desc,0,581656,581656,Disponible,2026-09-18
Aimar Oroz,Osasuna,Desc,17,8503884,8766954,Lesionado,2026-09-18
Aissa Mandi,Levante,Desc,50,12965167,12991359,Disponible,2026-09-18
Aitor Fraga,Real Sociedad,Desc,0,602234,602234,Disponible,2026-09-18
Aitor Mañas,Alavés,Desc,6,454217,454798,Duda,2026-09-18
Aitor Paredes,Athletic,Desc,42,12971003,13035115,Disponible,2026-09-18
Alassane Diatta,Villarreal,Desc,0,458149,458893,Disponible,2026-09-18
Alberto Calatrava,Levante,Desc,0,581561,587448,Disponible,2026-09-18
Alberto Moleiro,Villarreal,Desc,43,37965180,38673668,Disponible,2026-09-18
Alberto Risco,Getafe,Desc,3,497038,499403,Disponible,2026-09-18
Aleix Febas,Celta,Desc,19,14224119,14478623,Disponible,2026-09-18
Alejandro Balde,Barcelona,Desc,5,11359603,11661931,Disponible,2026-09-18
Alejandro Catena,Osasuna,Desc,37,32613572,33253731,Disponible,2026-09-18
Alejandro Iturbe,Elche,Desc,0,531632,535438,Disponible,2026-09-18
Alejandro Panach,Valencia,Desc,0,492294,494461,Disponible,2026-09-18
Alejandro Rego,Athletic,Desc,0,1939628,1998783,Disponible,2026-09-18
Alemão,Rayo,Desc,14,1546346,1588674,Disponible,2026-09-18
Álex Baena,Atlético,Desc,97,63033278,62897320,Disponible,2026-09-18
Álex Berenguer,Athletic,Desc,50,11427883,11320748,Disponible,2026-09-18
Álex Calatrava,Espanyol,Desc,41,6137343,6245923,Disponible,2026-09-18
Alex Freeman,Villarreal,Desc,13,1269043,1288278,Disponible,2026-09-18
Álex Grimaldo,Atlético,Desc,71,34132507,32887913,Disponible,2026-09-18
Alex Lebarbier,Real Sociedad,Desc,0,602234,602234,Disponible,2026-09-18
Alex Marchal,Real Sociedad,Desc,11,572229,577727,Disponible,2026-09-18
Alex Padilla,Athletic,Desc,0,744642,757325,Disponible,2026-09-18
Álex Pastor,Málaga,Desc,0,412605,411452,Disponible,2026-09-18
Álex Remiro,Real Sociedad,Desc,53,38004097,38134745,Disponible,2026-09-18
Alexis Ciria,Real Madrid,Desc,0,599013,605627,Disponible,2026-09-18
Alfonso Herrero,Málaga,Desc,53,17632177,17162990,Disponible,2026-09-18
Aliou Dieng,Valencia,Desc,28,2053579,2087594,Disponible,2026-09-18
Altay Bayindir,Celta,Desc,0,1071367,1094597,Disponible,2026-09-18
Álvaro Djaló,Athletic,Desc,2,585492,591542,Disponible,2026-09-18
Álvaro Fidalgo,Betis,Desc,3,1206867,1238808,Disponible,2026-09-18
Álvaro García,Rayo,Desc,64,18171133,18017368,Disponible,2026-09-18
Álvaro Mantilla,Racing,Desc,22,1656339,1684724,Disponible,2026-09-18
Álvaro Padilla,Elche,Desc,0,633944,642013,Disponible,2026-09-18
Álvaro Valles,Betis,Desc,96,52155542,51701559,Disponible,2026-09-18
Ander Barrenetxea,Real Sociedad,Desc,32,20606687,20573772,Disponible,2026-09-18
Ander Guevara,Alavés,Desc,3,606719,613654,Disponible,2026-09-18
André Almeida,Racing,Desc,-2,1228673,1256286,Disponible,2026-09-18
Andrei Ratiu,Rayo,Desc,39,23514668,23904904,Disponible,2026-09-18
Andrés Antañón,Celta,Desc,3,557302,562179,Lesionado,2026-09-18
Andrés Castrín,Sevilla,Desc,57,5160117,4775588,Disponible,2026-09-18
Andrés García,Getafe,Desc,34,7541237,7649018,Disponible,2026-09-18
Andrés Martín,Racing,Desc,30,12107611,12481453,Lesionado,2026-09-18
Andrés Vallecillo,Racing,Desc,0,490633,492731,Disponible,2026-09-18
Andriy Lunin,Real Madrid,Desc,0,1203291,1223297,Disponible,2026-09-18
Ángel Fortuño,Espanyol,Desc,0,454669,455268,Disponible,2026-09-18
Ángel Ortiz,Betis,Desc,15,971855,991274,Disponible,2026-09-18
Ángel Pérez,Alavés,Desc,72,22522785,21384347,Disponible,2026-09-18
Angel Recio,Málaga,Desc,22,2159844,2076112,Disponible,2026-09-18
Angeliño,Deportivo,Desc,-1,7750864,7992781,Disponible,2026-09-18
Ante Budimir,Osasuna,Desc,79,61136303,61830235,Disponible,2026-09-18
Anthony Gordon,Barcelona,Desc,49,83191303,84832576,Disponible,2026-09-18
Antonio Blanco,Alavés,Desc,55,19771168,19985507,Disponible,2026-09-18
Antonio Rüdiger,Real Madrid,Desc,25,19857110,20211020,Disponible,2026-09-18
Antonio Sivera,Alavés,Desc,66,42054930,42389516,Disponible,2026-09-18
Antony,Betis,Desc,55,56708181,56911303,Disponible,2026-09-18
Arda Güler,Real Madrid,Desc,99,95798649,93986239,Disponible,2026-09-18
Arnau Comas,Deportivo,Desc,0,498567,500995,Disponible,2026-09-18
Arnau Ortiz,Atlético,Desc,15,884882,894340,Disponible,2026-09-18
Arnaut Danjuma,Valencia,Desc,28,4482051,4479650,Duda,2026-09-18
Arouna Sangante,Sevilla,Desc,18,7768574,7983382,Duda,2026-09-18
Arsen Zakharyan,Real Sociedad,Desc,2,581347,587225,Disponible,2026-09-18
Asier Bonel,Osasuna,Desc,0,656310,665311,Disponible,2026-09-18
Asier Osambela,Osasuna,Desc,24,456016,456671,Disponible,2026-09-18
Asier Villalibre,Racing,Desc,15,3730914,3824898,Disponible,2026-09-18
Augusto Batalla,Rayo,Desc,21,16605709,17112503,Lesionado,2026-09-18
Aurélien Tchouaméni,Real Madrid,Desc,16,22155599,22216443,Disponible,2026-09-18
Axel Tape,Levante,Desc,0,1813825,1869192,Disponible,2026-09-18
Aymeric Laporte,Athletic,Desc,30,42522760,42832962,Disponible,2026-09-18
Beñat Gerenabarrena,Athletic,Desc,45,3864224,3786392,Disponible,2026-09-18
Beñat Prados,Athletic,Desc,0,704945,715973,Disponible,2026-09-18
Beñat Turrientes,Real Sociedad,Desc,43,7083565,7122414,Disponible,2026-09-18
Bernardo Silva,Real Madrid,Desc,34,39635968,40598800,Disponible,2026-09-18
Bil Nsongo,Deportivo,Desc,30,7661734,7615649,Disponible,2026-09-18
Borja Iglesias,Celta,Desc,0,12808041,13125770,Disponible,2026-09-18
Borja Mayoral,Getafe,Desc,1,1358772,1397043,Duda,2026-09-18
Boyomo,Osasuna,Desc,16,14285276,14684135,Disponible,2026-09-18
Brian Fariñas,Barcelona,Desc,0,614683,621950,Disponible,2026-09-18
Bright Ede,Deportivo,Desc,19,3907629,3991614,Disponible,2026-09-18
Buba Sangaré,Elche,Desc,20,3725193,3728272,Disponible,2026-09-18
Carl Starfelt,Celta,Desc,29,9691489,9900366,Disponible,2026-09-18
Carles Aleñá,Alavés,Desc,23,2931460,2950248,Disponible,2026-09-18
Carlos Dotor,Málaga,Desc,41,4752770,4808676,Disponible,2026-09-18
Carlos Espí,Real Madrid,Desc,27,13764014,13623914,Disponible,2026-09-18
Carlos López,Málaga,Desc,0,415057,414006,Disponible,2026-09-18
Carlos Macià,Villarreal,Desc,11,620105,627598,Disponible,2026-09-18
Carlos Puga,Málaga,Desc,13,3564497,3625738,Disponible,2026-09-18
Carlos Romero,Villarreal,Desc,16,21680470,22206222,Disponible,2026-09-18
Carlos Soler,Real Sociedad,Desc,48,30519167,30558808,Disponible,2026-09-18
César Tárrega,Valencia,Desc,36,8361736,8625727,Lesionado,2026-09-18
Cheikh Thiam,Villarreal,Desc,0,582846,588786,Disponible,2026-09-18
Chidera Ejuke,Sevilla,Desc,24,6169426,6214582,Disponible,2026-09-18
Chupete,Málaga,Desc,28,25140930,25788765,Disponible,2026-09-18
Clemens Riedel,Espanyol,Desc,33,5792665,5682586,Disponible,2026-09-18
Coke Carrillo,Celta,Desc,0,1567556,0,Disponible,2026-09-18
Couhaib Driouech,Celta,Desc,11,2682896,2748616,Disponible,2026-09-18
Cristian Rivero,Valencia,Desc,0,441987,442059,Disponible,2026-09-18
Cristian Romero,Atlético,Desc,39,32862771,31981998,Disponible,2026-09-18
Dakonam Djené,Getafe,Desc,27,16603906,16313445,Disponible,2026-09-18
Dani Cárdenas,Rayo,Desc,13,1295682,1319663,Disponible,2026-09-18
Dani Ceballos,Betis,Desc,11,19286505,19472408,Disponible,2026-09-18
Dani Lorenzo,Málaga,Desc,30,11140000,11257069,Disponible,2026-09-18
Dani Martínez,Atlético,Desc,12,510808,513747,Disponible,2026-09-18
Dani Olmo,Barcelona,Desc,55,47510989,47502094,Disponible,2026-09-18
Dani Requena,Levante,Desc,8,908248,927747,Disponible,2026-09-18
Daniel Raba,Valencia,Desc,2,743916,756567,Disponible,2026-09-18
David Hancko,Atlético,Desc,48,39156948,39042719,Disponible,2026-09-18
David Larrubia,Málaga,Desc,60,25507592,26065586,Disponible,2026-09-18
David Mella,Deportivo,Desc,5,1778211,1828061,Disponible,2026-09-18
David Otorbi,Valencia,Desc,20,608262,599520,Disponible,2026-09-18
David Soria,Getafe,Desc,48,35826415,35824497,Disponible,2026-09-18
Davinchi,Getafe,Desc,9,1402051,1441771,Disponible,2026-09-18
Dean Huijsen,Real Madrid,Desc,48,55913223,56718301,Disponible,2026-09-18
Denis Suárez,Alavés,Desc,46,2729252,2622464,Disponible,2026-09-18
Denzel Dumfries,Real Madrid,Desc,33,32001325,32581849,Disponible,2026-09-18
Diego Conde,Betis,Desc,0,1258948,1293059,Disponible,2026-09-18
Diego Ferrer,Getafe,Desc,0,498449,500873,Disponible,2026-09-18
Diego Rico,Osasuna,Desc,4,2193323,2257425,Disponible,2026-09-18
Diego Villares,Deportivo,Desc,8,1150022,1179594,Disponible,2026-09-18
Dimitri Foulquier,Valencia,Desc,0,930443,950866,Lesionado,2026-09-18
Dominik Livakovic,Barcelona,Desc,0,2379176,2372475,Disponible,2026-09-18
Eder Aller,Barcelona,Desc,0,702705,702705,Disponible,2026-09-18
Edu Altozano,Sevilla,Desc,0,470971,472251,Disponible,2026-09-18
Edu Expósito,Espanyol,Desc,65,32212328,31792570,Disponible,2026-09-18
Eduardo Camavinga,Real Madrid,Desc,19,8619432,8771665,Disponible,2026-09-18
Einar Galilea,Málaga,Desc,22,5743061,5704489,Disponible,2026-09-18
Emil Audero,Rayo,Desc,25,5266516,5266977,Disponible,2026-09-18
Endrick,Real Madrid,Desc,0,3371290,3449674,Disponible,2026-09-18
Eneko Jauregi,Málaga,Desc,2,658606,667703,Disponible,2026-09-18
Enes Ünal,Getafe,Desc,23,17048783,17344737,Disponible,2026-09-18
Eric Garcia,Barcelona,Desc,45,45627573,46195879,Disponible,2026-09-18
Ezequiel Ponce,Elche,Desc,10,889847,908579,Disponible,2026-09-18
Facundo Bernal,Betis,Desc,37,14035181,14219100,Disponible,2026-09-18
Facundo Buonanotte,Elche,Desc,35,3652678,3663686,Disponible,2026-09-18
Federico Redondo,Elche,Desc,62,1268874,1191662,Disponible,2026-09-18
Federico Valverde,Real Madrid,Desc,62,64862479,65525473,Disponible,2026-09-18
Félix Correia,Sevilla,Desc,21,5560235,5606556,Disponible,2026-09-18
Ferran Jutglà,Celta,Desc,26,8619777,8364748,Disponible,2026-09-18
Filip Ugrinic,Valencia,Desc,70,3401307,3387140,Disponible,2026-09-18
Florian Lejeune,Rayo,Desc,30,19933264,20384921,Disponible,2026-09-18
Fran García,Betis,Desc,35,30432459,30334839,Disponible,2026-09-18
Fran González,Sevilla,Desc,0,495046,497328,Disponible,2026-09-18
Gabriel Moscardo,Espanyol,Desc,21,3607481,3705738,Disponible,2026-09-18
Gabriel Suazo,Sevilla,Desc,60,5369496,5095808,Disponible,2026-09-18
Georges Mikautadze,Villarreal,Desc,47,52464847,53292000,Disponible,2026-09-18
Georgiy Tsitaishvili,Rayo,Desc,18,1292643,1318830,Disponible,2026-09-18
Gerard Martín,Barcelona,Desc,55,50025335,50760853,Disponible,2026-09-18
Germán Parreño,Deportivo,Desc,0,468907,470100,Disponible,2026-09-18
Germán Valera,Elche,Desc,60,12991055,13221879,Disponible,2026-09-18
Giacomo Quagliata,Deportivo,Desc,26,3966441,3911526,Disponible,2026-09-18
Giorgi Guliashvili,Racing,Desc,1,846399,863320,Disponible,2026-09-18
Giorgi Kochorashvili,Sevilla,Desc,16,6601971,6713926,Disponible,2026-09-18
Giovani Lo Celso,Betis,Desc,4,14005158,14344300,Disponible,2026-09-18
Gnangoro Bouare,Rayo,Desc,28,864154,876357,Disponible,2026-09-18
Gonçalo Guedes,Real Sociedad,Desc,27,17302955,17472404,Disponible,2026-09-18
Gonzalo Villar,Elche,Desc,76,10136727,10205680,Disponible,2026-09-18
Gorka Carrera,Real Sociedad,Desc,0,524026,527515,Disponible,2026-09-18
Gorka Guruzeta,Athletic,Desc,5,7937860,8157626,Disponible,2026-09-18
Grady Diangana,Elche,Desc,0,620369,627873,Disponible,2026-09-18
Grégoire Swiderski,Alavés,Desc,0,471425,472723,Disponible,2026-09-18
Hamza Abdelkarim,Barcelona,Desc,2,2827312,2889976,Disponible,2026-09-18
Héctor Bellerín,Betis,Desc,37,17158104,17149418,Disponible,2026-09-18
Héctor Fort,Real Sociedad,Desc,3,3238245,3291493,Disponible,2026-09-18
Hugo Burcio,Celta,Desc,3,574046,579619,Disponible,2026-09-18
Hugo Duro,Valencia,Desc,13,4892112,4952489,Disponible,2026-09-18
Hugo González,Celta,Desc,39,1618921,1490247,Disponible,2026-09-18
Hugo Novoa,Alavés,Desc,0,554184,558930,Disponible,2026-09-18
Hugo Pérez,Racing,Desc,0,720390,732061,Disponible,2026-09-18
Hugo Rincón,Athletic,Desc,4,1457006,1498930,Disponible,2026-09-18
Hugo Sotelo,Levante,Desc,9,824615,840630,Lesionado,2026-09-18
Iago Aspas,Celta,Desc,21,5984809,6158580,Lesionado,2026-09-18
Ibai Aguirre,R. Sociedad B,Desc,0,602257,602257,Disponible,2026-09-18
Ibrahima Konaté,Real Madrid,Desc,12,39275152,40013340,Disponible,2026-09-18
Ifeanyi Ndukwe,Levante,Desc,2,1404349,1442997,Disponible,2026-09-18
Igor Galdin,Levante,Desc,0,491275,493400,Disponible,2026-09-18
Igor Zubeldia,Real Sociedad,Desc,36,11057597,10982222,Disponible,2026-09-18
Iker Córdoba,Valencia,Desc,6,979106,989193,Disponible,2026-09-18
Iker Losada,Betis,Desc,0,1065806,1091869,Disponible,2026-09-18
Iker Luque,Racing,Desc,0,1313720,1350113,Disponible,2026-09-18
Iker Monreal,Athletic,Desc,0,574046,579619,Disponible,2026-09-18
Iker Muñoz,Sevilla,Desc,38,470971,472251,Disponible,2026-09-18
Iker Muñoz,Osasuna,Desc,38,2004274,2001227,Disponible,2026-09-18
Iker Muñoz,Sevilla,Desc,0,470971,472251,Disponible,2026-09-18
Iker Muñoz,Osasuna,Desc,0,2004274,2001227,Disponible,2026-09-18
Ilaix Moriba,Celta,Desc,39,7793171,7609874,Disponible,2026-09-18
Ilias Akhomach,Villarreal,Desc,3,2373233,2435172,Disponible,2026-09-18
Iñigo Arguibide,Osasuna,Desc,25,3472697,3487433,Disponible,2026-09-18
Íñigo Sainz-Maza,Racing,Desc,12,509559,512445,Disponible,2026-09-18
Iñigo Vicente,Racing,Desc,72,33261862,32930696,Disponible,2026-09-18
Ionut Radu,Celta,Desc,60,41796629,41651765,Disponible,2026-09-18
Isaac Romero,Sevilla,Desc,23,5539456,5644063,Disponible,2026-09-18
Iván Alonso,Rayo,Desc,0,461066,461933,Disponible,2026-09-18
Iván Azón,Getafe,Desc,7,4111513,4174409,Disponible,2026-09-18
Iván Balliu,Rayo,Desc,1,615121,622406,Disponible,2026-09-18
Iván Martín,Racing,Desc,50,7768116,7855948,Disponible,2026-09-18
Iván Romero,Levante,Desc,43,6121221,6041143,Disponible,2026-09-18
Iván Villar,Celta,Desc,0,568624,573971,Disponible,2026-09-18
Izan Merino,Málaga,Desc,26,3697900,3757734,Disponible,2026-09-18
Jan Oblak,Atlético,Desc,53,45643364,45472761,Disponible,2026-09-18
Jaume Durá,Valencia,Desc,0,754556,767651,Disponible,2026-09-18
Javi Galán,Celta,Desc,20,7728585,7834082,Disponible,2026-09-18
Javi Guerra,Valencia,Desc,38,19417152,19080277,Disponible,2026-09-18
Javi Morcillo,Elche,Desc,29,724472,726556,Disponible,2026-09-18
Javi Navarro,Real Madrid,Desc,0,702622,702622,Disponible,2026-09-18
Javi Rodríguez,Celta,Desc,16,8115164,8315873,Disponible,2026-09-18
Javi Rueda,Celta,Desc,36,4951553,4765536,Disponible,2026-09-18
Javier Hernández,Espanyol,Desc,60,16984433,16581406,Disponible,2026-09-18
Jean Ives Valou,Getafe,Desc,-5,470971,472251,Disponible,2026-09-18
Jeanuël Belocian,Racing,Desc,18,3151323,3157916,Disponible,2026-09-18
Jeremy Toljan,Levante,Desc,2,1949088,2002483,Disponible,2026-09-18
Jesús Areso,Athletic,Desc,37,4270726,4264668,Disponible,2026-09-18
Jesús Vázquez,Valencia,Desc,25,1653637,1678072,Disponible,2026-09-18
Jiri Letácek,Getafe,Desc,0,495560,497863,Disponible,2026-09-18
Joan Garcia,Barcelona,Desc,56,71850893,73476286,Lesionado,2026-09-18
Joao Cancelo,Barcelona,Desc,11,29271756,29071323,Disponible,2026-09-18
Job Ochieng,Real Sociedad,Desc,29,1228281,1224305,Disponible,2026-09-18
Johan Mojica,Getafe,Desc,50,14937654,15066015,Disponible,2026-09-18
Johnny Cardoso,Atlético,Desc,18,2802884,2730584,Disponible,2026-09-18
Jon Ander Olasagasti,Levante,Desc,67,9468966,9444396,Disponible,2026-09-18
Jon Aramburu,Real Sociedad,Desc,56,19706046,19601192,Disponible,2026-09-18
Jon Gorrotxategi,Real Sociedad,Desc,4,2639289,2706208,Disponible,2026-09-18
Jon Guridi,Sevilla,Desc,36,6675564,6644592,Disponible,2026-09-18
Jon Martín,Real Sociedad,Desc,19,24566521,24822334,Disponible,2026-09-18
Jon Moncayola,Osasuna,Desc,46,7420906,7441252,Disponible,2026-09-18
Jon Pacheco,Real Sociedad,Desc,3,1692163,1739360,Disponible,2026-09-18
Jonathan Asp Jensen,Deportivo,Desc,26,3846711,3935713,Disponible,2026-09-18
Jonathan David,Atlético,Desc,43,31596219,30497383,Disponible,2026-09-18
Jonathan Dubasin,Osasuna,Desc,23,6670819,6842054,Disponible,2026-09-18
Jones El-Abdellaoui,Celta,Desc,12,819113,834897,Disponible,2026-09-18
Jordi Pesquer,Barcelona,Desc,0,600000,600000,Disponible,2026-09-18
Jorge Cabello,Levante,Desc,0,527517,531152,Disponible,2026-09-18
Jorge Castellanos,Racing,Desc,0,491190,493311,Disponible,2026-09-18
Jorge Castillo,Atlético,Desc,0,1000000,1000000,Disponible,2026-09-18
Jorge Cestero,Real Madrid,Desc,0,489337,491382,Disponible,2026-09-18
Jorge Domínguez,Atlético,Desc,2,2052087,2112324,Disponible,2026-09-18
Jorge Herrando,Osasuna,Desc,24,1410572,1451001,Lesionado,2026-09-18
Jorge Salinas,Racing,Desc,60,6978291,7005558,Disponible,2026-09-18
José Ángel Carmona,Sevilla,Desc,2,1936698,1992258,Disponible,2026-09-18
José Gayà,Valencia,Desc,39,7498469,7344810,Disponible,2026-09-18
José María Giménez,Deportivo,Desc,17,9922934,9478424,Disponible,2026-09-18
José Salinas,Málaga,Desc,14,939898,907510,Disponible,2026-09-18
Joseph Otu,Málaga,Desc,0,640121,648448,Disponible,2026-09-18
Jozhua Vertrouwd,Rayo,Desc,-1,648255,656920,Duda,2026-09-18
Juan Berrocal,Málaga,Desc,0,753560,766614,Disponible,2026-09-18
Juan Carlos Arana,Racing,Desc,1,518824,522096,Disponible,2026-09-18
Juan Cruz,Málaga,Desc,14,6881161,7047321,Disponible,2026-09-18
Juan Foyth,Villarreal,Desc,28,12575768,12957421,Duda,2026-09-18
Juan Iglesias,Sevilla,Desc,78,14583300,13960994,Disponible,2026-09-18
Juan Musso,Atlético,Desc,0,2006659,2054179,Disponible,2026-09-18
Juani,Málaga,Desc,0,1049297,1074673,Disponible,2026-09-18
Jude Bellingham,Real Madrid,Desc,116,121624909,121505810,Disponible,2026-09-18
Julen Agirrezabala,Racing,Desc,74,20843717,20089582,Disponible,2026-09-18
Julen Lobete,Málaga,Desc,0,515946,519100,Lesionado,2026-09-18
Jules Koundé,Barcelona,Desc,14,27017543,27555748,Disponible,2026-09-18
Julio Díaz,Sevilla,Desc,1,434577,434339,Disponible,2026-09-18
Karim Adeyemi,Barcelona,Desc,60,53236845,50869303,Disponible,2026-09-18
Karl Etta Eyong,Levante,Desc,10,12306496,12686500,Lesionado,2026-09-18
Kevin Sánchez,Deportivo,Desc,0,555448,560246,Disponible,2026-09-18
Kike Barja,Osasuna,Desc,27,1544956,1555861,Disponible,2026-09-18
Kike Ribes,Celta Fortuna,Desc,0,600000,600000,Disponible,2026-09-18
Kike Salas,Sevilla,Desc,49,9958892,9547425,Duda,2026-09-18
Kiko Femenia,Getafe,Desc,2,1928442,1987684,Lesionado,2026-09-18
Kylian Mbappé,Real Madrid,Desc,144,145387113,144097898,Disponible,2026-09-18
Lamine Yamal,Barcelona,Desc,139,144260525,142482537,Disponible,2026-09-18
Laro Gómez,Racing,Desc,0,602234,602234,Disponible,2026-09-18
Leandro Cabrera,Espanyol,Desc,29,11364651,11168654,Disponible,2026-09-18
Leo Román,Deportivo,Desc,51,36440485,36448486,Disponible,2026-09-18
Logan Costa,Villarreal,Desc,-2,653418,662299,Disponible,2026-09-18
Lorenzo Amatucci,Deportivo,Desc,66,17857115,18004485,Disponible,2026-09-18
Lucas Boyé,Alavés,Desc,75,29319793,28801098,Disponible,2026-09-18
Lucas Cepeda,Elche,Desc,28,1209741,1139729,Disponible,2026-09-18
Lucas Noubi,Deportivo,Desc,47,15780393,15701560,Disponible,2026-09-18
Lucas Stassin,Sevilla,Desc,27,17955663,18427389,Lesionado,2026-09-18
Lucas Torró,Osasuna,Desc,18,1447018,1480089,Disponible,2026-09-18
Lucien Agoume,Sevilla,Desc,72,10776394,10347512,Disponible,2026-09-18
Luis Rioja,Valencia,Desc,20,5438919,5434582,Duda,2026-09-18
Luiz Junior,Villarreal,Desc,8,24952380,25604916,Disponible,2026-09-18
Luken Beitia,Real Sociedad,Desc,-5,454649,455247,Disponible,2026-09-18
Manel Usedo,Levante,Desc,0,521314,524691,Disponible,2026-09-18
Manu Bueno,Sevilla,Desc,5,526230,529811,Disponible,2026-09-18
Manu González,Betis,Desc,0,581691,581691,Disponible,2026-09-18
Manu Hernando,Racing,Desc,22,2351565,2404597,Disponible,2026-09-18
Manu Sánchez,Levante,Desc,57,5426232,5469450,Disponible,2026-09-18
Manuel Ángel Castillo,Sevilla,Desc,0,900000,900000,Disponible,2026-09-18
Marash Kumbulla,Rayo,Desc,0,2036683,2097097,Disponible,2026-09-18
Marc Aguado,Elche,Desc,32,3897901,3982582,Disponible,2026-09-18
Marc Bartra,Betis,Desc,70,38849206,38512724,Disponible,2026-09-18
Marc Bernal,Barcelona,Desc,53,26129784,25486704,Disponible,2026-09-18
Marc Casadó,Deportivo,Desc,10,6425550,6222139,Disponible,2026-09-18
Marc Cucurella,Real Madrid,Desc,30,55122937,55887502,Disponible,2026-09-18
Marc Roca,Betis,Desc,52,14342418,13875357,Disponible,2026-09-18
Marc Santos,Levante,Desc,3,551440,556071,Disponible,2026-09-18
Marcão,Sevilla,Desc,0,478115,479692,Disponible,2026-09-18
Marco Román,Rayo,Desc,0,521314,524691,Disponible,2026-09-18
Marcos Navarro,Valencia,Desc,0,501909,501909,Disponible,2026-09-18
Mario Martín,Getafe,Desc,22,2603627,2646930,Disponible,2026-09-18
Mario Rivas,Real Madrid,Desc,0,700000,700000,Disponible,2026-09-18
Marko Dmitrovic,Espanyol,Desc,72,41201855,41136938,Disponible,2026-09-18
Maroan Sannadi,Athletic,Desc,4,430264,429846,Disponible,2026-09-18
Martim Neto,Elche,Desc,13,978695,999679,Disponible,2026-09-18
Martín Satriano,Getafe,Desc,35,19192186,19394430,Disponible,2026-09-18
Mathew Ryan,Levante,Desc,68,30250228,29972131,Disponible,2026-09-18
Matia Barzic,Elche,Desc,0,524317,527818,Disponible,2026-09-18
Matías Dituro,Elche,Desc,10,9312717,9227659,Disponible,2026-09-18
Matteo Prati,Racing,Desc,34,2854225,2918354,Disponible,2026-09-18
Mauro Echegoyen,Osasuna,Desc,0,477739,479300,Disponible,2026-09-18
Miguel Cubo,Atlético,Desc,0,479306,480932,Disponible,2026-09-18
Miguel Loureiro,Deportivo,Desc,30,1925278,1892749,Disponible,2026-09-18
Miguel Román,Celta,Desc,52,12570509,12247860,Disponible,2026-09-18
Miguel Sierra,Sevilla,Desc,70,5731769,5264807,Disponible,2026-09-18
Mikel Jauregizar,Athletic,Desc,21,13676297,14047018,Disponible,2026-09-18
Mikel Oyarzabal,Real Sociedad,Desc,42,53021071,53611864,Disponible,2026-09-18
Mikel Rodriguez,Alavés,Desc,39,1995560,2056499,Lesionado,2026-09-18
Moi Gómez,Osasuna,Desc,37,3324291,3394503,Lesionado,2026-09-18
Morten Hjulmand,Atlético,Desc,51,21746771,22030782,Disponible,2026-09-18
Mouctar Diakhaby,Valencia,Desc,12,3045633,3141516,Lesionado,2026-09-18
Nacho Pérez,Levante,Desc,47,2250597,2234591,Disponible,2026-09-18
Nahuel Tenaglia,Alavés,Desc,71,34204372,34385130,Disponible,2026-09-18
Natan,Betis,Desc,54,31643609,30920833,Disponible,2026-09-18
Nathan-Dylan Saliba,Villarreal,Desc,22,6680877,6771215,Disponible,2026-09-18
Nelson Deossa,Betis,Desc,35,3023637,2939106,Disponible,2026-09-18
Nemanja Gudelj,Getafe,Desc,4,6215411,6245201,Disponible,2026-09-18
Nico Guillén,Sevilla,Desc,14,1975472,2034020,Disponible,2026-09-18
Nico Serrano,Athletic,Desc,0,543577,547881,Disponible,2026-09-18
Nicolas Pépé,Villarreal,Desc,67,60262889,61266250,Disponible,2026-09-18
Nicolás Valentini,Alavés,Desc,6,633521,641573,Disponible,2026-09-18
Obed Vargas,Atlético,Desc,0,531799,535613,Disponible,2026-09-18
Odysseas Vlachodimos,Sevilla,Desc,53,30350168,30032480,Disponible,2026-09-18
Oihan Sancet,Athletic,Desc,60,44264145,44132056,Disponible,2026-09-18
Omar El Hilali,Espanyol,Desc,51,16126209,16437454,Disponible,2026-09-18
Orel Mangala,Getafe,Desc,38,11412513,11487008,Disponible,2026-09-18
Oriol Rey,Levante,Desc,33,2279862,2234746,Disponible,2026-09-18
Orri Steinn Óskarsson,Real Sociedad,Desc,22,6871530,6986573,Disponible,2026-09-18
Óscar López,Getafe,Desc,0,754556,767651,Disponible,2026-09-18
Óscar Valentín,Rayo,Desc,37,3373233,3436684,Disponible,2026-09-18
Pablo Barrios,Atlético,Desc,49,46968726,48402946,Lesionado,2026-09-18
Pablo Durán,Celta,Desc,10,667737,677214,Disponible,2026-09-18
Pablo Fornals,Betis,Desc,40,45125589,45788789,Disponible,2026-09-18
Pablo García,Deportivo,Desc,39,468964,468964,Disponible,2026-09-18
Pablo García,Racing,Desc,39,7939846,7744544,Disponible,2026-09-18
Pablo Gavi,Barcelona,Desc,4,15019083,15369527,Disponible,2026-09-18
Pablo Ibáñez,Alavés,Desc,58,11425325,11143762,Disponible,2026-09-18
Pablo Maffeo,Valencia,Desc,20,6129049,6216098,Disponible,2026-09-18
Pablo Martínez,Málaga,Desc,32,4706921,4686309,Disponible,2026-09-18
Pablo Ramón,Racing,Desc,44,1998853,1973672,Disponible,2026-09-18
Paco Cortés,Levante,Desc,7,526926,530536,Disponible,2026-09-18
Pape Gueye,Villarreal,Desc,57,32511138,33202658,Disponible,2026-09-18
Pau Cubarsí,Barcelona,Desc,35,64171280,64549448,Disponible,2026-09-18
Pau Navarro,Villarreal,Desc,8,3912532,3987946,Disponible,2026-09-18
Pedro Bigas,Elche,Desc,-10,2162325,2221856,Disponible,2026-09-18
Pedro Díaz,Rayo,Desc,43,1163852,1157572,Disponible,2026-09-18
Pedro Felipe,Racing,Desc,-8,1062746,1088682,Duda,2026-09-18
Peio Canales,Athletic,Desc,28,6610840,6788748,Disponible,2026-09-18
Pepelu,Valencia,Desc,67,10227397,9757086,Disponible,2026-09-18
Peque,Sevilla,Desc,21,2326271,2383829,Disponible,2026-09-18
Pere Milla,Espanyol,Desc,3,4156232,4274579,Disponible,2026-09-18
Petar Ratkov,Levante,Desc,2,2864267,2952141,Disponible,2026-09-18
Pierre-Emerick Aubameyang,Deportivo,Desc,100,100846420,99710579,Disponible,2026-09-18
Pol Lozano,Espanyol,Desc,4,1029838,1054403,Disponible,2026-09-18
Quilindschy Hartman,Espanyol,Desc,10,3397312,3461270,Disponible,2026-09-18
Rafa Rodríguez,Málaga,Desc,10,2483912,2558187,Disponible,2026-09-18
Rafel Bauzà,Espanyol,Desc,16,551440,556071,Disponible,2026-09-18
Ramón Enríquez,Málaga,Desc,5,528065,531723,Disponible,2026-09-18
Ramón Terrats,Getafe,Desc,63,9078584,8980377,Duda,2026-09-18
Randy Nteka,Rayo,Desc,10,937224,957930,Duda,2026-09-18
Raphinha,Barcelona,Desc,147,141435461,139583711,Disponible,2026-09-18
Raúl Asencio,Real Madrid,Desc,0,1880174,1915600,Disponible,2026-09-18
Raúl García,Osasuna,Desc,21,1499577,1513987,Disponible,2026-09-18
Raúl Jiménez,Valencia,Desc,0,1561503,0,Disponible,2026-09-18
Raul Moro,Osasuna,Desc,12,7945785,8116228,Disponible,2026-09-18
Renato Veiga,Villarreal,Desc,20,22690109,22573023,Disponible,2026-09-18
Robbie Ure,Sevilla,Desc,12,10930053,11213230,Disponible,2026-09-18
Robert Navarro,Athletic,Desc,60,8918400,8437641,Disponible,2026-09-18
Robin Le Normand,Atlético,Desc,42,9485770,9175235,Disponible,2026-09-18
Rockson Yeboah,Osasuna,Desc,8,846497,863422,Disponible,2026-09-18
Rodrigo Gamón,Valencia,Desc,0,800000,800000,Disponible,2026-09-18
Rodrigo Mendoza,Atlético,Desc,23,938042,958782,Disponible,2026-09-18
Rodrigo Riquelme,Betis,Desc,60,18325574,18025432,Disponible,2026-09-18
Roger Hinojo,Espanyol,Desc,43,4881804,4900771,Disponible,2026-09-18
Romain Del Castillo,Osasuna,Desc,3,9362525,9640574,Disponible,2026-09-18
Roy Revivo,Elche,Desc,9,3538021,3616870,Disponible,2026-09-18
Rubén Gómez,Villarreal,Desc,0,462193,463107,Disponible,2026-09-18
Rubén Sánchez,Elche,Desc,0,433627,433350,Disponible,2026-09-18
Rubén Vargas,Sevilla,Desc,2,9773599,10084511,Lesionado,2026-09-18
Ryunosuke Sato,Valencia,Desc,20,6914883,7103910,Disponible,2026-09-18
Saba Sazonov,Getafe,Desc,9,729346,741390,Disponible,2026-09-18
Salvi Esquivel,Atlético,Desc,0,523700,527176,Disponible,2026-09-18
Samu Becerra,Rayo,Desc,0,557302,562179,Disponible,2026-09-18
Santi Comesaña,Villarreal,Desc,34,16043109,16399671,Duda,2026-09-18
Santiago Mouriño,Villarreal,Desc,17,17370989,17817980,Disponible,2026-09-18
Sebastián Boselli,Getafe,Desc,4,1153237,1171314,Disponible,2026-09-18
Sebastián Cáceres,Celta,Desc,7,4962911,5002112,Disponible,2026-09-18
Selu Diallo,Alavés,Desc,0,574922,580532,Disponible,2026-09-18
Sergio Camello,Rayo,Desc,99,20179398,18814649,Disponible,2026-09-18
Sergio Canales,Racing,Desc,71,29043654,29052789,Disponible,2026-09-18
Sergio Carreira,Celta,Desc,21,7668325,7513390,Disponible,2026-09-18
Sergio Gómez,Real Sociedad,Desc,38,16724742,16632627,Disponible,2026-09-18
Sergio Herrera,Osasuna,Desc,19,32617497,33152091,Disponible,2026-09-18
Sergio José Lozano,Rayo,Desc,0,491190,493311,Disponible,2026-09-18
Sergio Martínez,Real Madrid,Desc,28,1390736,1426218,Disponible,2026-09-18
Sergio Mestre,Real Madrid,Desc,0,677860,677860,Disponible,2026-09-18
Simon Eriksson,Racing,Desc,0,1228525,1260316,Duda,2026-09-18
Stole Dimitrievski,Valencia,Desc,61,20758023,20497804,Disponible,2026-09-18
Takefusa Kubo,Real Sociedad,Desc,23,19844958,20227424,Disponible,2026-09-18
Tani Oluwaseyi,Villarreal,Desc,8,1206820,1229978,Disponible,2026-09-18
Tete Morente,Elche,Desc,42,2529071,2437696,Disponible,2026-09-18
Theo Folgado,Real Sociedad,Desc,0,702606,702606,Disponible,2026-09-18
Thibaut Courtois,Real Madrid,Desc,46,61297418,61474512,Disponible,2026-09-18
Thomas Lemar,Elche,Desc,18,3958563,3954017,Disponible,2026-09-18
Toni Martinez,Alavés,Desc,31,18238141,18438426,Disponible,2026-09-18
Trent Alexander-Arnold,Real Madrid,Desc,37,21514616,21625340,Disponible,2026-09-18
Tyrhys Dolan,Espanyol,Desc,24,15729487,15670762,Disponible,2026-09-18
Umar Sadiq,Valencia,Desc,19,3096377,3191155,Lesionado,2026-09-18
Unai López,Rayo,Desc,67,15527215,15205755,Disponible,2026-09-18
Unai Marrero,Real Sociedad,Desc,23,797973,808069,Disponible,2026-09-18
Unai Santos,Osasuna,Desc,-1,492148,494310,Disponible,2026-09-18
Unai Simón,Athletic,Desc,65,49157864,49456032,Disponible,2026-09-18
Valentín Gómez,Betis,Desc,23,1601408,1613402,Disponible,2026-09-18
Vanja Drkusic,Espanyol,Desc,11,1775168,1819446,Disponible,2026-09-18
Víctor Chust,Elche,Desc,6,4374130,4420810,Disponible,2026-09-18
Víctor García,Levante,Desc,4,934617,955214,Disponible,2026-09-18
Ville Koski,Alavés,Desc,57,13126187,12321256,Disponible,2026-09-18
Williot Swedberg,Celta,Desc,36,4452570,4522593,Disponible,2026-09-18
Wojciech Szczesny,Barcelona,Desc,-5,1215454,1172811,Disponible,2026-09-18
Xanet Oláiz,Alavés,Desc,2,472450,473790,Disponible,2026-09-18
Xavi Espart,Barcelona,Desc,79,33390146,31368101,Disponible,2026-09-18
Yangel Herrera,Real Sociedad,Desc,46,5044645,4943545,Disponible,2026-09-18
Yanis Musuayi,Levante,Desc,0,1131274,1160066,Disponible,2026-09-18
Yassir Zabiri,Racing,Desc,72,14176293,13281864,Disponible,2026-09-18
Yoel Lago,Celta,Desc,47,6117506,5703458,Disponible,2026-09-18
Youssouf Fofana,Sevilla,Desc,25,14995864,14880715,Disponible,2026-09-18
Zaid Romero,Getafe,Desc,27,24771062,25122809,Disponible,2026-09-18
Zakaria Eddahchouri,Deportivo,Desc,15,939717,950353,Disponible,2026-09-18
Llorenç Serred,Espanyol,Desc,0,459320,461088,Disponible,2026-09-19
Aaron Ndive Mayol,Valencia,Desc,4,698206,681689,Disponible,2026-09-19
Abde Rebbach,Alavés,Desc,56,5188365,5188201,Disponible,2026-09-19
Abdel Abqar,Getafe,Desc,6,3613019,3726844,Duda,2026-09-19
Abdoulaye Faye,Celta,Desc,3,1799520,1849243,Disponible,2026-09-19
Abel Bretones,Osasuna,Desc,27,9960090,10035616,Disponible,2026-09-19
Abiel Osorio,Elche,Desc,17,737797,726982,Disponible,2026-09-19
Adam Aznou,Málaga,Desc,0,1017279,0,Duda,2026-09-19
Adama Timera,Espanyol,Desc,0,488217,491190,Disponible,2026-09-19
Ademola Lookman,Atlético,Desc,33,46605196,47341186,Disponible,2026-09-19
Adrià Altimira,Deportivo,Desc,15,4264824,4321437,Disponible,2026-09-19
Adrià Pedrosa,Rayo,Desc,17,2490923,2494110,Disponible,2026-09-19
Adrián Molina,Rayo,Desc,0,510825,514740,Disponible,2026-09-19
Adrián Niño,Málaga,Desc,11,1070158,1085583,Disponible,2026-09-19
Aimar Blázquez,Valencia,Desc,0,581656,581656,Disponible,2026-09-19
Aimar Oroz,Osasuna,Desc,17,8252603,8503884,Lesionado,2026-09-19
Aissa Mandi,Levante,Desc,50,12869602,12965167,Disponible,2026-09-19
Aitor Fraga,Real Sociedad,Desc,0,602234,602234,Disponible,2026-09-19
Aitor Mañas,Alavés,Desc,6,452724,454217,Duda,2026-09-19
Aitor Paredes,Athletic,Desc,42,12825256,12971003,Disponible,2026-09-19
Alassane Diatta,Villarreal,Desc,0,456497,458149,Disponible,2026-09-19
Alberto Calatrava,Levante,Desc,0,574974,581561,Disponible,2026-09-19
Alberto Moleiro,Villarreal,Desc,65,38038548,37965180,Disponible,2026-09-19
Alberto Risco,Getafe,Desc,3,493832,497038,Disponible,2026-09-19
Aleix Febas,Celta,Desc,19,14029073,14224119,Disponible,2026-09-19
Alejandro Balde,Barcelona,Desc,5,11070535,11359603,Disponible,2026-09-19
Alejandro Catena,Osasuna,Desc,37,32011563,32613572,Disponible,2026-09-19
Alejandro Iturbe,Elche,Desc,0,527041,531632,Disponible,2026-09-19
Alejandro Panach,Valencia,Desc,0,489277,492294,Disponible,2026-09-19
Alejandro Rego,Athletic,Desc,0,1884281,1939628,Disponible,2026-09-19
Alemão,Rayo,Desc,14,1507063,1546346,Disponible,2026-09-19
Álex Baena,Atlético,Desc,97,63355882,63033278,Disponible,2026-09-19
Álex Berenguer,Athletic,Desc,50,11519434,11427883,Disponible,2026-09-19
Álex Calatrava,Espanyol,Desc,41,6043518,6137343,Disponible,2026-09-19
Alex Freeman,Villarreal,Desc,18,1294751,1269043,Disponible,2026-09-19
Álex Grimaldo,Atlético,Desc,69,35355014,34132507,Disponible,2026-09-19
Alex Lebarbier,Real Sociedad,Desc,0,602234,602234,Disponible,2026-09-19
Alex Marchal,Real Sociedad,Desc,11,566015,572229,Disponible,2026-09-19
Alex Padilla,Athletic,Desc,0,731532,744642,Disponible,2026-09-19
Álex Pastor,Málaga,Desc,0,412776,412605,Disponible,2026-09-19
Álex Remiro,Real Sociedad,Desc,53,37764417,38004097,Disponible,2026-09-19
Alexis Ciria,Real Madrid,Desc,0,591728,599013,Disponible,2026-09-19
Alfonso Herrero,Málaga,Desc,52,17892613,17632177,Disponible,2026-09-19
Aliou Dieng,Valencia,Desc,28,2023483,2053579,Disponible,2026-09-19
Altay Bayindir,Celta,Desc,0,1045182,1071367,Disponible,2026-09-19
Álvaro Djaló,Athletic,Desc,2,578747,585492,Disponible,2026-09-19
Álvaro Fidalgo,Betis,Desc,3,1177496,1206867,Disponible,2026-09-19
Álvaro García,Rayo,Desc,64,18288289,18171133,Disponible,2026-09-19
Álvaro Mantilla,Racing,Desc,22,1633223,1656339,Disponible,2026-09-19
Álvaro Padilla,Elche,Desc,0,625261,633944,Disponible,2026-09-19
Álvaro Valles,Betis,Desc,109,52993661,52155542,Disponible,2026-09-19
Ander Barrenetxea,Real Sociedad,Desc,32,20562978,20606687,Disponible,2026-09-19
Ander Guevara,Alavés,Desc,3,599126,606719,Disponible,2026-09-19
André Almeida,Racing,Desc,-2,1204799,1228673,Disponible,2026-09-19
Andrei Ratiu,Rayo,Desc,39,23204338,23514668,Disponible,2026-09-19
Andrés Antañón,Celta,Desc,3,551685,557302,Lesionado,2026-09-19
Andrés Castrín,Sevilla,Desc,57,5531248,5160117,Disponible,2026-09-19
Andrés García,Getafe,Desc,38,7581276,7541237,Disponible,2026-09-19
Andrés Martín,Racing,Desc,30,11744118,12107611,Lesionado,2026-09-19
Andrés Vallecillo,Racing,Desc,0,487683,490633,Disponible,2026-09-19
Andriy Lunin,Real Madrid,Desc,0,1183352,1203291,Disponible,2026-09-19
Ángel Fortuño,Espanyol,Desc,0,453157,454669,Disponible,2026-09-19
Ángel Ortiz,Betis,Desc,28,956085,971855,Disponible,2026-09-19
Ángel Pérez,Alavés,Desc,72,23446101,22522785,Disponible,2026-09-19
Angel Recio,Málaga,Desc,24,2231564,2159844,Disponible,2026-09-19
Angeliño,Deportivo,Desc,-1,7512525,7750864,Disponible,2026-09-19
Ante Budimir,Osasuna,Desc,79,60462860,61136303,Disponible,2026-09-19
Anthony Gordon,Barcelona,Desc,49,81677346,83191303,Disponible,2026-09-19
Antonio Blanco,Alavés,Desc,55,19617105,19771168,Disponible,2026-09-19
Antonio Rüdiger,Real Madrid,Desc,25,19502060,19857110,Disponible,2026-09-19
Antonio Sivera,Alavés,Desc,66,41676283,42054930,Disponible,2026-09-19
Antony,Betis,Desc,76,56834951,56708181,Disponible,2026-09-19
Arda Güler,Real Madrid,Desc,99,97391466,95798649,Disponible,2026-09-19
Arnau Comas,Deportivo,Desc,0,495299,498567,Disponible,2026-09-19
Arnau Ortiz,Atlético,Desc,15,877062,884882,Disponible,2026-09-19
Arnaut Danjuma,Valencia,Desc,28,4461852,4482051,Disponible,2026-09-19
Arouna Sangante,Sevilla,Desc,18,7588339,7768574,Disponible,2026-09-19
Arsen Zakharyan,Real Sociedad,Desc,2,574768,581347,Disponible,2026-09-19
Asier Bonel,Osasuna,Desc,0,646732,656310,Disponible,2026-09-19
Asier Osambela,Osasuna,Desc,24,454450,456016,Disponible,2026-09-19
Asier Villalibre,Racing,Desc,15,3644104,3730914,Disponible,2026-09-19
Augusto Batalla,Rayo,Desc,21,16116068,16605709,Lesionado,2026-09-19
Aurélien Tchouaméni,Real Madrid,Desc,16,22061093,22155599,Disponible,2026-09-19
Axel Tape,Levante,Desc,0,1761768,1813825,Disponible,2026-09-19
Aymeric Laporte,Athletic,Desc,30,42185342,42522760,Disponible,2026-09-19
Beñat Gerenabarrena,Athletic,Desc,45,3936953,3864224,Disponible,2026-09-19
Beñat Prados,Athletic,Desc,0,693422,704945,Disponible,2026-09-19
Beñat Turrientes,Real Sociedad,Desc,43,7046742,7083565,Disponible,2026-09-19
Bernardo Silva,Real Madrid,Desc,34,38718382,39635968,Disponible,2026-09-19
Bil Nsongo,Deportivo,Desc,29,7727155,7661734,Disponible,2026-09-19
Borja Iglesias,Celta,Desc,0,12484770,12808041,Disponible,2026-09-19
Borja Mayoral,Getafe,Desc,1,1321096,1358772,Duda,2026-09-19
Boyomo,Osasuna,Desc,16,13913136,14285276,Disponible,2026-09-19
Brian Fariñas,Barcelona,Desc,0,606771,614683,Disponible,2026-09-19
Bright Ede,Deportivo,Desc,19,3831092,3907629,Disponible,2026-09-19
Buba Sangaré,Elche,Desc,20,3710535,3725193,Duda,2026-09-19
Carl Starfelt,Celta,Desc,29,9525661,9691489,Disponible,2026-09-19
Carles Aleñá,Alavés,Desc,23,2913984,2931460,Disponible,2026-09-19
Carlos Dotor,Málaga,Desc,56,4813590,4752770,Disponible,2026-09-19
Carlos Espí,Real Madrid,Desc,27,13861383,13764014,Disponible,2026-09-19
Carlos López,Málaga,Desc,0,415130,415057,Disponible,2026-09-19
Carlos Macià,Villarreal,Desc,13,611976,620105,Disponible,2026-09-19
Carlos Puga,Málaga,Desc,23,3511649,3564497,Disponible,2026-09-19
Carlos Romero,Villarreal,Desc,19,21284956,21680470,Disponible,2026-09-19
Carlos Soler,Real Sociedad,Desc,48,30447455,30519167,Disponible,2026-09-19
César Tárrega,Valencia,Desc,36,8104354,8361736,Lesionado,2026-09-19
Cheikh Thiam,Villarreal,Desc,0,576207,582846,Disponible,2026-09-19
Chidera Ejuke,Sevilla,Desc,24,6098004,6169426,Disponible,2026-09-19
Chupete,Málaga,Desc,33,24534708,25140930,Disponible,2026-09-19
Clemens Riedel,Espanyol,Desc,33,5884515,5792665,Disponible,2026-09-19
Coke Carrillo,Celta,Desc,0,1567556,0,Disponible,2026-09-19
Couhaib Driouech,Celta,Desc,11,2619316,2682896,Disponible,2026-09-19
Cristian Rivero,Valencia,Desc,0,440983,441987,Disponible,2026-09-19
Cristian Romero,Atlético,Desc,39,33780983,32862771,Disponible,2026-09-19
Dakonam Djené,Getafe,Desc,32,16983641,16603906,Disponible,2026-09-19
Dani Cárdenas,Rayo,Desc,13,1274346,1295682,Disponible,2026-09-19
Dani Ceballos,Betis,Desc,15,19011592,19286505,Disponible,2026-09-19
Dani Lorenzo,Málaga,Desc,37,11074688,11140000,Disponible,2026-09-19
Dani Martínez,Atlético,Desc,12,507050,510808,Disponible,2026-09-19
Dani Olmo,Barcelona,Desc,55,47626566,47510989,Disponible,2026-09-19
Dani Requena,Levante,Desc,8,888592,908248,Disponible,2026-09-19
Daniel Raba,Valencia,Desc,2,730834,743916,Disponible,2026-09-19
David Hancko,Atlético,Desc,48,39206298,39156948,Disponible,2026-09-19
David Larrubia,Málaga,Desc,64,24987051,25507592,Disponible,2026-09-19
David Mella,Deportivo,Desc,5,1733762,1778211,Disponible,2026-09-19
David Otorbi,Valencia,Desc,20,615466,608262,Disponible,2026-09-19
David Soria,Getafe,Desc,67,35881249,35826415,Disponible,2026-09-19
Davinchi,Getafe,Desc,4,1365682,1402051,Disponible,2026-09-19
Dean Huijsen,Real Madrid,Desc,48,55096380,55913223,Disponible,2026-09-19
Denis Suárez,Alavés,Desc,46,2814520,2729252,Disponible,2026-09-19
Denzel Dumfries,Real Madrid,Desc,33,31470347,32001325,Disponible,2026-09-19
Diego Conde,Betis,Desc,0,1226571,1258948,Disponible,2026-09-19
Diego Ferrer,Getafe,Desc,0,495186,498449,Disponible,2026-09-19
Diego Rico,Osasuna,Desc,4,2132506,2193323,Disponible,2026-09-19
Diego Villares,Deportivo,Desc,8,1120696,1150022,Disponible,2026-09-19
Dimitri Foulquier,Valencia,Desc,0,909900,930443,Lesionado,2026-09-19
Dominik Livakovic,Barcelona,Desc,0,2401209,2379176,Disponible,2026-09-19
Eder Aller,Barcelona,Desc,0,702705,702705,Disponible,2026-09-19
Edu Altozano,Sevilla,Desc,0,468808,470971,Disponible,2026-09-19
Edu Expósito,Espanyol,Desc,65,32566351,32212328,Disponible,2026-09-19
Eduardo Camavinga,Real Madrid,Desc,19,8489414,8619432,Disponible,2026-09-19
Einar Galilea,Málaga,Desc,30,5753821,5743061,Disponible,2026-09-19
Emil Audero,Rayo,Desc,25,5251258,5266516,Disponible,2026-09-19
Endrick,Real Madrid,Desc,0,3296012,3371290,Disponible,2026-09-19
Eneko Jauregi,Málaga,Desc,2,648937,658606,Disponible,2026-09-19
Enes Ünal,Getafe,Desc,23,16784703,17048783,Disponible,2026-09-19
Eric Garcia,Barcelona,Desc,45,45092832,45627573,Disponible,2026-09-19
Ezequiel Ponce,Elche,Desc,10,870928,889847,Disponible,2026-09-19
Facundo Bernal,Betis,Desc,45,13961272,14035181,Disponible,2026-09-19
Facundo Buonanotte,Elche,Desc,35,3634333,3652678,Disponible,2026-09-19
Federico Redondo,Elche,Desc,62,1329793,1268874,Disponible,2026-09-19
Federico Valverde,Real Madrid,Desc,62,64350680,64862479,Disponible,2026-09-19
Félix Correia,Sevilla,Desc,19,5519274,5560235,Disponible,2026-09-19
Ferran Jutglà,Celta,Desc,26,8840456,8619777,Disponible,2026-09-19
Filip Ugrinic,Valencia,Desc,70,3422900,3401307,Disponible,2026-09-19
Florian Lejeune,Rayo,Desc,30,19548189,19933264,Disponible,2026-09-19
Fran García,Betis,Desc,35,30348227,30432459,Disponible,2026-09-19
Fran González,Sevilla,Desc,0,491920,495046,Disponible,2026-09-19
Gabriel Moscardo,Espanyol,Desc,21,3516086,3607481,Disponible,2026-09-19
Gabriel Suazo,Sevilla,Desc,60,5652738,5369496,Disponible,2026-09-19
Georges Mikautadze,Villarreal,Desc,50,51725976,52464847,Disponible,2026-09-19
Georgiy Tsitaishvili,Rayo,Desc,18,1267479,1292643,Disponible,2026-09-19
Gerard Martín,Barcelona,Desc,55,49437956,50025335,Disponible,2026-09-19
Germán Parreño,Deportivo,Desc,0,466826,468907,Disponible,2026-09-19
Germán Valera,Elche,Desc,60,12816808,12991055,Disponible,2026-09-19
Giacomo Quagliata,Deportivo,Desc,26,4018840,3966441,Disponible,2026-09-19
Giorgi Guliashvili,Racing,Desc,1,829217,846399,Disponible,2026-09-19
Giorgi Kochorashvili,Sevilla,Desc,16,6501275,6601971,Disponible,2026-09-19
Giovani Lo Celso,Betis,Desc,4,13662014,14005158,Disponible,2026-09-19
Gnangoro Bouare,Rayo,Desc,28,852561,864154,Disponible,2026-09-19
Gonçalo Guedes,Real Sociedad,Desc,27,17175785,17302955,Disponible,2026-09-19
Gonzalo Villar,Elche,Desc,76,10109469,10136727,Disponible,2026-09-19
Gorka Carrera,Real Sociedad,Desc,0,519739,524026,Disponible,2026-09-19
Gorka Guruzeta,Athletic,Desc,5,7738999,7937860,Disponible,2026-09-19
Grady Diangana,Elche,Desc,0,612230,620369,Disponible,2026-09-19
Grégoire Swiderski,Alavés,Desc,0,469243,471425,Disponible,2026-09-19
Hamza Abdelkarim,Barcelona,Desc,2,2765080,2827312,Disponible,2026-09-19
Héctor Bellerín,Betis,Desc,49,17234164,17158104,Disponible,2026-09-19
Héctor Fort,Real Sociedad,Desc,3,3183205,3238245,Disponible,2026-09-19
Hugo Burcio,Celta,Desc,3,567759,574046,Disponible,2026-09-19
Hugo Duro,Valencia,Desc,13,4867107,4892112,Disponible,2026-09-19
Hugo González,Celta,Desc,39,1705506,1618921,Disponible,2026-09-19
Hugo Novoa,Alavés,Desc,0,548692,554184,Disponible,2026-09-19
Hugo Pérez,Racing,Desc,0,708249,720390,Disponible,2026-09-19
Hugo Rincón,Athletic,Desc,4,1417460,1457006,Disponible,2026-09-19
Hugo Sotelo,Levante,Desc,9,808306,824615,Lesionado,2026-09-19
Iago Aspas,Celta,Desc,21,5814802,5984809,Lesionado,2026-09-19
Ibai Aguirre,R. Sociedad B,Desc,0,602257,602257,Disponible,2026-09-19
Ibrahima Konaté,Real Madrid,Desc,12,38603727,39275152,Disponible,2026-09-19
Ifeanyi Ndukwe,Levante,Desc,2,1368162,1404349,Disponible,2026-09-19
Igor Galdin,Levante,Desc,0,488299,491275,Disponible,2026-09-19
Igor Zubeldia,Real Sociedad,Desc,36,11127753,11057597,Disponible,2026-09-19
Iker Córdoba,Valencia,Desc,6,968709,979106,Disponible,2026-09-19
Iker Losada,Betis,Desc,0,1039848,1065806,Disponible,2026-09-19
Iker Luque,Racing,Desc,-1,1277846,1313720,Disponible,2026-09-19
Iker Monreal,Athletic,Desc,0,567759,574046,Disponible,2026-09-19
Iker Muñoz,Sevilla,Desc,38,468808,470971,Disponible,2026-09-19
Iker Muñoz,Osasuna,Desc,38,2003201,2004274,Disponible,2026-09-19
Iker Muñoz,Sevilla,Desc,0,468808,470971,Disponible,2026-09-19
Iker Muñoz,Osasuna,Desc,0,2003201,2004274,Disponible,2026-09-19
Ilaix Moriba,Celta,Desc,39,7969911,7793171,Disponible,2026-09-19
Ilias Akhomach,Villarreal,Desc,16,2374091,2373233,Disponible,2026-09-19
Iñigo Arguibide,Osasuna,Desc,25,3459322,3472697,Disponible,2026-09-19
Íñigo Sainz-Maza,Racing,Desc,11,505851,509559,Disponible,2026-09-19
Iñigo Vicente,Racing,Desc,72,33461408,33261862,Disponible,2026-09-19
Ionut Radu,Celta,Desc,60,41681485,41796629,Disponible,2026-09-19
Isaac Romero,Sevilla,Desc,23,5446557,5539456,Disponible,2026-09-19
Iván Alonso,Rayo,Desc,0,459299,461066,Disponible,2026-09-19
Iván Azón,Getafe,Desc,16,4071807,4111513,Disponible,2026-09-19
Iván Balliu,Rayo,Desc,1,607192,615121,Disponible,2026-09-19
Iván Martín,Racing,Desc,50,7707196,7768116,Disponible,2026-09-19
Iván Romero,Levante,Desc,43,6178151,6121221,Disponible,2026-09-19
Iván Villar,Celta,Desc,0,562553,568624,Disponible,2026-09-19
Izan Merino,Málaga,Desc,33,3659043,3697900,Disponible,2026-09-19
Jan Oblak,Atlético,Desc,53,45713742,45643364,Disponible,2026-09-19
Jaume Durá,Valencia,Desc,0,741049,754556,Disponible,2026-09-19
Javi Galán,Celta,Desc,20,7631622,7728585,Disponible,2026-09-19
Javi Guerra,Valencia,Desc,38,19702280,19417152,Disponible,2026-09-19
Javi Morcillo,Elche,Desc,29,725871,724472,Disponible,2026-09-19
Javi Navarro,Real Madrid,Desc,0,702622,702622,Disponible,2026-09-19
Javi Rodríguez,Celta,Desc,16,7925103,8115164,Disponible,2026-09-19
Javi Rueda,Celta,Desc,36,5133073,4951553,Disponible,2026-09-19
Javier Hernández,Espanyol,Desc,60,17330264,16984433,Disponible,2026-09-19
Jean Ives Valou,Getafe,Desc,-5,468808,470971,Disponible,2026-09-19
Jeanuël Belocian,Racing,Desc,18,3147224,3151323,Disponible,2026-09-19
Jeremy Toljan,Levante,Desc,2,1900986,1949088,Disponible,2026-09-19
Jesús Areso,Athletic,Desc,37,4276181,4270726,Disponible,2026-09-19
Jesús Vázquez,Valencia,Desc,25,1630339,1653637,Disponible,2026-09-19
Jiri Letácek,Getafe,Desc,0,492412,495560,Disponible,2026-09-19
Joan Garcia,Barcelona,Desc,56,69968819,71850893,Lesionado,2026-09-19
Joao Cancelo,Barcelona,Desc,11,29428615,29271756,Disponible,2026-09-19
Job Ochieng,Real Sociedad,Desc,29,1226822,1228281,Disponible,2026-09-19
Johan Mojica,Getafe,Desc,61,14845139,14937654,Disponible,2026-09-19
Johnny Cardoso,Atlético,Desc,16,2899611,2802884,Disponible,2026-09-19
Jon Ander Olasagasti,Levante,Desc,67,9479558,9468966,Disponible,2026-09-19
Jon Aramburu,Real Sociedad,Desc,56,19783341,19706046,Disponible,2026-09-19
Jon Gorrotxategi,Real Sociedad,Desc,4,2586040,2639289,Disponible,2026-09-19
Jon Guridi,Sevilla,Desc,36,6732071,6675564,Disponible,2026-09-19
Jon Martín,Real Sociedad,Desc,19,24333979,24566521,Disponible,2026-09-19
Jon Moncayola,Osasuna,Desc,46,7409434,7420906,Disponible,2026-09-19
Jon Pacheco,Real Sociedad,Desc,3,1647452,1692163,Disponible,2026-09-19
Jonathan Asp Jensen,Deportivo,Desc,26,3777622,3846711,Disponible,2026-09-19
Jonathan David,Atlético,Desc,43,32752247,31596219,Disponible,2026-09-19
Jonathan Dubasin,Osasuna,Desc,23,6512188,6670819,Disponible,2026-09-19
Jones El-Abdellaoui,Celta,Desc,12,803023,819113,Lesionado,2026-09-19
Jordi Pesquer,Barcelona,Desc,0,600000,600000,Disponible,2026-09-19
Jorge Cabello,Levante,Desc,0,523092,527517,Disponible,2026-09-19
Jorge Castellanos,Racing,Desc,0,488217,491190,Disponible,2026-09-19
Jorge Castillo,Atlético,Desc,0,1000000,1000000,Disponible,2026-09-19
Jorge Cestero,Real Madrid,Desc,0,486439,489337,Disponible,2026-09-19
Jorge Domínguez,Atlético,Desc,2,1993310,2052087,Disponible,2026-09-19
Jorge Herrando,Osasuna,Desc,24,1370824,1410572,Lesionado,2026-09-19
Jorge Salinas,Racing,Desc,60,6949404,6978291,Disponible,2026-09-19
José Ángel Carmona,Sevilla,Desc,2,1886728,1936698,Disponible,2026-09-19
José Gayà,Valencia,Desc,39,7651605,7498469,Disponible,2026-09-19
José María Giménez,Deportivo,Desc,17,10340446,9922934,Disponible,2026-09-19
José Salinas,Málaga,Desc,13,946651,939898,Disponible,2026-09-19
Joseph Otu,Málaga,Desc,0,631192,640121,Disponible,2026-09-19
Jozhua Vertrouwd,Rayo,Desc,-1,638999,648255,Duda,2026-09-19
Juan Berrocal,Málaga,Desc,0,740092,753560,Disponible,2026-09-19
Juan Carlos Arana,Racing,Desc,1,514745,518824,Disponible,2026-09-19
Juan Cruz,Málaga,Desc,26,6753795,6881161,Disponible,2026-09-19
Juan Foyth,Villarreal,Desc,28,12266900,12575768,Duda,2026-09-19
Juan Iglesias,Sevilla,Desc,78,15162486,14583300,Disponible,2026-09-19
Juan Musso,Atlético,Desc,0,1961368,2006659,Disponible,2026-09-19
Juani,Málaga,Desc,0,1024000,1049297,Disponible,2026-09-19
Jude Bellingham,Real Madrid,Desc,116,121533368,121624909,Disponible,2026-09-19
Julen Agirrezabala,Racing,Desc,73,21622307,20843717,Disponible,2026-09-19
Julen Lobete,Málaga,Desc,0,511984,515946,Lesionado,2026-09-19
Jules Koundé,Barcelona,Desc,14,26483653,27017543,Disponible,2026-09-19
Julio Díaz,Sevilla,Desc,1,433868,434577,Disponible,2026-09-19
Karim Adeyemi,Barcelona,Desc,60,55445347,53236845,Disponible,2026-09-19
Karl Etta Eyong,Levante,Desc,10,11931136,12306496,Lesionado,2026-09-19
Kevin Sánchez,Deportivo,Desc,0,549904,555448,Disponible,2026-09-19
Kike Barja,Osasuna,Desc,27,1535488,1544956,Disponible,2026-09-19
Kike Ribes,Celta Fortuna,Desc,0,600000,600000,Disponible,2026-09-19
Kike Salas,Sevilla,Desc,49,10304801,9958892,Disponible,2026-09-19
Kiko Femenia,Getafe,Desc,2,1870661,1928442,Lesionado,2026-09-19
Kylian Mbappé,Real Madrid,Desc,144,146181082,145387113,Disponible,2026-09-19
Lamine Yamal,Barcelona,Desc,139,145305286,144260525,Disponible,2026-09-19
Laro Gómez,Racing,Desc,0,602234,602234,Disponible,2026-09-19
Leandro Cabrera,Espanyol,Desc,29,11514320,11364651,Disponible,2026-09-19
Leo Román,Deportivo,Desc,51,36442767,36440485,Disponible,2026-09-19
Logan Costa,Villarreal,Desc,-2,643957,653418,Disponible,2026-09-19
Lorenzo Amatucci,Deportivo,Desc,66,17714478,17857115,Disponible,2026-09-19
Lucas Boyé,Alavés,Desc,75,29931257,29319793,Disponible,2026-09-19
Lucas Cepeda,Elche,Desc,28,1264336,1209741,Disponible,2026-09-19
Lucas Noubi,Deportivo,Desc,47,15791216,15780393,Disponible,2026-09-19
Lucas Stassin,Sevilla,Desc,27,17408878,17955663,Lesionado,2026-09-19
Lucas Torró,Osasuna,Desc,18,1419787,1447018,Disponible,2026-09-19
Lucien Agoume,Sevilla,Desc,72,11209214,10776394,Disponible,2026-09-19
Luis Rioja,Valencia,Desc,20,5418401,5438919,Duda,2026-09-19
Luiz Junior,Villarreal,Desc,8,24300892,24952380,Disponible,2026-09-19
Luken Beitia,Real Sociedad,Desc,-5,453137,454649,Disponible,2026-09-19
Manel Usedo,Levante,Desc,0,517136,521314,Disponible,2026-09-19
Manu Bueno,Sevilla,Desc,5,521855,526230,Disponible,2026-09-19
Manu González,Betis,Desc,0,581691,581691,Disponible,2026-09-19
Manu Hernando,Racing,Desc,22,2301100,2351565,Disponible,2026-09-19
Manu Sánchez,Levante,Desc,57,5376753,5426232,Disponible,2026-09-19
Manuel Ángel Castillo,Sevilla,Desc,0,900000,900000,Disponible,2026-09-19
Marash Kumbulla,Rayo,Desc,0,1979603,2036683,Disponible,2026-09-19
Marc Aguado,Elche,Desc,32,3828821,3897901,Disponible,2026-09-19
Marc Bartra,Betis,Desc,70,39001730,38849206,Disponible,2026-09-19
Marc Bernal,Barcelona,Desc,53,26562948,26129784,Disponible,2026-09-19
Marc Casadó,Deportivo,Desc,10,6597800,6425550,Disponible,2026-09-19
Marc Cucurella,Real Madrid,Desc,30,54324791,55122937,Disponible,2026-09-19
Marc Roca,Betis,Desc,52,14658511,14342418,Disponible,2026-09-19
Marc Santos,Levante,Desc,3,546057,551440,Disponible,2026-09-19
Marcão,Sevilla,Desc,0,475665,478115,Disponible,2026-09-19
Marco Román,Rayo,Desc,0,517136,521314,Disponible,2026-09-19
Marcos Navarro,Valencia,Desc,0,501909,501909,Disponible,2026-09-19
Mario Martín,Getafe,Desc,26,2529955,2603627,Disponible,2026-09-19
Mario Rivas,Real Madrid,Desc,0,700000,700000,Disponible,2026-09-19
Marko Dmitrovic,Espanyol,Desc,72,41094752,41201855,Disponible,2026-09-19
Maroan Sannadi,Athletic,Desc,4,429728,430264,Disponible,2026-09-19
Martim Neto,Elche,Desc,13,961497,978695,Disponible,2026-09-19
Martín Satriano,Getafe,Desc,38,18945081,19192186,Disponible,2026-09-19
Mathew Ryan,Levante,Desc,68,30305156,30250228,Disponible,2026-09-19
Matia Barzic,Elche,Desc,0,520019,524317,Disponible,2026-09-19
Matías Dituro,Elche,Desc,10,9351325,9312717,Disponible,2026-09-19
Matteo Prati,Racing,Desc,33,2797293,2854225,Disponible,2026-09-19
Mauro Echegoyen,Osasuna,Desc,0,475305,477739,Disponible,2026-09-19
Miguel Cubo,Atlético,Desc,0,476809,479306,Disponible,2026-09-19
Miguel Loureiro,Deportivo,Desc,30,1958183,1925278,Disponible,2026-09-19
Miguel Román,Celta,Desc,52,12856925,12570509,Disponible,2026-09-19
Miguel Sierra,Sevilla,Desc,70,6217148,5731769,Disponible,2026-09-19
Mikel Jauregizar,Athletic,Desc,21,13337056,13676297,Disponible,2026-09-19
Mikel Oyarzabal,Real Sociedad,Desc,42,52414869,53021071,Disponible,2026-09-19
Mikel Rodriguez,Alavés,Desc,39,1936624,1995560,Lesionado,2026-09-19
Moi Gómez,Osasuna,Desc,37,3254255,3324291,Lesionado,2026-09-19
Morten Hjulmand,Atlético,Desc,51,21488074,21746771,Disponible,2026-09-19
Mouctar Diakhaby,Valencia,Desc,12,2953056,3045633,Lesionado,2026-09-19
Nacho Pérez,Levante,Desc,47,2250127,2250597,Disponible,2026-09-19
Nahuel Tenaglia,Alavés,Desc,71,34057871,34204372,Disponible,2026-09-19
Natan,Betis,Desc,73,32690516,31643609,Disponible,2026-09-19
Nathan-Dylan Saliba,Villarreal,Desc,31,6680912,6680877,Disponible,2026-09-19
Nelson Deossa,Betis,Desc,50,3262241,3023637,Disponible,2026-09-19
Nemanja Gudelj,Getafe,Desc,1,6193931,6215411,Disponible,2026-09-19
Nico Guillén,Sevilla,Desc,14,1918097,1975472,Disponible,2026-09-19
Nico Serrano,Athletic,Desc,0,538509,543577,Disponible,2026-09-19
Nicolas Pépé,Villarreal,Desc,67,59305595,60262889,Disponible,2026-09-19
Nicolás Valentini,Alavés,Desc,6,624855,633521,Disponible,2026-09-19
Obed Vargas,Atlético,Desc,0,527201,531799,Disponible,2026-09-19
Odysseas Vlachodimos,Sevilla,Desc,53,30589608,30350168,Disponible,2026-09-19
Oihan Sancet,Athletic,Desc,60,44314768,44264145,Disponible,2026-09-19
Omar El Hilali,Espanyol,Desc,51,15872587,16126209,Disponible,2026-09-19
Orel Mangala,Getafe,Desc,41,11420681,11412513,Disponible,2026-09-19
Oriol Rey,Levante,Desc,33,2315228,2279862,Disponible,2026-09-19
Orri Steinn Óskarsson,Real Sociedad,Desc,22,6766243,6871530,Disponible,2026-09-19
Óscar López,Getafe,Desc,0,741049,754556,Disponible,2026-09-19
Óscar Valentín,Rayo,Desc,37,3319543,3373233,Disponible,2026-09-19
Pablo Barrios,Atlético,Desc,49,45565025,46968726,Lesionado,2026-09-19
Pablo Durán,Celta,Desc,10,660227,667737,Disponible,2026-09-19
Pablo Fornals,Betis,Desc,40,44544655,45125589,Disponible,2026-09-19
Pablo García,Deportivo,Desc,39,468964,468964,Disponible,2026-09-19
Pablo García,Racing,Desc,39,8128809,7939846,Disponible,2026-09-19
Pablo Gavi,Barcelona,Desc,4,14684898,15019083,Disponible,2026-09-19
Pablo Ibáñez,Alavés,Desc,58,11704918,11425325,Disponible,2026-09-19
Pablo Maffeo,Valencia,Desc,20,6068873,6129049,Disponible,2026-09-19
Pablo Martínez,Málaga,Desc,41,4700389,4706921,Disponible,2026-09-19
Pablo Ramón,Racing,Desc,44,2027366,1998853,Disponible,2026-09-19
Paco Cortés,Levante,Desc,7,522523,526926,Disponible,2026-09-19
Pape Gueye,Villarreal,Desc,81,32741841,32511138,Disponible,2026-09-19
Pau Cubarsí,Barcelona,Desc,35,63758091,64171280,Disponible,2026-09-19
Pau Navarro,Villarreal,Desc,7,3885623,3912532,Disponible,2026-09-19
Pedro Bigas,Elche,Desc,-10,2107639,2162325,Disponible,2026-09-19
Pedro Díaz,Rayo,Desc,43,1168630,1163852,Disponible,2026-09-19
Pedro Felipe,Racing,Desc,-8,1036912,1062746,Disponible,2026-09-19
Peio Canales,Athletic,Desc,28,6448415,6610840,Disponible,2026-09-19
Pepelu,Valencia,Desc,67,10666058,10227397,Disponible,2026-09-19
Peque,Sevilla,Desc,21,2270745,2326271,Disponible,2026-09-19
Pere Milla,Espanyol,Desc,3,4046565,4156232,Disponible,2026-09-19
Petar Ratkov,Levante,Desc,2,2780966,2864267,Disponible,2026-09-19
Pierre-Emerick Aubameyang,Deportivo,Desc,100,101755445,100846420,Disponible,2026-09-19
Pol Lozano,Espanyol,Desc,4,1005320,1029838,Disponible,2026-09-19
Quilindschy Hartman,Espanyol,Desc,10,3333008,3397312,Disponible,2026-09-19
Rafa Rodríguez,Málaga,Desc,10,2414055,2483912,Disponible,2026-09-19
Rafel Bauzà,Espanyol,Desc,16,546057,551440,Disponible,2026-09-19
Ramón Enríquez,Málaga,Desc,4,523617,528065,Disponible,2026-09-19
Ramón Terrats,Getafe,Desc,63,8986841,9078584,Disponible,2026-09-19
Randy Nteka,Rayo,Desc,10,916410,937224,Duda,2026-09-19
Raphinha,Barcelona,Desc,147,142810735,141435461,Disponible,2026-09-19
Raúl Asencio,Real Madrid,Desc,0,1841357,1880174,Disponible,2026-09-19
Raúl García,Osasuna,Desc,21,1484513,1499577,Disponible,2026-09-19
Raúl Jiménez,Valencia,Desc,0,1561503,0,Disponible,2026-09-19
Raul Moro,Osasuna,Desc,12,7793550,7945785,Disponible,2026-09-19
Renato Veiga,Villarreal,Desc,24,22812036,22690109,Disponible,2026-09-19
Robbie Ure,Sevilla,Desc,12,10687227,10930053,Disponible,2026-09-19
Robert Navarro,Athletic,Desc,60,9353482,8918400,Disponible,2026-09-19
Robin Le Normand,Atlético,Desc,40,9830696,9485770,Disponible,2026-09-19
Rockson Yeboah,Osasuna,Desc,8,831274,846497,Disponible,2026-09-19
Rodrigo Gamón,Valencia,Desc,0,800000,800000,Disponible,2026-09-19
Rodrigo Mendoza,Atlético,Desc,23,922368,938042,Disponible,2026-09-19
Rodrigo Riquelme,Betis,Desc,66,18627542,18325574,Disponible,2026-09-19
Roger Hinojo,Espanyol,Desc,43,4851776,4881804,Disponible,2026-09-19
Romain Del Castillo,Osasuna,Desc,3,9110207,9362525,Disponible,2026-09-19
Roy Revivo,Elche,Desc,9,3473202,3538021,Disponible,2026-09-19
Rubén Gómez,Villarreal,Desc,0,460381,462193,Disponible,2026-09-19
Rubén Sánchez,Elche,Desc,0,432957,433627,Disponible,2026-09-19
Rubén Vargas,Sevilla,Desc,2,9474272,9773599,Lesionado,2026-09-19
Ryunosuke Sato,Valencia,Desc,20,6735474,6914883,Disponible,2026-09-19
Saba Sazonov,Getafe,Desc,9,716847,729346,Disponible,2026-09-19
Salvi Esquivel,Atlético,Desc,0,519427,523700,Disponible,2026-09-19
Samu Becerra,Rayo,Desc,0,551685,557302,Disponible,2026-09-19
Santi Comesaña,Villarreal,Desc,39,15573188,16043109,Lesionado,2026-09-19
Santiago Mouriño,Villarreal,Desc,18,16982672,17370989,Disponible,2026-09-19
Sebastián Boselli,Getafe,Desc,3,1133424,1153237,Disponible,2026-09-19
Sebastián Cáceres,Celta,Desc,7,4922973,4962911,Disponible,2026-09-19
Selu Diallo,Alavés,Desc,0,568600,574922,Disponible,2026-09-19
Sergio Camello,Rayo,Desc,99,21469702,20179398,Disponible,2026-09-19
Sergio Canales,Racing,Desc,70,28884716,29043654,Disponible,2026-09-19
Sergio Carreira,Celta,Desc,21,7751774,7668325,Disponible,2026-09-19
Sergio Gómez,Real Sociedad,Desc,38,16764788,16724742,Disponible,2026-09-19
Sergio Herrera,Osasuna,Desc,19,32065516,32617497,Disponible,2026-09-19
Sergio José Lozano,Rayo,Desc,0,488217,491190,Disponible,2026-09-19
Sergio Martínez,Real Madrid,Desc,28,1356521,1390736,Disponible,2026-09-19
Sergio Mestre,Real Madrid,Desc,0,677860,677860,Disponible,2026-09-19
Simon Eriksson,Racing,Desc,0,1199422,1228525,Duda,2026-09-19
Stole Dimitrievski,Valencia,Desc,61,21028179,20758023,Disponible,2026-09-19
Takefusa Kubo,Real Sociedad,Desc,23,19538433,19844958,Disponible,2026-09-19
Tani Oluwaseyi,Villarreal,Desc,8,1180634,1206820,Disponible,2026-09-19
Tete Morente,Elche,Desc,42,2619650,2529071,Disponible,2026-09-19
Theo Folgado,Real Sociedad,Desc,0,702606,702606,Disponible,2026-09-19
Thibaut Courtois,Real Madrid,Desc,46,60800172,61297418,Disponible,2026-09-19
Thomas Lemar,Elche,Desc,18,3969078,3958563,Disponible,2026-09-19
Toni Martinez,Alavés,Desc,31,18032641,18238141,Disponible,2026-09-19
Trent Alexander-Arnold,Real Madrid,Desc,37,21389235,21514616,Disponible,2026-09-19
Tyrhys Dolan,Espanyol,Desc,24,15718006,15729487,Disponible,2026-09-19
Umar Sadiq,Valencia,Desc,19,3012481,3096377,Lesionado,2026-09-19
Unai López,Rayo,Desc,67,15808402,15527215,Disponible,2026-09-19
Unai Marrero,Real Sociedad,Desc,23,790522,797973,Disponible,2026-09-19
Unai Santos,Osasuna,Desc,-1,489137,492148,Disponible,2026-09-19
Unai Simón,Athletic,Desc,65,48744402,49157864,Disponible,2026-09-19
Valentín Gómez,Betis,Desc,38,1653804,1601408,Disponible,2026-09-19
Vanja Drkusic,Espanyol,Desc,11,1734975,1775168,Disponible,2026-09-19
Víctor Chust,Elche,Desc,6,4340348,4374130,Disponible,2026-09-19
Víctor García,Levante,Desc,4,913907,934617,Disponible,2026-09-19
Ville Koski,Alavés,Desc,57,13765924,13126187,Disponible,2026-09-19
Williot Swedberg,Celta,Desc,36,4413893,4452570,Disponible,2026-09-19
Wojciech Szczesny,Barcelona,Desc,-5,1281970,1215454,Disponible,2026-09-19
Xanet Oláiz,Alavés,Desc,2,470226,472450,Disponible,2026-09-19
Xavi Espart,Barcelona,Desc,79,35097986,33390146,Disponible,2026-09-19
Yangel Herrera,Real Sociedad,Desc,46,5142181,5044645,Disponible,2026-09-19
Yanis Musuayi,Levante,Desc,0,1102697,1131274,Disponible,2026-09-19
Yassir Zabiri,Racing,Desc,72,15170368,14176293,Disponible,2026-09-19
Yoel Lago,Celta,Desc,47,6550633,6117506,Disponible,2026-09-19
Youssouf Fofana,Sevilla,Desc,25,15093840,14995864,Disponible,2026-09-19
Zaid Romero,Getafe,Desc,38,24838123,24771062,Disponible,2026-09-19
Zakaria Eddahchouri,Deportivo,Desc,15,928911,939717,Disponible,2026-09-19
Llorenç Serred,Espanyol,Desc,0,460210,459320,Disponible,2026-09-20
Aaron Ndive Mayol,Valencia,Desc,4,699481,698206,Disponible,2026-09-20
Abde Rebbach,Alavés,Desc,63,5164607,5188365,Duda,2026-09-20
Abdel Abqar,Getafe,Desc,6,3505771,3613019,Lesionado,2026-09-20
Abdoulaye Faye,Celta,Desc,3,1747218,1799520,Disponible,2026-09-20
Abel Bretones,Osasuna,Desc,31,9749083,9960090,Disponible,2026-09-20
Abiel Osorio,Elche,Desc,23,737226,737797,Disponible,2026-09-20
Adam Aznou,Málaga,Desc,0,1017279,0,Duda,2026-09-20
Adama Timera,Espanyol,Desc,0,487951,488217,Disponible,2026-09-20
Ademola Lookman,Atlético,Desc,33,45798532,46605196,Disponible,2026-09-20
Adrià Altimira,Deportivo,Desc,15,4170410,4264824,Disponible,2026-09-20
Adrià Pedrosa,Rayo,Desc,36,2477268,2490923,Disponible,2026-09-20
Adrián Molina,Rayo,Desc,0,509655,510825,Disponible,2026-09-20
Adrián Niño,Málaga,Desc,11,1046614,1070158,Disponible,2026-09-20
Aimar Blázquez,Valencia,Desc,0,581656,581656,Disponible,2026-09-20
Aimar Oroz,Osasuna,Desc,17,8017886,8252603,Duda,2026-09-20
Aissa Mandi,Levante,Desc,50,12639060,12869602,Disponible,2026-09-20
Aitor Fraga,Real Sociedad,Desc,0,602234,602234,Disponible,2026-09-20
Aitor Mañas,Alavés,Desc,6,453878,452724,Duda,2026-09-20
Aitor Paredes,Athletic,Desc,58,12721898,12825256,Disponible,2026-09-20
Alassane Diatta,Villarreal,Desc,0,457500,456497,Disponible,2026-09-20
Alberto Calatrava,Levante,Desc,0,571238,574974,Disponible,2026-09-20
Alberto Moleiro,Villarreal,Desc,65,38363242,38038548,Disponible,2026-09-20
Alberto Risco,Getafe,Desc,3,493341,493832,Disponible,2026-09-20
Aleix Febas,Celta,Desc,19,13701148,14029073,Disponible,2026-09-20
Alejandro Balde,Barcelona,Desc,5,10790129,11070535,Disponible,2026-09-20
Alejandro Catena,Osasuna,Desc,41,31255250,32011563,Disponible,2026-09-20
Alejandro Iturbe,Elche,Desc,0,525222,527041,Disponible,2026-09-20
Alejandro Panach,Valencia,Desc,0,488969,489277,Disponible,2026-09-20
Alejandro Rego,Athletic,Desc,0,1828782,1884281,Disponible,2026-09-20
Alemão,Rayo,Desc,12,1466043,1507063,Disponible,2026-09-20
Álex Baena,Atlético,Desc,97,64042225,63355882,Disponible,2026-09-20
Álex Berenguer,Athletic,Desc,55,11476186,11519434,Disponible,2026-09-20
Álex Calatrava,Espanyol,Desc,51,5905972,6043518,Disponible,2026-09-20
Alex Freeman,Villarreal,Desc,19,1325777,1294751,Disponible,2026-09-20
Álex Grimaldo,Atlético,Desc,69,36806774,35355014,Disponible,2026-09-20
Alex Lebarbier,Real Sociedad,Desc,0,602234,602234,Disponible,2026-09-20
Alex Marchal,Real Sociedad,Desc,11,562637,566015,Disponible,2026-09-20
Alex Padilla,Athletic,Desc,0,721533,731532,Disponible,2026-09-20
Álex Pastor,Málaga,Desc,0,415528,412776,Disponible,2026-09-20
Álex Remiro,Real Sociedad,Desc,53,37465485,37764417,Disponible,2026-09-20
Alexis Ciria,Real Madrid,Desc,0,587322,591728,Disponible,2026-09-20
Alfonso Herrero,Málaga,Desc,52,18102035,17892613,Disponible,2026-09-20
Aliou Dieng,Valencia,Desc,28,1972812,2023483,Disponible,2026-09-20
Altay Bayindir,Celta,Desc,0,1022637,1045182,Disponible,2026-09-20
Álvaro Djaló,Athletic,Desc,2,574860,578747,Disponible,2026-09-20
Álvaro Fidalgo,Betis,Desc,3,1149659,1177496,Disponible,2026-09-20
Álvaro García,Rayo,Desc,71,18196518,18288289,Disponible,2026-09-20
Álvaro Mantilla,Racing,Desc,25,1592661,1633223,Disponible,2026-09-20
Álvaro Padilla,Elche,Desc,0,619513,625261,Disponible,2026-09-20
Álvaro Valles,Betis,Desc,109,54067998,52993661,Disponible,2026-09-20
Ander Barrenetxea,Real Sociedad,Desc,32,20408905,20562978,Disponible,2026-09-20
Ander Guevara,Alavés,Desc,17,594424,599126,Disponible,2026-09-20
Andoni Gorosabel,Espanyol,Desc,0,1004850,1026653,Disponible,2026-09-20
André Almeida,Racing,Desc,9,1175870,1204799,Disponible,2026-09-20
Andrei Ratiu,Rayo,Desc,43,22763060,23204338,Disponible,2026-09-20
Andrés Antañón,Celta,Desc,3,548880,551685,Duda,2026-09-20
Andrés Castrín,Sevilla,Desc,54,5945150,5531248,Disponible,2026-09-20
Andrés Céspedes,Málaga,Desc,0,401498,401498,Disponible,2026-09-20
Andrés García,Getafe,Desc,38,7540987,7581276,Disponible,2026-09-20
Andrés Martín,Racing,Desc,30,11405985,11744118,Lesionado,2026-09-20
Andrés Vallecillo,Racing,Desc,0,487438,487683,Disponible,2026-09-20
Andriy Lunin,Real Madrid,Desc,0,1158455,1183352,Disponible,2026-09-20
Ángel Fortuño,Espanyol,Desc,0,454293,453157,Disponible,2026-09-20
Ángel Ortiz,Betis,Desc,29,937104,956085,Disponible,2026-09-20
Ángel Pérez,Alavés,Desc,75,24441095,23446101,Disponible,2026-09-20
Angel Recio,Málaga,Desc,24,2267047,2231564,Disponible,2026-09-20
Angeliño,Deportivo,Desc,-1,7291522,7512525,Disponible,2026-09-20
Ante Budimir,Osasuna,Desc,94,60151925,60462860,Disponible,2026-09-20
Anthony Gordon,Barcelona,Desc,52,80242223,81677346,Disponible,2026-09-20
Antonio Blanco,Alavés,Desc,56,19322034,19617105,Disponible,2026-09-20
Antonio Rüdiger,Real Madrid,Desc,25,19148179,19502060,Disponible,2026-09-20
Antonio Sivera,Alavés,Desc,98,41525101,41676283,Disponible,2026-09-20
Antony,Betis,Desc,76,57348237,56834951,Disponible,2026-09-20
Arda Güler,Real Madrid,Desc,99,99332298,97391466,Disponible,2026-09-20
Arnau Comas,Deportivo,Desc,0,494750,495299,Disponible,2026-09-20
Arnau Ortiz,Atlético,Desc,15,867529,877062,Disponible,2026-09-20
Arnaut Danjuma,Valencia,Desc,28,4462582,4461852,Disponible,2026-09-20
Arouna Sangante,Sevilla,Desc,16,7398581,7588339,Disponible,2026-09-20
Arsen Zakharyan,Real Sociedad,Desc,2,571040,574768,Disponible,2026-09-20
Asier Bonel,Osasuna,Desc,0,640125,646732,Disponible,2026-09-20
Asier Osambela,Osasuna,Desc,31,455535,454450,Disponible,2026-09-20
Asier Villalibre,Racing,Desc,16,3550141,3644104,Disponible,2026-09-20
Augusto Batalla,Rayo,Desc,21,15648518,16116068,Lesionado,2026-09-20
Aurélien Tchouaméni,Real Madrid,Desc,16,21982289,22061093,Disponible,2026-09-20
Axel Tape,Levante,Desc,0,1710560,1761768,Disponible,2026-09-20
Aymeric Laporte,Athletic,Desc,45,41756714,42185342,Disponible,2026-09-20
Beñat Gerenabarrena,Athletic,Desc,45,3938740,3936953,Disponible,2026-09-20
Beñat Prados,Athletic,Desc,0,684948,693422,Disponible,2026-09-20
Beñat Turrientes,Real Sociedad,Desc,43,6932367,7046742,Disponible,2026-09-20
Bernardo Silva,Real Madrid,Desc,34,37863731,38718382,Disponible,2026-09-20
Bil Nsongo,Deportivo,Desc,29,7754189,7727155,Disponible,2026-09-20
Borja Iglesias,Celta,Desc,2,12169520,12484770,Disponible,2026-09-20
Borja Mayoral,Getafe,Desc,1,1287515,1321096,Disponible,2026-09-20
Boyomo,Osasuna,Desc,16,13516662,13913136,Disponible,2026-09-20
Brian Fariñas,Barcelona,Desc,0,601763,606771,Disponible,2026-09-20
Bright Ede,Deportivo,Desc,19,3737717,3831092,Disponible,2026-09-20
Buba Sangaré,Elche,Desc,23,3620177,3710535,Duda,2026-09-20
Carl Starfelt,Celta,Desc,29,9297908,9525661,Disponible,2026-09-20
Carles Aleñá,Alavés,Desc,24,2867922,2913984,Disponible,2026-09-20
Carlos Dotor,Málaga,Desc,56,4851830,4813590,Disponible,2026-09-20
Carlos Espí,Real Madrid,Desc,27,13937154,13861383,Disponible,2026-09-20
Carlos López,Málaga,Desc,0,417787,415130,Disponible,2026-09-20
Carlos Macià,Villarreal,Desc,13,606760,611976,Disponible,2026-09-20
Carlos Puga,Málaga,Desc,23,3430323,3511649,Disponible,2026-09-20
Carlos Romero,Villarreal,Desc,19,20786786,21284956,Disponible,2026-09-20
Carlos Soler,Real Sociedad,Desc,48,30205408,30447455,Disponible,2026-09-20
César Tárrega,Valencia,Desc,36,7861424,8104354,Lesionado,2026-09-20
Cheikh Thiam,Villarreal,Desc,0,572421,576207,Disponible,2026-09-20
Chidera Ejuke,Sevilla,Desc,24,6011061,6098004,Disponible,2026-09-20
Chupete,Málaga,Desc,33,23876313,24534708,Disponible,2026-09-20
Clemens Riedel,Espanyol,Desc,30,5866560,5884515,Disponible,2026-09-20
Coke Carrillo,Celta,Desc,0,1567556,0,Disponible,2026-09-20
Couhaib Driouech,Celta,Desc,11,2548228,2619316,Disponible,2026-09-20
Cristian Rivero,Valencia,Desc,0,442606,440983,Disponible,2026-09-20
Cristian Romero,Atlético,Desc,39,34885399,33780983,Disponible,2026-09-20
Dakonam Djené,Getafe,Desc,31,17326370,16983641,Disponible,2026-09-20
Dani Cárdenas,Rayo,Desc,13,1246996,1274346,Disponible,2026-09-20
Dani Ceballos,Betis,Desc,14,18696958,19011592,Disponible,2026-09-20
Dani Lorenzo,Málaga,Desc,37,10880471,11074688,Disponible,2026-09-20
Dani Martínez,Atlético,Desc,12,506031,507050,Disponible,2026-09-20
Dani Olmo,Barcelona,Desc,63,47870368,47626566,Disponible,2026-09-20
Dani Requena,Levante,Desc,8,872311,888592,Disponible,2026-09-20
Daniel Raba,Valencia,Desc,2,720863,730834,Disponible,2026-09-20
David Hancko,Atlético,Desc,48,39206478,39206298,Disponible,2026-09-20
David Larrubia,Málaga,Desc,67,24394111,24987051,Disponible,2026-09-20
David Mella,Deportivo,Desc,5,1686346,1733762,Disponible,2026-09-20
David Otorbi,Valencia,Desc,20,614923,615466,Disponible,2026-09-20
David Soria,Getafe,Desc,67,36077441,35881249,Disponible,2026-09-20
Davinchi,Getafe,Desc,4,1330317,1365682,Disponible,2026-09-20
Dean Huijsen,Real Madrid,Desc,48,54400425,55096380,Disponible,2026-09-20
Denis Suárez,Alavés,Desc,46,2879727,2814520,Disponible,2026-09-20
Denzel Dumfries,Real Madrid,Desc,33,30866878,31470347,Disponible,2026-09-20
Diego Conde,Betis,Desc,0,1196771,1226571,Disponible,2026-09-20
Diego Ferrer,Getafe,Desc,0,494641,495186,Disponible,2026-09-20
Diego Rico,Osasuna,Desc,2,2069878,2132506,Disponible,2026-09-20
Diego Villares,Deportivo,Desc,8,1095131,1120696,Disponible,2026-09-20
Dimitri Foulquier,Valencia,Desc,0,892767,909900,Lesionado,2026-09-20
Dominik Livakovic,Barcelona,Desc,6,2415907,2401209,Disponible,2026-09-20
Eder Aller,Barcelona,Desc,0,702705,702705,Disponible,2026-09-20
Edu Altozano,Sevilla,Desc,0,469318,468808,Disponible,2026-09-20
Edu Expósito,Espanyol,Desc,83,32595207,32566351,Disponible,2026-09-20
Eduardo Camavinga,Real Madrid,Desc,19,8331457,8489414,Disponible,2026-09-20
Einar Galilea,Málaga,Desc,30,5724549,5753821,Disponible,2026-09-20
Emil Audero,Rayo,Desc,33,5205387,5251258,Disponible,2026-09-20
Endrick,Real Madrid,Desc,0,3221922,3296012,Disponible,2026-09-20
Eneko Jauregi,Málaga,Desc,2,642242,648937,Disponible,2026-09-20
Enes Ünal,Getafe,Desc,23,16398856,16784703,Disponible,2026-09-20
Eric Garcia,Barcelona,Desc,49,44542905,45092832,Disponible,2026-09-20
Ezequiel Ponce,Elche,Desc,10,855354,870928,Disponible,2026-09-20
Facundo Bernal,Betis,Desc,45,13810192,13961272,Disponible,2026-09-20
Facundo Buonanotte,Elche,Desc,35,3562448,3634333,Disponible,2026-09-20
Federico Redondo,Elche,Desc,55,1318733,1329793,Disponible,2026-09-20
Federico Valverde,Real Madrid,Desc,62,63866856,64350680,Disponible,2026-09-20
Félix Correia,Sevilla,Desc,23,5446289,5519274,Disponible,2026-09-20
Ferran Jutglà,Celta,Desc,30,9006711,8840456,Disponible,2026-09-20
Filip Ugrinic,Valencia,Desc,70,3397845,3422900,Disponible,2026-09-20
Florian Lejeune,Rayo,Desc,40,19144786,19548189,Disponible,2026-09-20
Fran García,Betis,Desc,35,30066824,30348227,Disponible,2026-09-20
Fran González,Sevilla,Desc,0,491506,491920,Disponible,2026-09-20
Gabriel Moscardo,Espanyol,Desc,21,3413628,3516086,Disponible,2026-09-20
Gabriel Suazo,Sevilla,Desc,62,5947071,5652738,Disponible,2026-09-20
Georges Mikautadze,Villarreal,Desc,50,50778227,51725976,Disponible,2026-09-20
Georgiy Tsitaishvili,Rayo,Desc,19,1236213,1267479,Disponible,2026-09-20
Gerard Martín,Barcelona,Desc,65,48667587,49437956,Disponible,2026-09-20
Germán Parreño,Deportivo,Desc,0,467416,466826,Disponible,2026-09-20
Germán Valera,Elche,Desc,84,12882725,12816808,Disponible,2026-09-20
Giacomo Quagliata,Deportivo,Desc,26,4028495,4018840,Disponible,2026-09-20
Giorgi Guliashvili,Racing,Desc,2,815311,829217,Disponible,2026-09-20
Giorgi Kochorashvili,Sevilla,Desc,28,6377060,6501275,Disponible,2026-09-20
Giovani Lo Celso,Betis,Desc,4,13307967,13662014,Disponible,2026-09-20
Gnangoro Bouare,Rayo,Desc,28,837721,852561,Disponible,2026-09-20
Gonçalo Guedes,Real Sociedad,Desc,27,16950891,17175785,Disponible,2026-09-20
Gonzalo Villar,Elche,Desc,85,10077964,10109469,Disponible,2026-09-20
Gorka Carrera,Real Sociedad,Desc,0,518212,519739,Disponible,2026-09-20
Gorka Guruzeta,Athletic,Desc,5,7525621,7738999,Duda,2026-09-20
Grady Diangana,Elche,Desc,0,607003,612230,Disponible,2026-09-20
Grégoire Swiderski,Alavés,Desc,0,469736,469243,Disponible,2026-09-20
Hamza Abdelkarim,Barcelona,Desc,2,2706408,2765080,Disponible,2026-09-20
Héctor Bellerín,Betis,Desc,50,17268328,17234164,Disponible,2026-09-20
Héctor Fort,Real Sociedad,Desc,3,3114971,3183205,Disponible,2026-09-20
Hugo Burcio,Celta,Desc,7,564311,567759,Disponible,2026-09-20
Hugo Duro,Valencia,Desc,13,4772428,4867107,Disponible,2026-09-20
Hugo González,Celta,Desc,56,1761063,1705506,Disponible,2026-09-20
Hugo Novoa,Alavés,Desc,0,546007,548692,Disponible,2026-09-20
Hugo Pérez,Racing,Desc,0,699182,708249,Disponible,2026-09-20
Hugo Rincón,Athletic,Desc,4,1380024,1417460,Disponible,2026-09-20
Hugo Sotelo,Levante,Desc,9,795236,808306,Lesionado,2026-09-20
Iago Aspas,Celta,Desc,21,5658340,5814802,Lesionado,2026-09-20
Ibai Aguirre,R. Sociedad B,Desc,0,602257,602257,Disponible,2026-09-20
Ibrahima Konaté,Real Madrid,Desc,12,38001994,38603727,Disponible,2026-09-20
Ifeanyi Ndukwe,Levante,Desc,2,1332698,1368162,Disponible,2026-09-20
Igor Galdin,Levante,Desc,0,488030,488299,Disponible,2026-09-20
Igor Zubeldia,Real Sociedad,Desc,36,10959886,11127753,Lesionado,2026-09-20
Iker Córdoba,Valencia,Desc,6,949828,968709,Disponible,2026-09-20
Iker Losada,Betis,Desc,0,1017517,1039848,Disponible,2026-09-20
Iker Luque,Racing,Desc,10,1245995,1277846,Disponible,2026-09-20
Iker Monreal,Athletic,Desc,0,564311,567759,Disponible,2026-09-20
Iker Muñoz,Sevilla,Desc,41,469318,468808,Disponible,2026-09-20
Iker Muñoz,Osasuna,Desc,41,1973947,2003201,Disponible,2026-09-20
Iker Muñoz,Sevilla,Desc,0,469318,468808,Disponible,2026-09-20
Iker Muñoz,Osasuna,Desc,0,1973947,2003201,Disponible,2026-09-20
Ilaix Moriba,Celta,Desc,66,8132562,7969911,Disponible,2026-09-20
Ilias Akhomach,Villarreal,Desc,15,2381469,2374091,Disponible,2026-09-20
Iñigo Arguibide,Osasuna,Desc,25,3400504,3459322,Disponible,2026-09-20
Íñigo Sainz-Maza,Racing,Desc,12,504880,505851,Disponible,2026-09-20
Iñigo Vicente,Racing,Desc,78,33524773,33461408,Disponible,2026-09-20
Ionut Radu,Celta,Desc,82,41637145,41681485,Disponible,2026-09-20
Isaac Romero,Sevilla,Desc,24,5336220,5446557,Disponible,2026-09-20
Iván Alonso,Rayo,Desc,0,460190,459299,Disponible,2026-09-20
Iván Azón,Getafe,Desc,16,3986262,4071807,Disponible,2026-09-20
Iván Balliu,Rayo,Desc,0,602167,607192,Disponible,2026-09-20
Iván Martín,Racing,Desc,55,7544028,7707196,Disponible,2026-09-20
Iván Romero,Levante,Desc,43,6166687,6178151,Disponible,2026-09-20
Iván Villar,Celta,Desc,0,559314,562553,Disponible,2026-09-20
Izan Merino,Málaga,Desc,31,3584811,3659043,Disponible,2026-09-20
Jan Oblak,Atlético,Desc,53,46015994,45713742,Disponible,2026-09-20
Jaume Durá,Valencia,Desc,0,730670,741049,Disponible,2026-09-20
Javi Galán,Celta,Desc,23,7451779,7631622,Disponible,2026-09-20
Javi Guerra,Valencia,Desc,38,19939411,19702280,Disponible,2026-09-20
Javi Morcillo,Elche,Desc,47,734591,725871,Disponible,2026-09-20
Javi Navarro,Real Madrid,Desc,0,702622,702622,Disponible,2026-09-20
Javi Rodríguez,Celta,Desc,16,7705064,7925103,Disponible,2026-09-20
Javi Rueda,Celta,Desc,42,5268073,5133073,Disponible,2026-09-20
Javier Hernández,Espanyol,Desc,70,17483662,17330264,Disponible,2026-09-20
Jean Ives Valou,Getafe,Desc,-5,469318,468808,Disponible,2026-09-20
Jeanuël Belocian,Racing,Desc,6,3087935,3147224,Disponible,2026-09-20
Jeremy Toljan,Levante,Desc,2,1847621,1900986,Disponible,2026-09-20
Jesús Areso,Athletic,Desc,47,4223680,4276181,Disponible,2026-09-20
Jesús Vázquez,Valencia,Desc,25,1595797,1630339,Disponible,2026-09-20
Jiri Letácek,Getafe,Desc,0,491978,492412,Disponible,2026-09-20
Joan Garcia,Barcelona,Desc,56,68281939,69968819,Duda,2026-09-20
Joao Cancelo,Barcelona,Desc,20,29771402,29428615,Disponible,2026-09-20
Job Ochieng,Real Sociedad,Desc,29,1213445,1226822,Disponible,2026-09-20
Johan Mojica,Getafe,Desc,61,14614220,14845139,Disponible,2026-09-20
Johnny Cardoso,Atlético,Desc,16,2973190,2899611,Disponible,2026-09-20
Jon Ander Olasagasti,Levante,Desc,67,9408817,9479558,Disponible,2026-09-20
Jon Aramburu,Real Sociedad,Desc,56,19707371,19783341,Disponible,2026-09-20
Jon Gorrotxategi,Real Sociedad,Desc,4,2516439,2586040,Disponible,2026-09-20
Jon Guridi,Sevilla,Desc,38,6740343,6732071,Disponible,2026-09-20
Jon Martín,Real Sociedad,Desc,19,23906689,24333979,Disponible,2026-09-20
Jon Moncayola,Osasuna,Desc,50,7271953,7409434,Disponible,2026-09-20
Jon Pacheco,Real Sociedad,Desc,3,1601072,1647452,Disponible,2026-09-20
Jonathan Asp Jensen,Deportivo,Desc,26,3684456,3777622,Disponible,2026-09-20
Jonathan David,Atlético,Desc,43,34103034,32752247,Disponible,2026-09-20
Jonathan Dubasin,Osasuna,Desc,22,6337579,6512188,Disponible,2026-09-20
Jones El-Abdellaoui,Celta,Desc,12,790165,803023,Duda,2026-09-20
Jordi Pesquer,Barcelona,Desc,0,600000,600000,Disponible,2026-09-20
Jorge Cabello,Levante,Desc,0,521431,523092,Disponible,2026-09-20
Jorge Castellanos,Racing,Desc,0,487951,488217,Disponible,2026-09-20
Jorge Castillo,Atlético,Desc,0,1000000,1000000,Disponible,2026-09-20
Jorge Cestero,Real Madrid,Desc,0,486244,486439,Disponible,2026-09-20
Jorge Domínguez,Atlético,Desc,2,1934772,1993310,Disponible,2026-09-20
Jorge Herrando,Osasuna,Desc,24,1335254,1370824,Lesionado,2026-09-20
Jorge Salinas,Racing,Desc,62,6841192,6949404,Disponible,2026-09-20
José Ángel Carmona,Sevilla,Desc,3,1834533,1886728,Disponible,2026-09-20
José Gayà,Valencia,Desc,39,7685788,7651605,Disponible,2026-09-20
José María Giménez,Deportivo,Desc,17,10759594,10340446,Disponible,2026-09-20
José Salinas,Málaga,Desc,14,937446,946651,Disponible,2026-09-20
Joseph Otu,Málaga,Desc,0,625207,631192,Disponible,2026-09-20
Jozhua Vertrouwd,Rayo,Desc,-1,632702,638999,Duda,2026-09-20
Juan Berrocal,Málaga,Desc,0,729751,740092,Disponible,2026-09-20
Juan Carlos Arana,Racing,Desc,1,513418,514745,Disponible,2026-09-20
Juan Cruz,Málaga,Desc,26,6584692,6753795,Disponible,2026-09-20
Juan Foyth,Villarreal,Desc,28,12011730,12266900,Disponible,2026-09-20
Juan Iglesias,Sevilla,Desc,81,15838346,15162486,Disponible,2026-09-20
Juan Musso,Atlético,Desc,0,1911360,1961368,Disponible,2026-09-20
Juani,Málaga,Desc,0,1002303,1024000,Disponible,2026-09-20
Jude Bellingham,Real Madrid,Desc,116,121621879,121533368,Disponible,2026-09-20
Julen Agirrezabala,Racing,Desc,76,22419593,21622307,Disponible,2026-09-20
Julen Lobete,Málaga,Desc,0,510767,511984,Lesionado,2026-09-20
Jules Koundé,Barcelona,Desc,14,25952494,26483653,Disponible,2026-09-20
Julio Díaz,Sevilla,Desc,1,435776,433868,Disponible,2026-09-20
Karim Adeyemi,Barcelona,Desc,64,58560883,55445347,Disponible,2026-09-20
Karl Etta Eyong,Levante,Desc,10,11582272,11931136,Lesionado,2026-09-20
Kevin Sánchez,Deportivo,Desc,0,547170,549904,Disponible,2026-09-20
Kike Barja,Osasuna,Desc,31,1506888,1535488,Disponible,2026-09-20
Kike Ribes,Celta Fortuna,Desc,0,600000,600000,Disponible,2026-09-20
Kike Salas,Sevilla,Desc,49,10684734,10304801,Disponible,2026-09-20
Kiko Femenia,Getafe,Desc,2,1815403,1870661,Lesionado,2026-09-20
Kylian Mbappé,Real Madrid,Desc,144,147804054,146181082,Disponible,2026-09-20
Lamine Yamal,Barcelona,Desc,157,147426562,145305286,Disponible,2026-09-20
Laro Gómez,Racing,Desc,0,602234,602234,Disponible,2026-09-20
Leandro Cabrera,Espanyol,Desc,31,11450598,11514320,Disponible,2026-09-20
Leo Román,Deportivo,Desc,51,36483816,36442767,Disponible,2026-09-20
Logan Costa,Villarreal,Desc,-2,637461,643957,Disponible,2026-09-20
Lorenzo Amatucci,Deportivo,Desc,66,17470715,17714478,Disponible,2026-09-20
Lucas Boyé,Alavés,Desc,77,30602314,29931257,Disponible,2026-09-20
Lucas Cepeda,Elche,Desc,42,1340979,1264336,Disponible,2026-09-20
Lucas Noubi,Deportivo,Desc,47,15725773,15791216,Disponible,2026-09-20
Lucas Stassin,Sevilla,Desc,27,16899546,17408878,Duda,2026-09-20
Lucas Torró,Osasuna,Desc,19,1383315,1419787,Disponible,2026-09-20
Lucien Agoume,Sevilla,Desc,81,11701604,11209214,Disponible,2026-09-20
Luis Rioja,Valencia,Desc,20,5317815,5418401,Disponible,2026-09-20
Luiz Junior,Villarreal,Desc,8,23670302,24300892,Disponible,2026-09-20
Luken Beitia,Real Sociedad,Desc,-5,454274,453137,Disponible,2026-09-20
Manel Usedo,Levante,Desc,0,515713,517136,Disponible,2026-09-20
Manu Bueno,Sevilla,Desc,5,520243,521855,Disponible,2026-09-20
Manu González,Betis,Desc,0,581691,581691,Disponible,2026-09-20
Manu Hernando,Racing,Desc,22,2242400,2301100,Disponible,2026-09-20
Manu Sánchez,Levante,Desc,57,5268288,5376753,Disponible,2026-09-20
Manuel Ángel Castillo,Sevilla,Desc,0,900000,900000,Disponible,2026-09-20
Marash Kumbulla,Rayo,Desc,0,1920982,1979603,Disponible,2026-09-20
Marc Aguado,Elche,Desc,32,3729407,3828821,Disponible,2026-09-20
Marc Bartra,Betis,Desc,70,39075668,39001730,Disponible,2026-09-20
Marc Bernal,Barcelona,Desc,54,27074637,26562948,Disponible,2026-09-20
Marc Casadó,Deportivo,Desc,10,6754180,6597800,Disponible,2026-09-20
Marc Cucurella,Real Madrid,Desc,30,53566195,54324791,Disponible,2026-09-20
Marc Roca,Betis,Desc,52,14933719,14658511,Disponible,2026-09-20
Marc Santos,Levante,Desc,3,543477,546057,Disponible,2026-09-20
Marcão,Sevilla,Desc,0,475901,475665,Disponible,2026-09-20
Marco Román,Rayo,Desc,0,515713,517136,Disponible,2026-09-20
Marcos Navarro,Valencia,Desc,0,501909,501909,Disponible,2026-09-20
Mario Martín,Getafe,Desc,28,2458661,2529955,Disponible,2026-09-20
Mario Rivas,Real Madrid,Desc,0,700000,700000,Disponible,2026-09-20
Marko Dmitrovic,Espanyol,Desc,73,40759697,41094752,Disponible,2026-09-20
Maroan Sannadi,Athletic,Desc,6,431802,429728,Disponible,2026-09-20
Martim Neto,Elche,Desc,13,942300,961497,Disponible,2026-09-20
Martín Satriano,Getafe,Desc,38,18564178,18945081,Disponible,2026-09-20
Mathew Ryan,Levante,Desc,68,30291742,30305156,Disponible,2026-09-20
Matia Barzic,Elche,Desc,3,518481,520019,Disponible,2026-09-20
Matías Dituro,Elche,Desc,25,9421635,9351325,Disponible,2026-09-20
Matteo Prati,Racing,Desc,33,2719517,2797293,Disponible,2026-09-20
Mauro Echegoyen,Osasuna,Desc,0,475555,475305,Disponible,2026-09-20
Miguel Cubo,Atlético,Desc,0,476999,476809,Disponible,2026-09-20
Miguel Loureiro,Deportivo,Desc,30,1972472,1958183,Disponible,2026-09-20
Miguel Román,Celta,Desc,76,13182057,12856925,Disponible,2026-09-20
Miguel Sierra,Sevilla,Desc,82,6762751,6217148,Disponible,2026-09-20
Mikel Jauregizar,Athletic,Desc,35,13020146,13337056,Disponible,2026-09-20
Mikel Oyarzabal,Real Sociedad,Desc,42,51708990,52414869,Disponible,2026-09-20
Mikel Rodriguez,Alavés,Desc,39,1881198,1936624,Lesionado,2026-09-20
Moi Gómez,Osasuna,Desc,37,3188915,3254255,Duda,2026-09-20
Morten Hjulmand,Atlético,Desc,51,21153713,21488074,Disponible,2026-09-20
Mouctar Diakhaby,Valencia,Desc,12,2865320,2953056,Lesionado,2026-09-20
Nacho Pérez,Levante,Desc,47,2225935,2250127,Disponible,2026-09-20
Nahuel Tenaglia,Alavés,Desc,86,33722867,34057871,Disponible,2026-09-20
Natan,Betis,Desc,73,34072495,32690516,Disponible,2026-09-20
Nathan-Dylan Saliba,Villarreal,Desc,30,6607665,6680912,Disponible,2026-09-20
Nelson Deossa,Betis,Desc,50,3549478,3262241,Disponible,2026-09-20
Nemanja Gudelj,Getafe,Desc,1,6073452,6193931,Disponible,2026-09-20
Nico Guillén,Sevilla,Desc,14,1861995,1918097,Disponible,2026-09-20
Nico Serrano,Athletic,Desc,2,536231,538509,Disponible,2026-09-20
Nicolas Pépé,Villarreal,Desc,67,58163372,59305595,Disponible,2026-09-20
Nicolás Valentini,Alavés,Desc,26,619123,624855,Disponible,2026-09-20
Obed Vargas,Atlético,Desc,0,525376,527201,Disponible,2026-09-20
Odysseas Vlachodimos,Sevilla,Desc,63,30993888,30589608,Disponible,2026-09-20
Oihan Sancet,Athletic,Desc,65,44081915,44314768,Disponible,2026-09-20
Omar El Hilali,Espanyol,Desc,51,15733866,15872587,Disponible,2026-09-20
Orel Mangala,Getafe,Desc,41,11311002,11420681,Disponible,2026-09-20
Oriol Rey,Levante,Desc,33,2321294,2315228,Disponible,2026-09-20
Orri Steinn Óskarsson,Real Sociedad,Desc,22,6630819,6766243,Disponible,2026-09-20
Óscar López,Getafe,Desc,0,730670,741049,Disponible,2026-09-20
Óscar Valentín,Rayo,Desc,50,3254864,3319543,Disponible,2026-09-20
Pablo Barrios,Atlético,Desc,49,44275034,45565025,Lesionado,2026-09-20
Pablo Durán,Celta,Desc,36,653254,660227,Disponible,2026-09-20
Pablo Fornals,Betis,Desc,40,43754695,44544655,Disponible,2026-09-20
Pablo García,Deportivo,Desc,42,468964,468964,Disponible,2026-09-20
Pablo García,Racing,Desc,42,8273730,8128809,Disponible,2026-09-20
Pablo Gavi,Barcelona,Desc,4,14359670,14684898,Disponible,2026-09-20
Pablo Ibáñez,Alavés,Desc,67,11969581,11704918,Disponible,2026-09-20
Pablo Maffeo,Valencia,Desc,20,5932526,6068873,Disponible,2026-09-20
Pablo Marín,Real Sociedad,Desc,0,703270,712508,Disponible,2026-09-20
Pablo Martínez,Málaga,Desc,42,4625160,4700389,Disponible,2026-09-20
Pablo Ramón,Racing,Desc,49,2022478,2027366,Disponible,2026-09-20
Paco Cortés,Levante,Desc,7,520885,522523,Disponible,2026-09-20
Pape Gueye,Villarreal,Desc,81,33253942,32741841,Disponible,2026-09-20
Pau Cubarsí,Barcelona,Desc,37,63296984,63758091,Disponible,2026-09-20
Pau Navarro,Villarreal,Desc,7,3826821,3885623,Disponible,2026-09-20
Pedro Bigas,Elche,Desc,-7,2047702,2107639,Disponible,2026-09-20
Pedro Díaz,Rayo,Desc,45,1153670,1168630,Disponible,2026-09-20
Pedro Felipe,Racing,Desc,-8,1014698,1036912,Disponible,2026-09-20
Peio Canales,Athletic,Desc,29,6296234,6448415,Disponible,2026-09-20
Pepelu,Valencia,Desc,67,10987747,10666058,Disponible,2026-09-20
Peque,Sevilla,Desc,21,2213456,2270745,Disponible,2026-09-20
Pere Milla,Espanyol,Desc,4,3940069,4046565,Disponible,2026-09-20
Petar Ratkov,Levante,Desc,2,2699165,2780966,Disponible,2026-09-20
Pierre-Emerick Aubameyang,Deportivo,Desc,100,102849045,101755445,Disponible,2026-09-20
Pol Lozano,Espanyol,Desc,4,984370,1005320,Disponible,2026-09-20
Quilindschy Hartman,Espanyol,Desc,12,3238404,3333008,Disponible,2026-09-20
Rafa Rodríguez,Málaga,Desc,10,2343661,2414055,Disponible,2026-09-20
Rafel Bauzà,Espanyol,Desc,16,543477,546057,Disponible,2026-09-20
Ramón Enríquez,Málaga,Desc,3,521935,523617,Disponible,2026-09-20
Ramón Terrats,Getafe,Desc,63,8920860,8986841,Disponible,2026-09-20
Randy Nteka,Rayo,Desc,10,899016,916410,Duda,2026-09-20
Raphinha,Barcelona,Desc,183,145008234,142810735,Disponible,2026-09-20
Raúl Asencio,Real Madrid,Desc,0,1804648,1841357,Disponible,2026-09-20
Raúl García,Osasuna,Desc,29,1462336,1484513,Disponible,2026-09-20
Raúl Jiménez,Valencia,Desc,0,1561503,0,Disponible,2026-09-20
Raul Moro,Osasuna,Desc,13,7588357,7793550,Duda,2026-09-20
Renato Veiga,Villarreal,Desc,24,22917993,22812036,Disponible,2026-09-20
Robbie Ure,Sevilla,Desc,18,10426009,10687227,Disponible,2026-09-20
Robert Navarro,Athletic,Desc,76,9786580,9353482,Disponible,2026-09-20
Robin Le Normand,Atlético,Desc,40,10164353,9830696,Disponible,2026-09-20
Rockson Yeboah,Osasuna,Desc,8,817286,831274,Disponible,2026-09-20
Rodrigo Gamón,Valencia,Desc,0,800000,800000,Disponible,2026-09-20
Rodrigo Mendoza,Atlético,Desc,23,904736,922368,Disponible,2026-09-20
Rodrigo Riquelme,Betis,Desc,66,18923781,18627542,Disponible,2026-09-20
Roger Hinojo,Espanyol,Desc,43,4750401,4851776,Disponible,2026-09-20
Romain Del Castillo,Osasuna,Desc,3,8841265,9110207,Disponible,2026-09-20
Roy Revivo,Elche,Desc,22,3483637,3473202,Disponible,2026-09-20
Rubén Gómez,Villarreal,Desc,0,461228,460381,Disponible,2026-09-20
Rubén Sánchez,Elche,Desc,10,434901,432957,Disponible,2026-09-20
Rubén Vargas,Sevilla,Desc,2,9198127,9474272,Duda,2026-09-20
Ryunosuke Sato,Valencia,Desc,20,6545142,6735474,Disponible,2026-09-20
Saba Sazonov,Getafe,Desc,9,707436,716847,Disponible,2026-09-20
Salvi Esquivel,Atlético,Desc,0,517913,519427,Disponible,2026-09-20
Samu Becerra,Rayo,Desc,0,548880,551685,Disponible,2026-09-20
Santi Comesaña,Villarreal,Desc,39,15113841,15573188,Lesionado,2026-09-20
Santiago Mouriño,Villarreal,Desc,18,16535684,16982672,Disponible,2026-09-20
Sebastián Boselli,Getafe,Desc,3,1107350,1133424,Disponible,2026-09-20
Sebastián Cáceres,Celta,Desc,25,4815269,4922973,Disponible,2026-09-20
Selu Diallo,Alavés,Desc,0,565119,568600,Disponible,2026-09-20
Sergio Camello,Rayo,Desc,113,22966123,21469702,Disponible,2026-09-20
Sergio Canales,Racing,Desc,67,28517274,28884716,Disponible,2026-09-20
Sergio Carreira,Celta,Desc,30,7790658,7751774,Disponible,2026-09-20
Sergio Gómez,Real Sociedad,Desc,38,16680499,16764788,Disponible,2026-09-20
Sergio Herrera,Osasuna,Desc,19,31421390,32065516,Disponible,2026-09-20
Sergio José Lozano,Rayo,Desc,0,487951,488217,Disponible,2026-09-20
Sergio Martínez,Real Madrid,Desc,28,1321651,1356521,Disponible,2026-09-20
Sergio Mestre,Real Madrid,Desc,0,677860,677860,Disponible,2026-09-20
Simon Eriksson,Racing,Desc,0,1170708,1199422,Duda,2026-09-20
Stole Dimitrievski,Valencia,Desc,61,21336992,21028179,Disponible,2026-09-20
Takefusa Kubo,Real Sociedad,Desc,23,19166763,19538433,Disponible,2026-09-20
Tani Oluwaseyi,Villarreal,Desc,8,1152671,1180634,Disponible,2026-09-20
Tete Morente,Elche,Desc,46,2748724,2619650,Disponible,2026-09-20
Theo Folgado,Real Sociedad,Desc,0,702606,702606,Disponible,2026-09-20
Thibaut Courtois,Real Madrid,Desc,46,60458081,60800172,Disponible,2026-09-20
Thomas Lemar,Elche,Desc,28,4000351,3969078,Disponible,2026-09-20
Toni Martinez,Alavés,Desc,31,17723233,18032641,Disponible,2026-09-20
Trent Alexander-Arnold,Real Madrid,Desc,37,21226077,21389235,Disponible,2026-09-20
Tyrhys Dolan,Espanyol,Desc,27,15482409,15718006,Disponible,2026-09-20
Umar Sadiq,Valencia,Desc,19,2925295,3012481,Lesionado,2026-09-20
Unai López,Rayo,Desc,84,16063115,15808402,Disponible,2026-09-20
Unai Marrero,Real Sociedad,Desc,23,778164,790522,Disponible,2026-09-20
Unai Santos,Osasuna,Desc,2,488834,489137,Disponible,2026-09-20
Unai Simón,Athletic,Desc,72,48253214,48744402,Disponible,2026-09-20
Valentín Gómez,Betis,Desc,38,1710757,1653804,Disponible,2026-09-20
Vanja Drkusic,Espanyol,Desc,11,1686016,1734975,Disponible,2026-09-20
Víctor Chust,Elche,Desc,14,4279557,4340348,Disponible,2026-09-20
Víctor García,Levante,Desc,4,896613,913907,Disponible,2026-09-20
Ville Koski,Alavés,Desc,70,14607008,13765924,Disponible,2026-09-20
Williot Swedberg,Celta,Desc,43,4306685,4413893,Disponible,2026-09-20
Wojciech Szczesny,Barcelona,Desc,-5,1315067,1281970,Disponible,2026-09-20
Xanet Oláiz,Alavés,Desc,2,470680,470226,Disponible,2026-09-20
Xavi Espart,Barcelona,Desc,79,37149832,35097986,Disponible,2026-09-20
Yangel Herrera,Real Sociedad,Desc,46,5193290,5142181,Disponible,2026-09-20
Yanis Musuayi,Levante,Desc,0,1077852,1102697,Disponible,2026-09-20
Yassir Zabiri,Racing,Desc,70,16138511,15170368,Disponible,2026-09-20
Yoel Lago,Celta,Desc,63,6926753,6550633,Disponible,2026-09-20
Youssouf Fofana,Sevilla,Desc,41,15190207,15093840,Disponible,2026-09-20
Zaid Romero,Getafe,Desc,37,24854223,24838123,Disponible,2026-09-20
Zakaria Eddahchouri,Deportivo,Desc,15,913191,928911,Disponible,2026-09-20
Llorenç Serred,Espanyol,Desc,0,460582,460210,Disponible,2026-09-21
Aaron Ndive Mayol,Valencia,Desc,4,696143,699481,Disponible,2026-09-21
Abde Rebbach,Alavés,Desc,63,5177955,5164607,Duda,2026-09-21
Abdel Abqar,Getafe,Desc,6,3400057,3505771,Duda,2026-09-21
Abdoulaye Faye,Celta,Desc,3,1696109,1747218,Disponible,2026-09-21
Abel Bretones,Osasuna,Desc,31,9546704,9749083,Disponible,2026-09-21
Abiel Osorio,Elche,Desc,23,729955,737226,Disponible,2026-09-21
Adam Aznou,Málaga,Desc,0,1017279,0,Disponible,2026-09-21
Adama Timera,Espanyol,Desc,0,487213,487951,Disponible,2026-09-21
Ademola Lookman,Atlético,Desc,33,44984416,45798532,Disponible,2026-09-21
Adrià Altimira,Deportivo,Desc,15,4069594,4170410,Disponible,2026-09-21
Adrià Pedrosa,Rayo,Desc,36,2513676,2477268,Disponible,2026-09-21
Adrián Molina,Rayo,Desc,0,508049,509655,Disponible,2026-09-21
Adrián Niño,Málaga,Desc,11,1023530,1046614,Disponible,2026-09-21
Aimar Blázquez,Valencia,Desc,0,580962,581656,Disponible,2026-09-21
Aimar Oroz,Osasuna,Desc,17,7789827,8017886,Duda,2026-09-21
Aissa Mandi,Levante,Desc,50,12375251,12639060,Disponible,2026-09-21
Aitor Fraga,Real Sociedad,Desc,0,601574,602234,Disponible,2026-09-21
Aitor Mañas,Alavés,Desc,6,454503,453878,Duda,2026-09-21
Aitor Paredes,Athletic,Desc,58,13069909,12721898,Disponible,2026-09-21
Alassane Diatta,Villarreal,Desc,0,457980,457500,Disponible,2026-09-21
Alberto Calatrava,Levante,Desc,0,567169,571238,Disponible,2026-09-21
Alberto Moleiro,Villarreal,Desc,65,38997829,38363242,Disponible,2026-09-21
Alberto Risco,Getafe,Desc,3,492387,493341,Disponible,2026-09-21
Aleix Febas,Celta,Desc,19,13322127,13701148,Disponible,2026-09-21
Alejandro Balde,Barcelona,Desc,5,10502895,10790129,Disponible,2026-09-21
Alejandro Catena,Osasuna,Desc,41,30508927,31255250,Disponible,2026-09-21
Alejandro Iturbe,Elche,Desc,0,522993,525222,Disponible,2026-09-21
Alejandro Panach,Valencia,Desc,0,488190,488969,Disponible,2026-09-21
Alejandro Rego,Athletic,Desc,0,1774618,1828782,Disponible,2026-09-21
Alemão,Rayo,Desc,12,1426181,1466043,Disponible,2026-09-21
Álex Baena,Atlético,Desc,97,64874440,64042225,Disponible,2026-09-21
Álex Berenguer,Athletic,Desc,55,11338171,11476186,Disponible,2026-09-21
Álex Calatrava,Espanyol,Desc,51,5767074,5905972,Disponible,2026-09-21
Alex Freeman,Villarreal,Desc,19,1358162,1325777,Disponible,2026-09-21
Álex Grimaldo,Atlético,Desc,69,38533314,36806774,Disponible,2026-09-21
Alex Lebarbier,Real Sociedad,Desc,0,601574,602234,Disponible,2026-09-21
Alex Marchal,Real Sociedad,Desc,11,558912,562637,Disponible,2026-09-21
Alex Padilla,Athletic,Desc,0,711452,721533,Disponible,2026-09-21
Álex Pastor,Málaga,Desc,0,417687,415528,Disponible,2026-09-21
Álex Remiro,Real Sociedad,Desc,53,37117700,37465485,Disponible,2026-09-21
Alexis Ciria,Real Madrid,Desc,0,582609,587322,Disponible,2026-09-21
Alfonso Herrero,Málaga,Desc,52,18283776,18102035,Disponible,2026-09-21
Aliou Dieng,Valencia,Desc,28,1922843,1972812,Disponible,2026-09-21
Altay Bayindir,Celta,Desc,0,1000512,1022637,Disponible,2026-09-21
Álvaro Djaló,Athletic,Desc,2,570646,574860,Disponible,2026-09-21
Álvaro Fidalgo,Betis,Desc,3,1122453,1149659,Disponible,2026-09-21
Álvaro García,Rayo,Desc,71,17899498,18196518,Disponible,2026-09-21
Álvaro Mantilla,Racing,Desc,25,1551862,1592661,Disponible,2026-09-21
Álvaro Padilla,Elche,Desc,0,613513,619513,Disponible,2026-09-21
Álvaro Valles,Betis,Desc,109,55424685,54067998,Disponible,2026-09-21
Ander Barrenetxea,Real Sociedad,Desc,32,20177915,20408905,Disponible,2026-09-21
Ander Guevara,Alavés,Desc,17,589427,594424,Disponible,2026-09-21
Andoni Gorosabel,Espanyol,Desc,0,983436,1004850,Disponible,2026-09-21
André Almeida,Racing,Desc,9,1147827,1175870,Disponible,2026-09-21
Andrei Ratiu,Rayo,Desc,43,22331837,22763060,Disponible,2026-09-21
Andrés Antañón,Celta,Desc,3,545705,548880,Duda,2026-09-21
Andrés Castrín,Sevilla,Desc,54,6317578,5945150,Disponible,2026-09-21
Andrés Céspedes,Málaga,Desc,0,401049,401498,Disponible,2026-09-21
Andrés García,Getafe,Desc,38,7487687,7540987,Disponible,2026-09-21
Andrés Martín,Racing,Desc,30,11069943,11405985,Lesionado,2026-09-21
Andrés Vallecillo,Racing,Desc,0,486721,487438,Disponible,2026-09-21
Andriy Lunin,Real Madrid,Desc,0,1133941,1158455,Disponible,2026-09-21
Ángel Fortuño,Espanyol,Desc,0,454901,454293,Disponible,2026-09-21
Ángel Ortiz,Betis,Desc,29,918400,937104,Disponible,2026-09-21
Ángel Pérez,Alavés,Desc,75,25295671,24441095,Disponible,2026-09-21
Angel Recio,Málaga,Desc,24,2306643,2267047,Disponible,2026-09-21
Angeliño,Deportivo,Desc,-1,7077224,7291522,Disponible,2026-09-21
Ante Budimir,Osasuna,Desc,94,60291587,60151925,Disponible,2026-09-21
Anthony Gordon,Barcelona,Desc,52,78625922,80242223,Disponible,2026-09-21
Antonio Blanco,Alavés,Desc,56,18973441,19322034,Disponible,2026-09-21
Antonio Rüdiger,Real Madrid,Desc,25,18936556,19148179,Disponible,2026-09-21
Antonio Sivera,Alavés,Desc,98,42047083,41525101,Disponible,2026-09-21
Antony,Betis,Desc,76,58207451,57348237,Disponible,2026-09-21
Arda Güler,Real Madrid,Desc,99,101172886,99332298,Disponible,2026-09-21
Arnau Comas,Deportivo,Desc,0,493740,494750,Disponible,2026-09-21
Arnau Ortiz,Atlético,Desc,15,853499,867529,Disponible,2026-09-21
Arnaut Danjuma,Valencia,Desc,28,4452994,4462582,Disponible,2026-09-21
Arouna Sangante,Sevilla,Desc,16,7215137,7398581,Disponible,2026-09-21
Arsen Zakharyan,Real Sociedad,Desc,2,566978,571040,Disponible,2026-09-21
Asier Bonel,Osasuna,Desc,0,633300,640125,Disponible,2026-09-21
Asier Osambela,Osasuna,Desc,31,456094,455535,Disponible,2026-09-21
Asier Villalibre,Racing,Desc,16,3454828,3550141,Disponible,2026-09-21
Augusto Batalla,Rayo,Desc,21,15187705,15648518,Lesionado,2026-09-21
Aurélien Tchouaméni,Real Madrid,Desc,16,21855623,21982289,Disponible,2026-09-21
Axel Tape,Levante,Desc,0,1660918,1710560,Disponible,2026-09-21
Aymeric Laporte,Athletic,Desc,45,41970614,41756714,Disponible,2026-09-21
Beñat Gerenabarrena,Athletic,Desc,45,3886571,3938740,Disponible,2026-09-21
Beñat Prados,Athletic,Desc,0,676330,684948,Disponible,2026-09-21
Beñat Turrientes,Real Sociedad,Desc,43,6788965,6932367,Disponible,2026-09-21
Bernardo Silva,Real Madrid,Desc,34,37045295,37863731,Disponible,2026-09-21
Bil Nsongo,Deportivo,Desc,29,7761561,7754189,Disponible,2026-09-21
Borja Iglesias,Celta,Desc,2,11865301,12169520,Disponible,2026-09-21
Borja Mayoral,Getafe,Desc,1,1254794,1287515,Disponible,2026-09-21
Boyomo,Osasuna,Desc,16,13129830,13516662,Disponible,2026-09-21
Brian Fariñas,Barcelona,Desc,0,596473,601763,Disponible,2026-09-21
Bright Ede,Deportivo,Desc,19,3651793,3737717,Disponible,2026-09-21
Buba Sangaré,Elche,Desc,23,3516382,3620177,Duda,2026-09-21
Carl Starfelt,Celta,Desc,29,9065915,9297908,Disponible,2026-09-21
Carles Aleñá,Alavés,Desc,24,2815774,2867922,Disponible,2026-09-21
Carlos Dotor,Málaga,Desc,56,4880360,4851830,Disponible,2026-09-21
Carlos Espí,Real Madrid,Desc,27,13988216,13937154,Disponible,2026-09-21
Carlos López,Málaga,Desc,0,419856,417787,Disponible,2026-09-21
Carlos Macià,Villarreal,Desc,13,601270,606760,Disponible,2026-09-21
Carlos Puga,Málaga,Desc,23,3346856,3430323,Disponible,2026-09-21
Carlos Romero,Villarreal,Desc,19,20247145,20786786,Disponible,2026-09-21
Carlos Soler,Real Sociedad,Desc,48,29872729,30205408,Disponible,2026-09-21
César Tárrega,Valencia,Desc,36,7624185,7861424,Duda,2026-09-21
Cheikh Thiam,Villarreal,Desc,0,568304,572421,Disponible,2026-09-21
Chidera Ejuke,Sevilla,Desc,24,5911340,6011061,Disponible,2026-09-21
Chupete,Málaga,Desc,33,23224765,23876313,Disponible,2026-09-21
Clemens Riedel,Espanyol,Desc,30,5811524,5866560,Disponible,2026-09-21
Coke Carrillo,Celta,Desc,0,1567556,0,Disponible,2026-09-21
Couhaib Driouech,Celta,Desc,11,2475965,2548228,Disponible,2026-09-21
Cristian Rivero,Valencia,Desc,0,443682,442606,Disponible,2026-09-21
Cristian Romero,Atlético,Desc,39,36124412,34885399,Disponible,2026-09-21
Dakonam Djené,Getafe,Desc,31,17756259,17326370,Disponible,2026-09-21
Dani Cárdenas,Rayo,Desc,13,1215896,1246996,Disponible,2026-09-21
Dani Ceballos,Betis,Desc,14,18310031,18696958,Disponible,2026-09-21
Dani Lorenzo,Málaga,Desc,37,10686736,10880471,Disponible,2026-09-21
Dani Martínez,Atlético,Desc,12,504570,506031,Disponible,2026-09-21
Dani Olmo,Barcelona,Desc,63,47975333,47870368,Disponible,2026-09-21
Dani Requena,Levante,Desc,8,856199,872311,Disponible,2026-09-21
Daniel Raba,Valencia,Desc,2,710809,720863,Disponible,2026-09-21
David Hancko,Atlético,Desc,48,39227458,39206478,Disponible,2026-09-21
David Larrubia,Málaga,Desc,67,23782715,24394111,Disponible,2026-09-21
David Mella,Deportivo,Desc,5,1640202,1686346,Disponible,2026-09-21
David Otorbi,Valencia,Desc,20,609617,614923,Disponible,2026-09-21
David Soria,Getafe,Desc,67,36339208,36077441,Disponible,2026-09-21
Davinchi,Getafe,Desc,4,1295884,1330317,Disponible,2026-09-21
Dean Huijsen,Real Madrid,Desc,48,53526904,54400425,Disponible,2026-09-21
Denis Suárez,Alavés,Desc,46,2917427,2879727,Disponible,2026-09-21
Denzel Dumfries,Real Madrid,Desc,33,30250715,30866878,Disponible,2026-09-21
Diego Conde,Betis,Desc,0,1167680,1196771,Disponible,2026-09-21
Diego Ferrer,Getafe,Desc,0,493635,494641,Disponible,2026-09-21
Diego Rico,Osasuna,Desc,2,2008006,2069878,Disponible,2026-09-21
Diego Villares,Deportivo,Desc,8,1070106,1095131,Disponible,2026-09-21
Dimitri Foulquier,Valencia,Desc,0,875836,892767,Duda,2026-09-21
Dominik Livakovic,Barcelona,Desc,6,2483468,2415907,Disponible,2026-09-21
Eder Aller,Barcelona,Desc,0,701836,702705,Disponible,2026-09-21
Edu Altozano,Sevilla,Desc,0,469325,469318,Disponible,2026-09-21
Edu Expósito,Espanyol,Desc,83,32489518,32595207,Disponible,2026-09-21
Eduardo Camavinga,Real Madrid,Desc,19,8158433,8331457,Disponible,2026-09-21
Einar Galilea,Málaga,Desc,30,5670076,5724549,Disponible,2026-09-21
Emil Audero,Rayo,Desc,33,5195675,5205387,Disponible,2026-09-21
Endrick,Real Madrid,Desc,0,3147192,3221922,Disponible,2026-09-21
Eneko Jauregi,Málaga,Desc,2,635332,642242,Disponible,2026-09-21
Enes Ünal,Getafe,Desc,23,16007647,16398856,Disponible,2026-09-21
Eric Garcia,Barcelona,Desc,49,44078069,44542905,Disponible,2026-09-21
Ezequiel Ponce,Elche,Desc,10,839920,855354,Disponible,2026-09-21
Facundo Bernal,Betis,Desc,45,13634543,13810192,Disponible,2026-09-21
Facundo Buonanotte,Elche,Desc,35,3479067,3562448,Disponible,2026-09-21
Federico Redondo,Elche,Desc,55,1286828,1318733,Disponible,2026-09-21
Federico Valverde,Real Madrid,Desc,62,63097175,63866856,Duda,2026-09-21
Félix Correia,Sevilla,Desc,23,5430196,5446289,Disponible,2026-09-21
Ferran Jutglà,Celta,Desc,30,9242941,9006711,Disponible,2026-09-21
Filip Ugrinic,Valencia,Desc,70,3354902,3397845,Disponible,2026-09-21
Florian Lejeune,Rayo,Desc,40,18866452,19144786,Disponible,2026-09-21
Fran García,Betis,Desc,35,29670552,30066824,Disponible,2026-09-21
Fran González,Sevilla,Desc,0,490626,491506,Disponible,2026-09-21
Gabriel Moscardo,Espanyol,Desc,21,3313203,3413628,Disponible,2026-09-21
Gabriel Suazo,Sevilla,Desc,62,6218377,5947071,Disponible,2026-09-21
Georges Mikautadze,Villarreal,Desc,50,49828821,50778227,Disponible,2026-09-21
Georgiy Tsitaishvili,Rayo,Desc,19,1205545,1236213,Disponible,2026-09-21
Gerard Martín,Barcelona,Desc,65,48000706,48667587,Disponible,2026-09-21
Germán Parreño,Deportivo,Desc,0,467499,467416,Disponible,2026-09-21
Germán Valera,Elche,Desc,84,13040820,12882725,Disponible,2026-09-21
Giacomo Quagliata,Deportivo,Desc,26,4035216,4028495,Disponible,2026-09-21
Giorgi Guliashvili,Racing,Desc,2,801479,815311,Disponible,2026-09-21
Giorgi Kochorashvili,Sevilla,Desc,28,6257147,6377060,Disponible,2026-09-21
Giovani Lo Celso,Betis,Desc,4,12951170,13307967,Disponible,2026-09-21
Gnangoro Bouare,Rayo,Desc,28,822992,837721,Disponible,2026-09-21
Gonçalo Guedes,Real Sociedad,Desc,27,16715746,16950891,Disponible,2026-09-21
Gonzalo Villar,Elche,Desc,85,10063522,10077964,Disponible,2026-09-21
Gorka Carrera,Real Sociedad,Desc,0,516264,518212,Disponible,2026-09-21
Gorka Guruzeta,Athletic,Desc,5,7303556,7525621,Duda,2026-09-21
Grady Diangana,Elche,Desc,0,601503,607003,Disponible,2026-09-21
Grégoire Swiderski,Alavés,Desc,0,469727,469736,Disponible,2026-09-21
Hamza Abdelkarim,Barcelona,Desc,2,2647176,2706408,Disponible,2026-09-21
Héctor Bellerín,Betis,Desc,50,17309940,17268328,Disponible,2026-09-21
Héctor Fort,Real Sociedad,Desc,3,3049208,3114971,Disponible,2026-09-21
Hugo Burcio,Celta,Desc,7,560519,564311,Disponible,2026-09-21
Hugo Duro,Valencia,Desc,13,4681274,4772428,Disponible,2026-09-21
Hugo González,Celta,Desc,56,1921844,1761063,Disponible,2026-09-21
Hugo Novoa,Alavés,Desc,0,542947,546007,Disponible,2026-09-21
Hugo Pérez,Racing,Desc,0,689995,699182,Disponible,2026-09-21
Hugo Rincón,Athletic,Desc,4,1343603,1380024,Disponible,2026-09-21
Hugo Sotelo,Levante,Desc,9,782207,795236,Duda,2026-09-21
Iago Aspas,Celta,Desc,21,5503601,5658340,Lesionado,2026-09-21
Ibai Aguirre,R. Sociedad B,Desc,0,601574,602257,Disponible,2026-09-21
Ibrahima Konaté,Real Madrid,Desc,12,37386291,38001994,Disponible,2026-09-21
Ifeanyi Ndukwe,Levante,Desc,2,1298170,1332698,Disponible,2026-09-21
Igor Galdin,Levante,Desc,0,487289,488030,Disponible,2026-09-21
Igor Zubeldia,Real Sociedad,Desc,36,10643867,10959886,Disponible,2026-09-21
Iker Córdoba,Valencia,Desc,6,930615,949828,Disponible,2026-09-21
Iker Losada,Betis,Desc,0,995596,1017517,Disponible,2026-09-21
Iker Luque,Racing,Desc,10,1214935,1245995,Disponible,2026-09-21
Iker Monreal,Athletic,Desc,0,560519,564311,Disponible,2026-09-21
Iker Muñoz,Sevilla,Desc,41,469325,469318,Disponible,2026-09-21
Iker Muñoz,Osasuna,Desc,41,1947126,1973947,Disponible,2026-09-21
Iker Muñoz,Sevilla,Desc,0,469325,469318,Disponible,2026-09-21
Iker Muñoz,Osasuna,Desc,0,1947126,1973947,Disponible,2026-09-21
Ilaix Moriba,Celta,Desc,66,8643985,8132562,Disponible,2026-09-21
Ilias Akhomach,Villarreal,Desc,15,2409889,2381469,Disponible,2026-09-21
Iñigo Arguibide,Osasuna,Desc,25,3348757,3400504,Disponible,2026-09-21
Íñigo Sainz-Maza,Racing,Desc,12,503465,504880,Disponible,2026-09-21
Iñigo Vicente,Racing,Desc,78,33243480,33524773,Disponible,2026-09-21
Ionut Radu,Celta,Desc,82,42073621,41637145,Disponible,2026-09-21
Isaac Romero,Sevilla,Desc,24,5226778,5336220,Disponible,2026-09-21
Iván Alonso,Rayo,Desc,0,460562,460190,Disponible,2026-09-21
Iván Azón,Getafe,Desc,16,3959624,3986262,Disponible,2026-09-21
Iván Balliu,Rayo,Desc,0,596860,602167,Disponible,2026-09-21
Iván Martín,Racing,Desc,55,7382103,7544028,Disponible,2026-09-21
Iván Romero,Levante,Desc,43,6142977,6166687,Disponible,2026-09-21
Iván Villar,Celta,Desc,0,555722,559314,Disponible,2026-09-21
Izan Merino,Málaga,Desc,31,3504849,3584811,Disponible,2026-09-21
Jan Oblak,Atlético,Desc,53,46536325,46015994,Disponible,2026-09-21
Jaume Durá,Valencia,Desc,0,720223,730670,Disponible,2026-09-21
Javi Galán,Celta,Desc,23,7285092,7451779,Disponible,2026-09-21
Javi Guerra,Valencia,Desc,38,20070424,19939411,Disponible,2026-09-21
Javi Morcillo,Elche,Desc,47,747434,734591,Disponible,2026-09-21
Javi Navarro,Real Madrid,Desc,0,701836,702622,Disponible,2026-09-21
Javi Rodríguez,Celta,Desc,16,7488069,7705064,Disponible,2026-09-21
Javi Rueda,Celta,Desc,42,5340987,5268073,Disponible,2026-09-21
Javier Hernández,Espanyol,Desc,70,17466085,17483662,Disponible,2026-09-21
Jean Ives Valou,Getafe,Desc,-5,469325,469318,Disponible,2026-09-21
Jeanuël Belocian,Racing,Desc,6,3007310,3087935,Disponible,2026-09-21
Jeremy Toljan,Levante,Desc,2,1799304,1847621,Disponible,2026-09-21
Jesús Areso,Athletic,Desc,47,4157565,4223680,Disponible,2026-09-21
Jesús Vázquez,Valencia,Desc,25,1561316,1595797,Disponible,2026-09-21
Jiri Letácek,Getafe,Desc,0,491079,491978,Disponible,2026-09-21
Joan Garcia,Barcelona,Desc,56,66698281,68281939,Duda,2026-09-21
Joao Cancelo,Barcelona,Desc,20,30480051,29771402,Disponible,2026-09-21
Job Ochieng,Real Sociedad,Desc,29,1198237,1213445,Disponible,2026-09-21
Johan Mojica,Getafe,Desc,61,14466780,14614220,Disponible,2026-09-21
Johnny Cardoso,Atlético,Desc,16,3071870,2973190,Disponible,2026-09-21
Jon Ander Olasagasti,Levante,Desc,67,9282399,9408817,Disponible,2026-09-21
Jon Aramburu,Real Sociedad,Desc,56,19586839,19707371,Disponible,2026-09-21
Jon Gorrotxategi,Real Sociedad,Desc,4,2450147,2516439,Disponible,2026-09-21
Jon Guridi,Sevilla,Desc,38,6697665,6740343,Disponible,2026-09-21
Jon Martín,Real Sociedad,Desc,19,23452694,23906689,Disponible,2026-09-21
Jon Moncayola,Osasuna,Desc,50,7113139,7271953,Disponible,2026-09-21
Jon Pacheco,Real Sociedad,Desc,3,1555809,1601072,Disponible,2026-09-21
Jonathan Asp Jensen,Deportivo,Desc,26,3592933,3684456,Disponible,2026-09-21
Jonathan David,Atlético,Desc,43,35530354,34103034,Disponible,2026-09-21
Jonathan Dubasin,Osasuna,Desc,22,6165323,6337579,Disponible,2026-09-21
Jones El-Abdellaoui,Celta,Desc,12,777338,790165,Duda,2026-09-21
Jordi Pesquer,Barcelona,Desc,0,600000,600000,Disponible,2026-09-21
Jorge Cabello,Levante,Desc,0,519354,521431,Disponible,2026-09-21
Jorge Castellanos,Racing,Desc,0,487213,487951,Disponible,2026-09-21
Jorge Castillo,Atlético,Desc,0,1000000,1000000,Disponible,2026-09-21
Jorge Cestero,Real Madrid,Desc,0,485574,486244,Disponible,2026-09-21
Jorge Domínguez,Atlético,Desc,2,1879358,1934772,Disponible,2026-09-21
Jorge Herrando,Osasuna,Desc,24,1300624,1335254,Lesionado,2026-09-21
Jorge Salinas,Racing,Desc,62,6708977,6841192,Disponible,2026-09-21
José Ángel Carmona,Sevilla,Desc,3,1784812,1834533,Disponible,2026-09-21
José Antonio Morante,Betis,Desc,0,1067912,1092846,Disponible,2026-09-21
José Gayà,Valencia,Desc,39,7711488,7685788,Disponible,2026-09-21
José María Giménez,Deportivo,Desc,17,11153868,10759594,Disponible,2026-09-21
José Salinas,Málaga,Desc,14,929089,937446,Disponible,2026-09-21
Joseph Otu,Málaga,Desc,0,618979,625207,Disponible,2026-09-21
Jozhua Vertrouwd,Rayo,Desc,-1,626174,632702,Duda,2026-09-21
Juan Berrocal,Málaga,Desc,0,719341,729751,Disponible,2026-09-21
Juan Carlos Arana,Racing,Desc,1,511661,513418,Disponible,2026-09-21
Juan Cruz,Málaga,Desc,26,6422957,6584692,Disponible,2026-09-21
Juan Foyth,Villarreal,Desc,28,11769850,12011730,Disponible,2026-09-21
Juan Iglesias,Sevilla,Desc,81,16451976,15838346,Disponible,2026-09-21
Juan Musso,Atlético,Desc,0,1862350,1911360,Disponible,2026-09-21
Juani,Málaga,Desc,0,980991,1002303,Disponible,2026-09-21
Jude Bellingham,Real Madrid,Desc,116,121926606,121621879,Disponible,2026-09-21
Julen Agirrezabala,Racing,Desc,76,23120623,22419593,Disponible,2026-09-21
Julen Lobete,Málaga,Desc,0,509116,510767,Lesionado,2026-09-21
Jules Koundé,Barcelona,Desc,14,25385960,25952494,Disponible,2026-09-21
Julio Díaz,Sevilla,Desc,1,437125,435776,Disponible,2026-09-21
Karim Adeyemi,Barcelona,Desc,64,61174206,58560883,Disponible,2026-09-21
Karl Etta Eyong,Levante,Desc,10,11242592,11582272,Duda,2026-09-21
Kevin Sánchez,Deportivo,Desc,0,544063,547170,Disponible,2026-09-21
Kike Barja,Osasuna,Desc,31,1479119,1506888,Disponible,2026-09-21
Kike Ribes,Celta Fortuna,Desc,0,600000,600000,Disponible,2026-09-21
Kike Salas,Sevilla,Desc,49,10964962,10684734,Disponible,2026-09-21
Kiko Femenia,Getafe,Desc,2,1761652,1815403,Duda,2026-09-21
Kylian Mbappé,Real Madrid,Desc,144,149163483,147804054,Disponible,2026-09-21
Lamine Yamal,Barcelona,Desc,157,149715896,147426562,Disponible,2026-09-21
Laro Gómez,Racing,Desc,0,601574,602234,Disponible,2026-09-21
Leandro Cabrera,Espanyol,Desc,31,11292201,11450598,Disponible,2026-09-21
Leo Román,Deportivo,Desc,51,36579991,36483816,Disponible,2026-09-21
Logan Costa,Villarreal,Desc,-2,630743,637461,Disponible,2026-09-21
Lorenzo Amatucci,Deportivo,Desc,66,17193848,17470715,Disponible,2026-09-21
Lucas Boyé,Alavés,Desc,77,31067586,30602314,Disponible,2026-09-21
Lucas Cepeda,Elche,Desc,42,1424578,1340979,Disponible,2026-09-21
Lucas Noubi,Deportivo,Desc,47,15502412,15725773,Disponible,2026-09-21
Lucas Stassin,Sevilla,Desc,27,16395285,16899546,Duda,2026-09-21
Lucas Torró,Osasuna,Desc,19,1348254,1383315,Disponible,2026-09-21
Lucien Agoume,Sevilla,Desc,81,12118495,11701604,Disponible,2026-09-21
Luis Rioja,Valencia,Desc,20,5210608,5317815,Disponible,2026-09-21
Luiz Junior,Villarreal,Desc,8,23032907,23670302,Disponible,2026-09-21
Luken Beitia,Real Sociedad,Desc,-5,454883,454274,Disponible,2026-09-21
Manel Usedo,Levante,Desc,0,513865,515713,Disponible,2026-09-21
Manu Bueno,Sevilla,Desc,5,518213,520243,Disponible,2026-09-21
Manu González,Betis,Desc,0,581040,581691,Disponible,2026-09-21
Manu Hernando,Racing,Desc,22,2179728,2242400,Disponible,2026-09-21
Manu Sánchez,Levante,Desc,57,5150685,5268288,Disponible,2026-09-21
Manuel Ángel Castillo,Sevilla,Desc,0,900000,900000,Disponible,2026-09-21
Marash Kumbulla,Rayo,Desc,0,1866636,1920982,Disponible,2026-09-21
Marc Aguado,Elche,Desc,32,3630348,3729407,Disponible,2026-09-21
Marc Bartra,Betis,Desc,70,38785950,39075668,Duda,2026-09-21
Marc Bernal,Barcelona,Desc,54,27378395,27074637,Disponible,2026-09-21
Marc Casadó,Deportivo,Desc,10,6837353,6754180,Duda,2026-09-21
Marc Cucurella,Real Madrid,Desc,30,52763448,53566195,Disponible,2026-09-21
Marc Roca,Betis,Desc,52,15201156,14933719,Disponible,2026-09-21
Marc Santos,Levante,Desc,3,540518,543477,Disponible,2026-09-21
Marcão,Sevilla,Desc,0,475645,475901,Disponible,2026-09-21
Marco Román,Rayo,Desc,0,513865,515713,Disponible,2026-09-21
Marcos Navarro,Valencia,Desc,0,501311,501909,Disponible,2026-09-21
Mario Martín,Getafe,Desc,28,2387677,2458661,Disponible,2026-09-21
Mario Rivas,Real Madrid,Desc,0,700000,700000,Disponible,2026-09-21
Marko Dmitrovic,Espanyol,Desc,73,40322545,40759697,Disponible,2026-09-21
Maroan Sannadi,Athletic,Desc,6,433310,431802,Disponible,2026-09-21
Martim Neto,Elche,Desc,13,923388,942300,Disponible,2026-09-21
Martín Satriano,Getafe,Desc,38,18355882,18564178,Disponible,2026-09-21
Mathew Ryan,Levante,Desc,68,30109834,30291742,Disponible,2026-09-21
Matia Barzic,Elche,Desc,3,516522,518481,Disponible,2026-09-21
Matías Dituro,Elche,Desc,25,9542645,9421635,Disponible,2026-09-21
Matteo Prati,Racing,Desc,33,2641334,2719517,Disponible,2026-09-21
Mauro Echegoyen,Osasuna,Desc,0,475313,475555,Disponible,2026-09-21
Miguel Cubo,Atlético,Desc,0,476699,476999,Disponible,2026-09-21
Miguel Loureiro,Deportivo,Desc,30,1981597,1972472,Disponible,2026-09-21
Miguel Román,Celta,Desc,76,13913152,13182057,Disponible,2026-09-21
Miguel Sierra,Sevilla,Desc,82,7337610,6762751,Disponible,2026-09-21
Mikel Jauregizar,Athletic,Desc,35,12776295,13020146,Disponible,2026-09-21
Mikel Oyarzabal,Real Sociedad,Desc,42,50944187,51708990,Disponible,2026-09-21
Mikel Rodriguez,Alavés,Desc,39,1827393,1881198,Lesionado,2026-09-21
Moi Gómez,Osasuna,Desc,37,3119017,3188915,Duda,2026-09-21
Morten Hjulmand,Atlético,Desc,51,20757331,21153713,Disponible,2026-09-21
Mouctar Diakhaby,Valencia,Desc,12,2779497,2865320,Duda,2026-09-21
Nacho Pérez,Levante,Desc,47,2192662,2225935,Disponible,2026-09-21
Nahuel Tenaglia,Alavés,Desc,86,33491021,33722867,Disponible,2026-09-21
Natan,Betis,Desc,73,35585516,34072495,Disponible,2026-09-21
Nathan-Dylan Saliba,Villarreal,Desc,30,6523737,6607665,Disponible,2026-09-21
Nelson Deossa,Betis,Desc,50,3834709,3549478,Disponible,2026-09-21
Nemanja Gudelj,Getafe,Desc,1,5952860,6073452,Disponible,2026-09-21
Nico Guillén,Sevilla,Desc,14,1806658,1861995,Disponible,2026-09-21
Nico Serrano,Athletic,Desc,2,533562,536231,Disponible,2026-09-21
Nicolas Pépé,Villarreal,Desc,67,56957893,58163372,Disponible,2026-09-21
Nicolás Valentini,Alavés,Desc,26,633148,619123,Disponible,2026-09-21
Obed Vargas,Atlético,Desc,0,523141,525376,Disponible,2026-09-21
Odysseas Vlachodimos,Sevilla,Desc,63,31393229,30993888,Disponible,2026-09-21
Oihan Sancet,Athletic,Desc,65,43358473,44081915,Disponible,2026-09-21
Omar El Hilali,Espanyol,Desc,51,15561423,15733866,Disponible,2026-09-21
Orel Mangala,Getafe,Desc,41,11132789,11311002,Disponible,2026-09-21
Oriol Rey,Levante,Desc,33,2311555,2321294,Disponible,2026-09-21
Orri Steinn Óskarsson,Real Sociedad,Desc,22,6486423,6630819,Disponible,2026-09-21
Óscar López,Getafe,Desc,0,720223,730670,Disponible,2026-09-21
Óscar Valentín,Rayo,Desc,50,3209503,3254864,Disponible,2026-09-21
Pablo Barrios,Atlético,Desc,49,43023727,44275034,Duda,2026-09-21
Pablo Durán,Celta,Desc,36,695864,653254,Disponible,2026-09-21
Pablo Fornals,Betis,Desc,40,42951442,43754695,Disponible,2026-09-21
Pablo García,Racing,Desc,42,8288386,8273730,Disponible,2026-09-21
Pablo García,Deportivo,Desc,42,463623,468964,Disponible,2026-09-21
Pablo Gavi,Barcelona,Desc,4,14018823,14359670,Disponible,2026-09-21
Pablo Ibáñez,Alavés,Desc,67,12328560,11969581,Disponible,2026-09-21
Pablo Maffeo,Valencia,Desc,20,5792690,5932526,Disponible,2026-09-21
Pablo Marín,Real Sociedad,Desc,0,693919,703270,Disponible,2026-09-21
Pablo Martínez,Málaga,Desc,42,4528801,4625160,Disponible,2026-09-21
Pablo Ramón,Racing,Desc,49,2004165,2022478,Disponible,2026-09-21
Paco Cortés,Levante,Desc,7,518830,520885,Disponible,2026-09-21
Pape Gueye,Villarreal,Desc,81,33717705,33253942,Disponible,2026-09-21
Pau Cubarsí,Barcelona,Desc,37,62832366,63296984,Disponible,2026-09-21
Pau Navarro,Villarreal,Desc,7,3766071,3826821,Disponible,2026-09-21
Pedro Bigas,Elche,Desc,-7,1991430,2047702,Disponible,2026-09-21
Pedro Díaz,Rayo,Desc,45,1132918,1153670,Disponible,2026-09-21
Pedro Felipe,Racing,Desc,-8,992890,1014698,Disponible,2026-09-21
Peio Canales,Athletic,Desc,29,6152565,6296234,Disponible,2026-09-21
Pepelu,Valencia,Desc,67,11231648,10987747,Disponible,2026-09-21
Peque,Sevilla,Desc,21,2154480,2213456,Disponible,2026-09-21
Pere Milla,Espanyol,Desc,4,3832799,3940069,Disponible,2026-09-21
Petar Ratkov,Levante,Desc,2,2618318,2699165,Disponible,2026-09-21
Pierre-Emerick Aubameyang,Deportivo,Desc,100,103839395,102849045,Disponible,2026-09-21
Pol Lozano,Espanyol,Desc,4,963775,984370,Disponible,2026-09-21
Quilindschy Hartman,Espanyol,Desc,12,3146329,3238404,Disponible,2026-09-21
Rafa Rodríguez,Málaga,Desc,10,2276682,2343661,Disponible,2026-09-21
Rafel Bauzà,Espanyol,Desc,16,540518,543477,Disponible,2026-09-21
Ramón Enríquez,Málaga,Desc,3,519838,521935,Disponible,2026-09-21
Ramón Terrats,Getafe,Desc,63,9005009,8920860,Disponible,2026-09-21
Randy Nteka,Rayo,Desc,10,881835,899016,Duda,2026-09-21
Raphinha,Barcelona,Desc,183,148001131,145008234,Disponible,2026-09-21
Raúl Asencio,Real Madrid,Desc,0,1764263,1804648,Disponible,2026-09-21
Raúl García,Osasuna,Desc,29,1451398,1462336,Disponible,2026-09-21
Raúl Jiménez,Valencia,Desc,0,1561503,0,Disponible,2026-09-21
Raul Moro,Osasuna,Desc,13,7360292,7588357,Duda,2026-09-21
Renato Veiga,Villarreal,Desc,24,23030142,22917993,Disponible,2026-09-21
Robbie Ure,Sevilla,Desc,18,10174697,10426009,Disponible,2026-09-21
Robert Navarro,Athletic,Desc,76,10442325,9786580,Disponible,2026-09-21
Robin Le Normand,Atlético,Desc,40,10401506,10164353,Disponible,2026-09-21
Rockson Yeboah,Osasuna,Desc,8,803375,817286,Disponible,2026-09-21
Rodrigo Gamón,Valencia,Desc,0,800000,800000,Disponible,2026-09-21
Rodrigo Mendoza,Atlético,Desc,23,887327,904736,Disponible,2026-09-21
Rodrigo Riquelme,Betis,Desc,66,19195175,18923781,Disponible,2026-09-21
Roger Hinojo,Espanyol,Desc,43,4641328,4750401,Disponible,2026-09-21
Romain Del Castillo,Osasuna,Desc,3,8575094,8841265,Disponible,2026-09-21
Roy Revivo,Elche,Desc,22,3527504,3483637,Disponible,2026-09-21
Rubén Gómez,Villarreal,Desc,0,461559,461228,Disponible,2026-09-21
Rubén Sánchez,Elche,Desc,10,436285,434901,Disponible,2026-09-21
Rubén Vargas,Sevilla,Desc,2,8926604,9198127,Duda,2026-09-21
Ryunosuke Sato,Valencia,Desc,20,6355946,6545142,Disponible,2026-09-21
Saba Sazonov,Getafe,Desc,9,697919,707436,Disponible,2026-09-21
Salvi Esquivel,Atlético,Desc,0,515977,517913,Disponible,2026-09-21
Samu Becerra,Rayo,Desc,0,545705,548880,Disponible,2026-09-21
Santi Comesaña,Villarreal,Desc,39,14661131,15113841,Duda,2026-09-21
Santiago Mouriño,Villarreal,Desc,18,16088011,16535684,Disponible,2026-09-21
Sebastián Boselli,Getafe,Desc,3,1081836,1107350,Disponible,2026-09-21
Sebastián Cáceres,Celta,Desc,25,4769782,4815269,Disponible,2026-09-21
Selu Diallo,Alavés,Desc,0,561294,565119,Disponible,2026-09-21
Sergio Camello,Rayo,Desc,113,24733872,22966123,Disponible,2026-09-21
Sergio Canales,Racing,Desc,67,27936190,28517274,Disponible,2026-09-21
Sergio Carreira,Celta,Desc,30,7810032,7790658,Disponible,2026-09-21
Sergio Gómez,Real Sociedad,Desc,38,16536871,16680499,Disponible,2026-09-21
Sergio Herrera,Osasuna,Desc,19,30711119,31421390,Disponible,2026-09-21
Sergio José Lozano,Rayo,Desc,0,487213,487951,Disponible,2026-09-21
Sergio Martínez,Real Madrid,Desc,28,1287565,1321651,Disponible,2026-09-21
Sergio Mestre,Real Madrid,Desc,0,677102,677860,Disponible,2026-09-21
Simon Eriksson,Racing,Desc,0,1142660,1170708,Duda,2026-09-21
Stole Dimitrievski,Valencia,Desc,61,21554478,21336992,Disponible,2026-09-21
Takefusa Kubo,Real Sociedad,Desc,23,18753000,19166763,Disponible,2026-09-21
Tani Oluwaseyi,Villarreal,Desc,8,1125344,1152671,Disponible,2026-09-21
Tete Morente,Elche,Desc,46,2917124,2748724,Disponible,2026-09-21
Theo Folgado,Real Sociedad,Desc,0,701836,702606,Disponible,2026-09-21
Thibaut Courtois,Real Madrid,Desc,46,60141993,60458081,Disponible,2026-09-21
Thomas Lemar,Elche,Desc,28,4042896,4000351,Disponible,2026-09-21
Toni Martinez,Alavés,Desc,31,17331854,17723233,Disponible,2026-09-21
Trent Alexander-Arnold,Real Madrid,Desc,37,20962384,21226077,Disponible,2026-09-21
Tyrhys Dolan,Espanyol,Desc,27,15184096,15482409,Disponible,2026-09-21
Umar Sadiq,Valencia,Desc,19,2839490,2925295,Lesionado,2026-09-21
Unai López,Rayo,Desc,84,16349416,16063115,Disponible,2026-09-21
Unai Marrero,Real Sociedad,Desc,23,765818,778164,Disponible,2026-09-21
Unai Santos,Osasuna,Desc,2,488061,488834,Disponible,2026-09-21
Unai Simón,Athletic,Desc,72,47929705,48253214,Disponible,2026-09-21
Valentín Gómez,Betis,Desc,38,1765568,1710757,Disponible,2026-09-21
Vanja Drkusic,Espanyol,Desc,11,1638764,1686016,Disponible,2026-09-21
Víctor Chust,Elche,Desc,14,4234699,4279557,Disponible,2026-09-21
Víctor García,Levante,Desc,4,879529,896613,Disponible,2026-09-21
Ville Koski,Alavés,Desc,70,15603252,14607008,Disponible,2026-09-21
Williot Swedberg,Celta,Desc,43,4217944,4306685,Disponible,2026-09-21
Wojciech Szczesny,Barcelona,Desc,-5,1307485,1315067,Disponible,2026-09-21
Xanet Oláiz,Alavés,Desc,2,470633,470680,Disponible,2026-09-21
Xavi Espart,Barcelona,Desc,79,38675104,37149832,Disponible,2026-09-21
Yangel Herrera,Real Sociedad,Desc,46,5216992,5193290,Disponible,2026-09-21
Yanis Musuayi,Levante,Desc,0,1053518,1077852,Disponible,2026-09-21
Yassir Zabiri,Racing,Desc,70,16986795,16138511,Disponible,2026-09-21
Yoel Lago,Celta,Desc,63,7498372,6926753,Disponible,2026-09-21
Youssouf Fofana,Sevilla,Desc,41,15700491,15190207,Disponible,2026-09-21
Zaid Romero,Getafe,Desc,37,25089479,24854223,Disponible,2026-09-21
Zakaria Eddahchouri,Deportivo,Desc,15,898215,913191,Disponible,2026-09-21
Llorenç Serred,Espanyol,Desc,0,460221,460582,Disponible,2026-09-22
Aaron Ndive Mayol,Valencia,Desc,24,729691,696143,Disponible,2026-09-22
Abde Rebbach,Alavés,Desc,63,5184590,5177955,Duda,2026-09-22
Abdel Abqar,Getafe,Desc,6,3296844,3400057,Duda,2026-09-22
Abdoulaye Faye,Celta,Desc,3,1646327,1696109,Disponible,2026-09-22
Abel Bretones,Osasuna,Desc,31,9336877,9546704,Disponible,2026-09-22
Abiel Osorio,Elche,Desc,23,719509,729955,Disponible,2026-09-22
Adam Aznou,Málaga,Desc,0,1017279,0,Disponible,2026-09-22
Adama Timera,Espanyol,Desc,0,485787,487213,Disponible,2026-09-22
Ademola Lookman,Atlético,Desc,37,44022456,44984416,Disponible,2026-09-22
Adrià Altimira,Deportivo,Desc,15,3962879,4069594,Disponible,2026-09-22
Adrià Pedrosa,Rayo,Desc,35,2557444,2513676,Disponible,2026-09-22
Adrián Molina,Rayo,Desc,0,505790,508049,Disponible,2026-09-22
Adrián Niño,Málaga,Desc,11,1000921,1023530,Disponible,2026-09-22
Aimar Blázquez,Valencia,Desc,3,581656,581656,Disponible,2026-09-22
Aimar Oroz,Osasuna,Desc,17,7567981,7789827,Duda,2026-09-22
Aissa Mandi,Levante,Desc,48,12095991,12375251,Disponible,2026-09-22
Aitor Fraga,Real Sociedad,Desc,0,602234,602234,Disponible,2026-09-22
Aitor Mañas,Alavés,Desc,6,454386,454503,Duda,2026-09-22
Aitor Paredes,Athletic,Desc,58,13555656,13069909,Disponible,2026-09-22
Alassane Diatta,Villarreal,Desc,0,457724,457980,Disponible,2026-09-22
Alberto Calatrava,Levante,Desc,0,562545,567169,Disponible,2026-09-22
Alberto Moleiro,Villarreal,Desc,97,40725586,38997829,Disponible,2026-09-22
Alberto Risco,Getafe,Desc,3,490754,492387,Disponible,2026-09-22
Aleix Febas,Celta,Desc,19,12940483,13322127,Disponible,2026-09-22
Alejandro Balde,Barcelona,Desc,5,10214451,10502895,Disponible,2026-09-22
Alejandro Catena,Osasuna,Desc,41,29768373,30508927,Disponible,2026-09-22
Alejandro Iturbe,Elche,Desc,0,520136,522993,Disponible,2026-09-22
Alejandro Panach,Valencia,Desc,0,486725,488190,Disponible,2026-09-22
Alejandro Rego,Athletic,Desc,0,1721696,1774618,Disponible,2026-09-22
Alemão,Rayo,Desc,12,1387197,1426181,Disponible,2026-09-22
Álex Baena,Atlético,Desc,105,65903278,64874440,Disponible,2026-09-22
Álex Berenguer,Athletic,Desc,55,11168163,11338171,Disponible,2026-09-22
Álex Calatrava,Espanyol,Desc,51,5627638,5767074,Disponible,2026-09-22
Alex Freeman,Villarreal,Desc,27,1439808,1358162,Disponible,2026-09-22
Álex Grimaldo,Atlético,Desc,76,40752320,38533314,Disponible,2026-09-22
Alex Lebarbier,Real Sociedad,Desc,0,602234,602234,Disponible,2026-09-22
Alex Marchal,Real Sociedad,Desc,11,554618,558912,Disponible,2026-09-22
Alex Padilla,Athletic,Desc,0,701057,711452,Disponible,2026-09-22
Álex Pastor,Málaga,Desc,0,419042,417687,Disponible,2026-09-22
Álex Remiro,Real Sociedad,Desc,62,36659266,37117700,Disponible,2026-09-22
Alexis Ciria,Real Madrid,Desc,0,577367,582609,Disponible,2026-09-22
Alfonso Herrero,Málaga,Desc,69,18567427,18283776,Disponible,2026-09-22
Aliou Dieng,Valencia,Desc,28,1870328,1922843,Disponible,2026-09-22
Altay Bayindir,Celta,Desc,0,978554,1000512,Disponible,2026-09-22
Álvaro Djaló,Athletic,Desc,2,565883,570646,Disponible,2026-09-22
Álvaro Fidalgo,Betis,Desc,3,1095618,1122453,Disponible,2026-09-22
Álvaro García,Rayo,Desc,71,17536304,17899498,Disponible,2026-09-22
Álvaro Mantilla,Racing,Desc,25,1510664,1551862,Disponible,2026-09-22
Álvaro Padilla,Elche,Desc,0,607035,613513,Disponible,2026-09-22
Álvaro Valles,Betis,Desc,127,56873373,55424685,Disponible,2026-09-22
Ander Barrenetxea,Real Sociedad,Desc,43,20236606,20177915,Disponible,2026-09-22
Ander Guevara,Alavés,Desc,17,583913,589427,Disponible,2026-09-22
Andoni Gorosabel,Espanyol,Desc,0,962161,983436,Disponible,2026-09-22
André Almeida,Racing,Desc,9,1120330,1147827,Disponible,2026-09-22
Andrei Ratiu,Rayo,Desc,43,21902522,22331837,Disponible,2026-09-22
Andrés Antañón,Celta,Desc,3,541940,545705,Duda,2026-09-22
Andrés Castrín,Sevilla,Desc,54,6652182,6317578,Disponible,2026-09-22
Andrés Céspedes,Málaga,Desc,0,401498,401498,Disponible,2026-09-22
Andrés García,Getafe,Desc,55,7513519,7487687,Disponible,2026-09-22
Andrés Martín,Racing,Desc,30,10742351,11069943,Lesionado,2026-09-22
Andrés Vallecillo,Racing,Desc,0,485315,486721,Disponible,2026-09-22
Andriy Lunin,Real Madrid,Desc,0,1107123,1133941,Disponible,2026-09-22
Ángel Fortuño,Espanyol,Desc,0,454768,454901,Disponible,2026-09-22
Ángel Ortiz,Betis,Desc,29,899727,918400,Disponible,2026-09-22
Ángel Pérez,Alavés,Desc,75,26079401,25295671,Disponible,2026-09-22
Angel Recio,Málaga,Desc,26,2375096,2306643,Disponible,2026-09-22
Angeliño,Deportivo,Desc,-1,6863491,7077224,Disponible,2026-09-22
Ante Budimir,Osasuna,Desc,94,60445925,60291587,Disponible,2026-09-22
Anthony Gordon,Barcelona,Desc,52,76927477,78625922,Disponible,2026-09-22
Antonio Blanco,Alavés,Desc,56,18593570,18973441,Disponible,2026-09-22
Antonio Rüdiger,Real Madrid,Desc,35,19075509,18936556,Disponible,2026-09-22
Antonio Sivera,Alavés,Desc,98,42784525,42047083,Disponible,2026-09-22
Antony,Betis,Desc,78,58750739,58207451,Disponible,2026-09-22
Arda Güler,Real Madrid,Desc,108,102577736,101172886,Disponible,2026-09-22
Arnau Comas,Deportivo,Desc,0,492053,493740,Disponible,2026-09-22
Arnau Ortiz,Atlético,Desc,15,837422,853499,Disponible,2026-09-22
Arnaut Danjuma,Valencia,Desc,37,4496304,4452994,Disponible,2026-09-22
Arouna Sangante,Sevilla,Desc,16,7024963,7215137,Disponible,2026-09-22
Arsen Zakharyan,Real Sociedad,Desc,3,568448,566978,Disponible,2026-09-22
Asier Bonel,Osasuna,Desc,0,626031,633300,Disponible,2026-09-22
Asier Osambela,Osasuna,Desc,31,455913,456094,Disponible,2026-09-22
Asier Villalibre,Racing,Desc,16,3356508,3454828,Disponible,2026-09-22
Augusto Batalla,Rayo,Desc,21,14737094,15187705,Lesionado,2026-09-22
Aurélien Tchouaméni,Real Madrid,Desc,25,21625457,21855623,Disponible,2026-09-22
Axel Tape,Levante,Desc,0,1612544,1660918,Disponible,2026-09-22
Aymeric Laporte,Athletic,Desc,47,42475241,41970614,Disponible,2026-09-22
Beñat Gerenabarrena,Athletic,Desc,45,3812152,3886571,Disponible,2026-09-22
Beñat Prados,Athletic,Desc,0,667340,676330,Disponible,2026-09-22
Beñat Turrientes,Real Sociedad,Desc,43,6621429,6788965,Disponible,2026-09-22
Bernardo Silva,Real Madrid,Desc,41,36360856,37045295,Disponible,2026-09-22
Bil Nsongo,Deportivo,Desc,33,7742332,7761561,Disponible,2026-09-22
Borja Iglesias,Celta,Desc,2,11579395,11865301,Disponible,2026-09-22
Borja Mayoral,Getafe,Desc,1,1222665,1254794,Disponible,2026-09-22
Boyomo,Osasuna,Desc,16,12737075,13129830,Disponible,2026-09-22
Brian Fariñas,Barcelona,Desc,0,590677,596473,Disponible,2026-09-22
Bright Ede,Deportivo,Desc,22,3592347,3651793,Disponible,2026-09-22
Buba Sangaré,Elche,Desc,23,3414042,3516382,Duda,2026-09-22
Carl Starfelt,Celta,Desc,29,8824910,9065915,Disponible,2026-09-22
Carles Aleñá,Alavés,Desc,24,2760111,2815774,Disponible,2026-09-22
Carlos Dotor,Málaga,Desc,69,4926383,4880360,Disponible,2026-09-22
Carlos Espí,Real Madrid,Desc,27,13908406,13988216,Disponible,2026-09-22
Carlos López,Málaga,Desc,0,421125,419856,Disponible,2026-09-22
Carlos Macià,Villarreal,Desc,13,595282,601270,Disponible,2026-09-22
Carlos Puga,Málaga,Desc,23,3262725,3346856,Disponible,2026-09-22
Carlos Romero,Villarreal,Desc,19,19689798,20247145,Disponible,2026-09-22
Carlos Soler,Real Sociedad,Desc,69,30359265,29872729,Disponible,2026-09-22
César Tárrega,Valencia,Desc,36,7391702,7624185,Duda,2026-09-22
Cheikh Thiam,Villarreal,Desc,0,563635,568304,Disponible,2026-09-22
Chidera Ejuke,Sevilla,Desc,24,5802387,5911340,Disponible,2026-09-22
Chupete,Málaga,Desc,34,22573206,23224765,Disponible,2026-09-22
Clemens Riedel,Espanyol,Desc,30,5733107,5811524,Disponible,2026-09-22
Coke Carrillo,Celta,Desc,0,1567556,0,Disponible,2026-09-22
Couhaib Driouech,Celta,Desc,11,2404182,2475965,Disponible,2026-09-22
Cristian Rivero,Valencia,Desc,0,443997,443682,Disponible,2026-09-22
Cristian Romero,Atlético,Desc,51,37599347,36124412,Disponible,2026-09-22
Dakonam Djené,Getafe,Desc,42,18371671,17756259,Disponible,2026-09-22
Dani Barcia,Deportivo,Desc,0,630591,638050,Disponible,2026-09-22
Dani Cárdenas,Rayo,Desc,13,1185323,1215896,Disponible,2026-09-22
Dani Ceballos,Betis,Desc,17,17893136,18310031,Disponible,2026-09-22
Dani Lorenzo,Málaga,Desc,44,10601372,10686736,Disponible,2026-09-22
Dani Martínez,Atlético,Desc,12,502450,504570,Disponible,2026-09-22
Dani Olmo,Barcelona,Desc,63,48113950,47975333,Disponible,2026-09-22
Dani Requena,Levante,Desc,8,840014,856199,Disponible,2026-09-22
Daniel Raba,Valencia,Desc,2,700439,710809,Disponible,2026-09-22
David Hancko,Atlético,Desc,61,39471375,39227458,Disponible,2026-09-22
David Larrubia,Málaga,Desc,73,23151238,23782715,Disponible,2026-09-22
David Mella,Deportivo,Desc,13,1598305,1640202,Disponible,2026-09-22
David Otorbi,Valencia,Desc,37,611450,609617,Disponible,2026-09-22
David Soria,Getafe,Desc,86,36864584,36339208,Disponible,2026-09-22
Davinchi,Getafe,Desc,4,1262111,1295884,Disponible,2026-09-22
Dean Huijsen,Real Madrid,Desc,56,52136473,53526904,Disponible,2026-09-22
Denis Suárez,Alavés,Desc,46,2933326,2917427,Disponible,2026-09-22
Denzel Dumfries,Real Madrid,Desc,35,29551678,30250715,Disponible,2026-09-22
Diego Conde,Betis,Desc,0,1139036,1167680,Disponible,2026-09-22
Diego Ferrer,Getafe,Desc,0,491952,493635,Disponible,2026-09-22
Diego Rico,Osasuna,Desc,2,1947560,2008006,Disponible,2026-09-22
Diego Villares,Deportivo,Desc,25,1058490,1070106,Disponible,2026-09-22
Dimitri Foulquier,Valencia,Desc,0,858865,875836,Duda,2026-09-22
Dominik Livakovic,Barcelona,Desc,6,2547081,2483468,Disponible,2026-09-22
Eder Aller,Barcelona,Desc,0,702705,702705,Disponible,2026-09-22
Edu Altozano,Sevilla,Desc,0,468615,469325,Disponible,2026-09-22
Edu Expósito,Espanyol,Desc,83,32164581,32489518,Disponible,2026-09-22
Eduardo Camavinga,Real Madrid,Desc,27,7972644,8158433,Disponible,2026-09-22
Einar Galilea,Málaga,Desc,30,5580382,5670076,Disponible,2026-09-22
Emil Audero,Rayo,Desc,32,5173799,5195675,Disponible,2026-09-22
Endrick,Real Madrid,Desc,0,3068774,3147192,Disponible,2026-09-22
Eneko Jauregi,Málaga,Desc,4,627981,635332,Disponible,2026-09-22
Enes Ünal,Getafe,Desc,31,15634988,16007647,Disponible,2026-09-22
Eric Garcia,Barcelona,Desc,49,43787371,44078069,Disponible,2026-09-22
Ezequiel Ponce,Elche,Desc,10,824386,839920,Disponible,2026-09-22
Facundo Bernal,Betis,Desc,54,13435250,13634543,Disponible,2026-09-22
Facundo Buonanotte,Elche,Desc,35,3392386,3479067,Disponible,2026-09-22
Federico Redondo,Elche,Desc,55,1254785,1286828,Disponible,2026-09-22
Federico Valverde,Real Madrid,Desc,69,61660630,63097175,Duda,2026-09-22
Félix Correia,Sevilla,Desc,23,5420764,5430196,Disponible,2026-09-22
Ferran Jutglà,Celta,Desc,30,9463784,9242941,Disponible,2026-09-22
Filip Ugrinic,Valencia,Desc,76,3297217,3354902,Disponible,2026-09-22
Florian Lejeune,Rayo,Desc,41,18590106,18866452,Disponible,2026-09-22
Fran García,Betis,Desc,53,29231526,29670552,Disponible,2026-09-22
Fran González,Sevilla,Desc,0,489064,490626,Disponible,2026-09-22
Gabriel Moscardo,Espanyol,Desc,21,3212503,3313203,Disponible,2026-09-22
Gabriel Suazo,Sevilla,Desc,62,6459027,6218377,Disponible,2026-09-22
Georges Mikautadze,Villarreal,Desc,63,49277206,49828821,Disponible,2026-09-22
Georgiy Tsitaishvili,Rayo,Desc,19,1175386,1205545,Disponible,2026-09-22
Gerard Martín,Barcelona,Desc,65,47375239,48000706,Disponible,2026-09-22
Germán Parreño,Deportivo,Desc,0,466862,467499,Disponible,2026-09-22
Germán Valera,Elche,Desc,84,13184424,13040820,Disponible,2026-09-22
Giacomo Quagliata,Deportivo,Desc,38,4135511,4035216,Disponible,2026-09-22
Giorgi Guliashvili,Racing,Desc,2,787483,801479,Disponible,2026-09-22
Giorgi Kochorashvili,Sevilla,Desc,28,6127226,6257147,Disponible,2026-09-22
Giovani Lo Celso,Betis,Desc,4,12583869,12951170,Disponible,2026-09-22
Gnangoro Bouare,Rayo,Desc,28,808135,822992,Disponible,2026-09-22
Gonçalo Guedes,Real Sociedad,Desc,38,16523172,16715746,Disponible,2026-09-22
Gonzalo Villar,Elche,Desc,85,10002377,10063522,Disponible,2026-09-22
Gorka Carrera,Real Sociedad,Desc,0,513676,516264,Disponible,2026-09-22
Gorka Guruzeta,Athletic,Desc,5,7084248,7303556,Duda,2026-09-22
Grady Diangana,Elche,Desc,0,595506,601503,Disponible,2026-09-22
Grégoire Swiderski,Alavés,Desc,0,469001,469727,Disponible,2026-09-22
Hamza Abdelkarim,Barcelona,Desc,2,2578394,2647176,Disponible,2026-09-22
Héctor Bellerín,Betis,Desc,56,17476502,17309940,Disponible,2026-09-22
Héctor Fort,Real Sociedad,Desc,3,2976582,3049208,Disponible,2026-09-22
Hugo Burcio,Celta,Desc,7,556161,560519,Disponible,2026-09-22
Hugo Duro,Valencia,Desc,21,4606577,4681274,Disponible,2026-09-22
Hugo González,Celta,Desc,56,2104249,1921844,Disponible,2026-09-22
Hugo Novoa,Alavés,Desc,0,539292,542947,Disponible,2026-09-22
Hugo Pérez,Racing,Desc,0,680458,689995,Disponible,2026-09-22
Hugo Rincón,Athletic,Desc,4,1307922,1343603,Disponible,2026-09-22
Hugo Sotelo,Levante,Desc,9,768981,782207,Duda,2026-09-22
Iago Aspas,Celta,Desc,21,5349182,5503601,Lesionado,2026-09-22
Ibai Aguirre,R. Sociedad B,Desc,0,602257,602257,Disponible,2026-09-22
Ibrahima Konaté,Real Madrid,Desc,12,36735623,37386291,Disponible,2026-09-22
Ifeanyi Ndukwe,Levante,Desc,6,1264306,1298170,Disponible,2026-09-22
Igor Galdin,Levante,Desc,0,485860,487289,Disponible,2026-09-22
Igor Zubeldia,Real Sociedad,Desc,36,10330654,10643867,Disponible,2026-09-22
Iker Córdoba,Valencia,Desc,6,911453,930615,Disponible,2026-09-22
Iker Losada,Betis,Desc,0,973835,995596,Disponible,2026-09-22
Iker Luque,Racing,Desc,10,1184400,1214935,Disponible,2026-09-22
Iker Monreal,Athletic,Desc,0,556161,560519,Disponible,2026-09-22
Iker Muñoz,Sevilla,Desc,41,468615,469325,Disponible,2026-09-22
Iker Muñoz,Osasuna,Desc,41,1916897,1947126,Disponible,2026-09-22
Iker Muñoz,Sevilla,Desc,0,468615,469325,Disponible,2026-09-22
Iker Muñoz,Osasuna,Desc,0,1916897,1947126,Disponible,2026-09-22
Ilaix Moriba,Celta,Desc,66,9258586,8643985,Disponible,2026-09-22
Ilias Akhomach,Villarreal,Desc,26,2604879,2409889,Disponible,2026-09-22
Iñigo Arguibide,Osasuna,Desc,25,3294822,3348757,Disponible,2026-09-22
Íñigo Sainz-Maza,Racing,Desc,12,501389,503465,Disponible,2026-09-22
Iñigo Vicente,Racing,Desc,80,32742932,33243480,Disponible,2026-09-22
Ionut Radu,Celta,Desc,82,42581720,42073621,Disponible,2026-09-22
Isaac Romero,Sevilla,Desc,24,5114080,5226778,Disponible,2026-09-22
Iván Alonso,Rayo,Desc,0,460202,460562,Disponible,2026-09-22
Iván Azón,Getafe,Desc,35,4041231,3959624,Disponible,2026-09-22
Iván Balliu,Rayo,Desc,0,591048,596860,Disponible,2026-09-22
Iván Martín,Racing,Desc,55,7210810,7382103,Disponible,2026-09-22
Iván Romero,Levante,Desc,54,6212930,6142977,Disponible,2026-09-22
Iván Villar,Celta,Desc,0,551556,555722,Disponible,2026-09-22
Izan Merino,Málaga,Desc,31,3413570,3504849,Disponible,2026-09-22
Jan Oblak,Atlético,Desc,59,47078040,46536325,Disponible,2026-09-22
Jaume Durá,Valencia,Desc,0,709477,720223,Disponible,2026-09-22
Javi Galán,Celta,Desc,23,7133834,7285092,Disponible,2026-09-22
Javi Guerra,Valencia,Desc,45,20038661,20070424,Disponible,2026-09-22
Javi Morcillo,Elche,Desc,47,757453,747434,Disponible,2026-09-22
Javi Navarro,Real Madrid,Desc,0,702622,702622,Disponible,2026-09-22
Javi Rodríguez,Celta,Desc,16,7275540,7488069,Disponible,2026-09-22
Javi Rueda,Celta,Desc,42,5385005,5340987,Disponible,2026-09-22
Javier Hernández,Espanyol,Desc,70,17299246,17466085,Disponible,2026-09-22
Jean Ives Valou,Getafe,Desc,-5,468615,469325,Disponible,2026-09-22
Jeanuël Belocian,Racing,Desc,6,2923424,3007310,Disponible,2026-09-22
Jeremy Toljan,Levante,Desc,14,1766303,1799304,Disponible,2026-09-22
Jesús Areso,Athletic,Desc,47,4083579,4157565,Disponible,2026-09-22
Jesús Vázquez,Valencia,Desc,27,1527707,1561316,Disponible,2026-09-22
Jiri Letácek,Getafe,Desc,0,489499,491079,Disponible,2026-09-22
Joan Garcia,Barcelona,Desc,56,65116741,66698281,Duda,2026-09-22
Joao Cancelo,Barcelona,Desc,19,31346620,30480051,Disponible,2026-09-22
Job Ochieng,Real Sociedad,Desc,40,1217811,1198237,Disponible,2026-09-22
Johan Mojica,Getafe,Desc,84,14565114,14466780,Disponible,2026-09-22
Johnny Cardoso,Atlético,Desc,23,3227176,3071870,Disponible,2026-09-22
Jon Ander Olasagasti,Levante,Desc,73,9123111,9282399,Disponible,2026-09-22
Jon Aramburu,Real Sociedad,Desc,58,19326591,19586839,Disponible,2026-09-22
Jon Gorrotxategi,Real Sociedad,Desc,22,2388723,2450147,Disponible,2026-09-22
Jon Guridi,Sevilla,Desc,38,6622519,6697665,Disponible,2026-09-22
Jon Martín,Real Sociedad,Desc,23,22938460,23452694,Disponible,2026-09-22
Jon Moncayola,Osasuna,Desc,50,6951231,7113139,Disponible,2026-09-22
Jon Pacheco,Real Sociedad,Desc,3,1511639,1555809,Disponible,2026-09-22
Jonathan Asp Jensen,Deportivo,Desc,40,3510842,3592933,Disponible,2026-09-22
Jonathan David,Atlético,Desc,57,37371679,35530354,Disponible,2026-09-22
Jonathan Dubasin,Osasuna,Desc,22,5995094,6165323,Disponible,2026-09-22
Jones El-Abdellaoui,Celta,Desc,12,764307,777338,Lesionado,2026-09-22
Jordi Pesquer,Barcelona,Desc,0,600000,600000,Disponible,2026-09-22
Jorge Cabello,Levante,Desc,0,516643,519354,Disponible,2026-09-22
Jorge Castellanos,Racing,Desc,0,485787,487213,Disponible,2026-09-22
Jorge Castillo,Atlético,Desc,0,1000000,1000000,Disponible,2026-09-22
Jorge Cestero,Real Madrid,Desc,0,484214,485574,Disponible,2026-09-22
Jorge Domínguez,Atlético,Desc,2,1823331,1879358,Disponible,2026-09-22
Jorge Herrando,Osasuna,Desc,24,1266662,1300624,Lesionado,2026-09-22
Jorge Salinas,Racing,Desc,60,6569341,6708977,Disponible,2026-09-22
José Ángel Carmona,Sevilla,Desc,2,1737070,1784812,Disponible,2026-09-22
José Antonio Morante,Betis,Desc,0,1043258,1067912,Disponible,2026-09-22
José Gayà,Valencia,Desc,39,7658977,7711488,Disponible,2026-09-22
José María Giménez,Deportivo,Desc,28,11681396,11153868,Disponible,2026-09-22
José Salinas,Málaga,Desc,19,929907,929089,Disponible,2026-09-22
Joseph Otu,Málaga,Desc,0,612283,618979,Disponible,2026-09-22
Jozhua Vertrouwd,Rayo,Desc,-1,619190,626174,Duda,2026-09-22
Juan Berrocal,Málaga,Desc,12,708630,719341,Disponible,2026-09-22
Juan Carlos Arana,Racing,Desc,1,509257,511661,Disponible,2026-09-22
Juan Cruz,Málaga,Desc,31,6245754,6422957,Disponible,2026-09-22
Juan Foyth,Villarreal,Desc,28,11515567,11769850,Disponible,2026-09-22
Juan Iglesias,Sevilla,Desc,81,17061353,16451976,Disponible,2026-09-22
Juan Musso,Atlético,Desc,0,1814812,1862350,Disponible,2026-09-22
Juani,Málaga,Desc,0,959814,980991,Disponible,2026-09-22
Jude Bellingham,Real Madrid,Desc,130,121480241,121926606,Disponible,2026-09-22
Julen Agirrezabala,Racing,Desc,76,23651474,23120623,Disponible,2026-09-22
Julen Lobete,Málaga,Desc,0,506814,509116,Lesionado,2026-09-22
Jules Koundé,Barcelona,Desc,14,24805602,25385960,Disponible,2026-09-22
Julio Díaz,Sevilla,Desc,1,437703,437125,Disponible,2026-09-22
Karim Adeyemi,Barcelona,Desc,64,63692642,61174206,Disponible,2026-09-22
Karl Etta Eyong,Levante,Desc,10,10904716,11242592,Duda,2026-09-22
Kevin Sánchez,Deportivo,Desc,0,540363,544063,Disponible,2026-09-22
Kike Barja,Osasuna,Desc,32,1448693,1479119,Disponible,2026-09-22
Kike Ribes,Celta Fortuna,Desc,0,600000,600000,Disponible,2026-09-22
Kike Salas,Sevilla,Desc,49,11289634,10964962,Disponible,2026-09-22
Kiko Femenia,Getafe,Desc,2,1709249,1761652,Duda,2026-09-22
Kylian Mbappé,Real Madrid,Desc,147,150253225,149163483,Disponible,2026-09-22
Lamine Yamal,Barcelona,Desc,157,152734668,149715896,Disponible,2026-09-22
Laro Gómez,Racing,Desc,0,602234,602234,Disponible,2026-09-22
Leandro Cabrera,Espanyol,Desc,31,11103464,11292201,Disponible,2026-09-22
Leo Román,Deportivo,Desc,56,36554573,36579991,Disponible,2026-09-22
Logan Costa,Villarreal,Desc,-2,623576,630743,Disponible,2026-09-22
Lorenzo Amatucci,Deportivo,Desc,66,16858089,17193848,Disponible,2026-09-22
Lucas Boyé,Alavés,Desc,77,31534128,31067586,Disponible,2026-09-22
Lucas Cepeda,Elche,Desc,42,1502415,1424578,Disponible,2026-09-22
Lucas Noubi,Deportivo,Desc,47,15170910,15502412,Disponible,2026-09-22
Lucas Stassin,Sevilla,Desc,27,15901681,16395285,Duda,2026-09-22
Lucas Torró,Osasuna,Desc,19,1312387,1348254,Disponible,2026-09-22
Lucien Agoume,Sevilla,Desc,81,12445863,12118495,Disponible,2026-09-22
Luis Rioja,Valencia,Desc,23,5093277,5210608,Disponible,2026-09-22
Luiz Junior,Villarreal,Desc,8,22382661,23032907,Disponible,2026-09-22
Luken Beitia,Real Sociedad,Desc,5,454750,454883,Disponible,2026-09-22
Manel Usedo,Levante,Desc,0,511373,513865,Disponible,2026-09-22
Manu Bueno,Sevilla,Desc,5,515547,518213,Disponible,2026-09-22
Manu González,Betis,Desc,0,581691,581691,Disponible,2026-09-22
Manu Hernando,Racing,Desc,22,2117605,2179728,Disponible,2026-09-22
Manu Sánchez,Levante,Desc,62,5032493,5150685,Disponible,2026-09-22
Manuel Ángel Castillo,Sevilla,Desc,0,900000,900000,Disponible,2026-09-22
Marash Kumbulla,Rayo,Desc,0,1810843,1866636,Disponible,2026-09-22
Marc Aguado,Elche,Desc,32,3528453,3630348,Disponible,2026-09-22
Marc Bartra,Betis,Desc,73,37741456,38785950,Duda,2026-09-22
Marc Bernal,Barcelona,Desc,54,27574437,27378395,Disponible,2026-09-22
Marc Casadó,Deportivo,Desc,12,6732541,6837353,Lesionado,2026-09-22
Marc Cucurella,Real Madrid,Desc,36,51784116,52763448,Disponible,2026-09-22
Marc Roca,Betis,Desc,61,15672674,15201156,Disponible,2026-09-22
Marc Santos,Levante,Desc,3,536960,540518,Disponible,2026-09-22
Marcão,Sevilla,Desc,0,474682,475645,Disponible,2026-09-22
Marco Román,Rayo,Desc,0,511373,513865,Disponible,2026-09-22
Marcos Navarro,Valencia,Desc,0,501909,501909,Disponible,2026-09-22
Mario Martín,Getafe,Desc,28,2316760,2387677,Disponible,2026-09-22
Mario Rivas,Real Madrid,Desc,0,700000,700000,Disponible,2026-09-22
Marko Dmitrovic,Espanyol,Desc,73,39851235,40322545,Disponible,2026-09-22
Maroan Sannadi,Athletic,Desc,6,434040,433310,Disponible,2026-09-22
Martim Neto,Elche,Desc,13,904515,923388,Disponible,2026-09-22
Martín Satriano,Getafe,Desc,44,18445622,18355882,Disponible,2026-09-22
Mathew Ryan,Levante,Desc,71,29800406,30109834,Disponible,2026-09-22
Matia Barzic,Elche,Desc,3,513924,516522,Disponible,2026-09-22
Matías Dituro,Elche,Desc,25,9633918,9542645,Disponible,2026-09-22
Matteo Prati,Racing,Desc,33,2563817,2641334,Disponible,2026-09-22
Mauro Echegoyen,Osasuna,Desc,0,474363,475313,Disponible,2026-09-22
Miguel Cubo,Atlético,Desc,0,475694,476699,Disponible,2026-09-22
Miguel Loureiro,Deportivo,Desc,30,1968926,1981597,Disponible,2026-09-22
Miguel Román,Celta,Desc,76,14739550,13913152,Disponible,2026-09-22
Miguel Sierra,Sevilla,Desc,82,7914060,7337610,Disponible,2026-09-22
Mikel Jauregizar,Athletic,Desc,35,12512069,12776295,Disponible,2026-09-22
Mikel Oyarzabal,Real Sociedad,Desc,52,50056538,50944187,Disponible,2026-09-22
Mikel Rodriguez,Alavés,Desc,39,1773462,1827393,Lesionado,2026-09-22
Moi Gómez,Osasuna,Desc,37,3048281,3119017,Duda,2026-09-22
Morten Hjulmand,Atlético,Desc,52,20250680,20757331,Disponible,2026-09-22
Mouctar Diakhaby,Valencia,Desc,12,2695401,2779497,Duda,2026-09-22
Nacho Pérez,Levante,Desc,47,2151072,2192662,Disponible,2026-09-22
Nahuel Tenaglia,Alavés,Desc,86,33301943,33491021,Disponible,2026-09-22
Natan,Betis,Desc,85,37197699,35585516,Disponible,2026-09-22
Nathan-Dylan Saliba,Villarreal,Desc,45,6500488,6523737,Disponible,2026-09-22
Nelson Deossa,Betis,Desc,63,4214829,3834709,Disponible,2026-09-22
Nemanja Gudelj,Getafe,Desc,14,5858786,5952860,Disponible,2026-09-22
Nico Guillén,Sevilla,Desc,14,1752454,1806658,Disponible,2026-09-22
Nico Serrano,Athletic,Desc,2,530282,533562,Disponible,2026-09-22
Nicolas Pépé,Villarreal,Desc,67,55612135,56957893,Disponible,2026-09-22
Nicolás Valentini,Alavés,Desc,25,647899,633148,Disponible,2026-09-22
Obed Vargas,Atlético,Desc,0,520278,523141,Disponible,2026-09-22
Odysseas Vlachodimos,Sevilla,Desc,63,31893856,31393229,Disponible,2026-09-22
Oihan Sancet,Athletic,Desc,65,42471183,43358473,Disponible,2026-09-22
Omar El Hilali,Espanyol,Desc,51,15326623,15561423,Disponible,2026-09-22
Orel Mangala,Getafe,Desc,43,10898933,11132789,Disponible,2026-09-22
Oriol Rey,Levante,Desc,42,2306071,2311555,Disponible,2026-09-22
Orri Steinn Óskarsson,Real Sociedad,Desc,17,6306919,6486423,Disponible,2026-09-22
Óscar López,Getafe,Desc,0,709477,720223,Disponible,2026-09-22
Óscar Valentín,Rayo,Desc,50,3159413,3209503,Disponible,2026-09-22
Pablo Barrios,Atlético,Desc,49,41783937,43023727,Duda,2026-09-22
Pablo Durán,Celta,Desc,36,740959,695864,Disponible,2026-09-22
Pablo Fornals,Betis,Desc,47,42309158,42951442,Disponible,2026-09-22
Pablo García,Deportivo,Desc,42,468964,468964,Disponible,2026-09-22
Pablo García,Racing,Desc,42,8269031,8288386,Disponible,2026-09-22
Pablo Gavi,Barcelona,Desc,4,13658232,14018823,Disponible,2026-09-22
Pablo Ibáñez,Alavés,Desc,67,12706808,12328560,Disponible,2026-09-22
Pablo Maffeo,Valencia,Desc,21,5658684,5792690,Disponible,2026-09-22
Pablo Marín,Real Sociedad,Desc,0,684225,693919,Disponible,2026-09-22
Pablo Martínez,Málaga,Desc,47,4422891,4528801,Disponible,2026-09-22
Pablo Ramón,Racing,Desc,49,1973598,2004165,Disponible,2026-09-22
Paco Cortés,Levante,Desc,7,516140,518830,Disponible,2026-09-22
Pape Gueye,Villarreal,Desc,87,33997460,33717705,Disponible,2026-09-22
Pau Cubarsí,Barcelona,Desc,37,62225173,62832366,Disponible,2026-09-22
Pau Navarro,Villarreal,Desc,12,3720110,3766071,Disponible,2026-09-22
Pedro Bigas,Elche,Desc,-7,1934667,1991430,Disponible,2026-09-22
Pedro Díaz,Rayo,Desc,45,1108969,1132918,Disponible,2026-09-22
Pedro Felipe,Racing,Desc,-8,971237,992890,Disponible,2026-09-22
Peio Canales,Athletic,Desc,29,6003316,6152565,Disponible,2026-09-22
Pepelu,Valencia,Desc,81,11495710,11231648,Disponible,2026-09-22
Peque,Sevilla,Desc,21,2094562,2154480,Disponible,2026-09-22
Pere Milla,Espanyol,Desc,4,3728354,3832799,Disponible,2026-09-22
Petar Ratkov,Levante,Desc,2,2540297,2618318,Disponible,2026-09-22
Pierre-Emerick Aubameyang,Deportivo,Desc,106,104217686,103839395,Disponible,2026-09-22
Pol Lozano,Espanyol,Desc,4,943287,963775,Disponible,2026-09-22
Quilindschy Hartman,Espanyol,Desc,12,3054035,3146329,Disponible,2026-09-22
Rafa Rodríguez,Málaga,Desc,24,2213248,2276682,Disponible,2026-09-22
Rafel Bauzà,Espanyol,Desc,16,536960,540518,Disponible,2026-09-22
Ramón Enríquez,Málaga,Desc,5,517107,519838,Disponible,2026-09-22
Ramón Terrats,Getafe,Desc,84,9460590,9005009,Disponible,2026-09-22
Randy Nteka,Rayo,Desc,10,864624,881835,Duda,2026-09-22
Raphinha,Barcelona,Desc,183,151198832,148001131,Disponible,2026-09-22
Raúl Asencio,Real Madrid,Desc,0,1723397,1764263,Disponible,2026-09-22
Raúl García,Osasuna,Desc,29,1434950,1451398,Disponible,2026-09-22
Raúl Jiménez,Valencia,Desc,0,1561503,0,Disponible,2026-09-22
Raul Moro,Osasuna,Desc,13,7134955,7360292,Lesionado,2026-09-22
Renato Veiga,Villarreal,Desc,29,23389566,23030142,Disponible,2026-09-22
Robbie Ure,Sevilla,Desc,18,9920609,10174697,Disponible,2026-09-22
Robert Navarro,Athletic,Desc,76,11116656,10442325,Disponible,2026-09-22
Robin Le Normand,Atlético,Desc,38,10482468,10401506,Disponible,2026-09-22
Rockson Yeboah,Osasuna,Desc,8,789303,803375,Disponible,2026-09-22
Rodrigo Gamón,Valencia,Desc,0,800000,800000,Disponible,2026-09-22
Rodrigo Mendoza,Atlético,Desc,23,869897,887327,Disponible,2026-09-22
Rodrigo Riquelme,Betis,Desc,66,19228686,19195175,Disponible,2026-09-22
Roger Hinojo,Espanyol,Desc,43,4529379,4641328,Disponible,2026-09-22
Romain Del Castillo,Osasuna,Desc,3,8313014,8575094,Disponible,2026-09-22
Roy Revivo,Elche,Desc,22,3567590,3527504,Disponible,2026-09-22
Rubén Gómez,Villarreal,Desc,0,461159,461559,Disponible,2026-09-22
Rubén Sánchez,Elche,Desc,10,436896,436285,Disponible,2026-09-22
Rubén Vargas,Sevilla,Desc,2,8659771,8926604,Duda,2026-09-22
Ryunosuke Sato,Valencia,Desc,20,6167456,6355946,Disponible,2026-09-22
Saba Sazonov,Getafe,Desc,12,688065,697919,Disponible,2026-09-22
Salvi Esquivel,Atlético,Desc,0,513401,515977,Disponible,2026-09-22
Samu Becerra,Rayo,Desc,0,541940,545705,Disponible,2026-09-22
Santi Comesaña,Villarreal,Desc,39,14216509,14661131,Duda,2026-09-22
Santiago Mouriño,Villarreal,Desc,20,15638401,16088011,Disponible,2026-09-22
Sebastián Boselli,Getafe,Desc,3,1056625,1081836,Disponible,2026-09-22
Sebastián Cáceres,Celta,Desc,24,4727958,4769782,Disponible,2026-09-22
Selu Diallo,Alavés,Desc,0,556905,561294,Disponible,2026-09-22
Sergio Camello,Rayo,Desc,113,26580573,24733872,Disponible,2026-09-22
Sergio Canales,Racing,Desc,67,27269414,27936190,Disponible,2026-09-22
Sergio Carreira,Celta,Desc,30,7808895,7810032,Disponible,2026-09-22
Sergio Gómez,Real Sociedad,Desc,44,16445677,16536871,Disponible,2026-09-22
Sergio Herrera,Osasuna,Desc,19,29979069,30711119,Disponible,2026-09-22
Sergio José Lozano,Rayo,Desc,0,485787,487213,Disponible,2026-09-22
Sergio Martínez,Real Madrid,Desc,28,1254125,1287565,Disponible,2026-09-22
Sergio Mestre,Real Madrid,Desc,0,677860,677860,Disponible,2026-09-22
Simon Eriksson,Racing,Desc,0,1115016,1142660,Duda,2026-09-22
Stole Dimitrievski,Valencia,Desc,68,21627518,21554478,Disponible,2026-09-22
Takefusa Kubo,Real Sociedad,Desc,23,18282883,18753000,Disponible,2026-09-22
Tani Oluwaseyi,Villarreal,Desc,8,1098393,1125344,Disponible,2026-09-22
Tete Morente,Elche,Desc,46,3055493,2917124,Disponible,2026-09-22
Theo Folgado,Real Sociedad,Desc,0,702606,702606,Disponible,2026-09-22
Thibaut Courtois,Real Madrid,Desc,59,59575830,60141993,Disponible,2026-09-22
Thomas Lemar,Elche,Desc,28,4068814,4042896,Disponible,2026-09-22
Toni Martinez,Alavés,Desc,31,16918362,17331854,Disponible,2026-09-22
Trent Alexander-Arnold,Real Madrid,Desc,37,20564905,20962384,Disponible,2026-09-22
Tyrhys Dolan,Espanyol,Desc,27,14871979,15184096,Disponible,2026-09-22
Umar Sadiq,Valencia,Desc,19,2755142,2839490,Lesionado,2026-09-22
Unai López,Rayo,Desc,84,16696624,16349416,Disponible,2026-09-22
Unai Marrero,Real Sociedad,Desc,23,753248,765818,Disponible,2026-09-22
Unai Santos,Osasuna,Desc,1,486601,488061,Disponible,2026-09-22
Unai Simón,Athletic,Desc,72,47619681,47929705,Disponible,2026-09-22
Valentín Gómez,Betis,Desc,43,1883630,1765568,Disponible,2026-09-22
Vanja Drkusic,Espanyol,Desc,11,1591276,1638764,Disponible,2026-09-22
Víctor Chust,Elche,Desc,14,4182237,4234699,Disponible,2026-09-22
Víctor García,Levante,Desc,3,862411,879529,Disponible,2026-09-22
Ville Koski,Alavés,Desc,71,16700958,15603252,Disponible,2026-09-22
Williot Swedberg,Celta,Desc,43,4127169,4217944,Disponible,2026-09-22
Wojciech Szczesny,Barcelona,Desc,-5,1286232,1307485,Disponible,2026-09-22
Xanet Oláiz,Alavés,Desc,2,469870,470633,Disponible,2026-09-22
Xavi Espart,Barcelona,Desc,79,39698094,38675104,Disponible,2026-09-22
Yangel Herrera,Real Sociedad,Desc,50,5230088,5216992,Disponible,2026-09-22
Yanis Musuayi,Levante,Desc,0,1029440,1053518,Disponible,2026-09-22
Yassir Zabiri,Racing,Desc,70,17749569,16986795,Disponible,2026-09-22
Yoel Lago,Celta,Desc,63,8081540,7498372,Disponible,2026-09-22
Youssouf Fofana,Sevilla,Desc,41,16378985,15700491,Disponible,2026-09-22
Zaid Romero,Getafe,Desc,55,25911984,25089479,Disponible,2026-09-22
Zakaria Eddahchouri,Deportivo,Desc,15,880349,898215,Disponible,2026-09-22
Llorenç Serred,Espanyol,Desc,0,460075,460221,Disponible,2026-09-23
Aaron Ndive Mayol,Valencia,Desc,24,768599,729691,Disponible,2026-09-23
Abde Rebbach,Alavés,Desc,63,5172574,5184590,Duda,2026-09-23
Abdel Abqar,Getafe,Desc,6,3196693,3296844,Duda,2026-09-23
Abdoulaye Faye,Celta,Desc,3,1598736,1646327,Disponible,2026-09-23
Abel Bretones,Osasuna,Desc,31,9120350,9336877,Disponible,2026-09-23
Abiel Osorio,Elche,Desc,23,708991,719509,Disponible,2026-09-23
Adam Aznou,Málaga,Desc,0,1017279,0,Disponible,2026-09-23
Adama Timera,Espanyol,Desc,0,484618,485787,Disponible,2026-09-23
Ademola Lookman,Atlético,Desc,37,43012828,44022456,Disponible,2026-09-23
Adrià Altimira,Deportivo,Desc,15,3859640,3962879,Disponible,2026-09-23
Adrià Pedrosa,Rayo,Desc,35,2588305,2557444,Disponible,2026-09-23
Adrián Molina,Rayo,Desc,0,503821,505790,Disponible,2026-09-23
Adrián Niño,Málaga,Desc,11,979443,1000921,Disponible,2026-09-23
Aimar Blázquez,Valencia,Desc,3,581656,581656,Disponible,2026-09-23
Aimar Oroz,Osasuna,Desc,17,7351898,7567981,Duda,2026-09-23
Aissa Mandi,Levante,Desc,48,11791851,12095991,Disponible,2026-09-23
Aitor Fraga,Real Sociedad,Desc,0,602234,602234,Disponible,2026-09-23
Aitor Mañas,Alavés,Desc,6,454473,454386,Duda,2026-09-23
Aitor Paredes,Athletic,Desc,58,13958356,13555656,Disponible,2026-09-23
Alassane Diatta,Villarreal,Desc,0,457677,457724,Disponible,2026-09-23
Alberto Calatrava,Levante,Desc,0,558305,562545,Disponible,2026-09-23
Alberto Moleiro,Villarreal,Desc,97,42857206,40725586,Disponible,2026-09-23
Alberto Risco,Getafe,Desc,3,489386,490754,Disponible,2026-09-23
Aleix Febas,Celta,Desc,19,12572900,12940483,Disponible,2026-09-23
Alejandro Balde,Barcelona,Desc,5,9924455,10214451,Disponible,2026-09-23
Alejandro Catena,Osasuna,Desc,41,29038076,29768373,Disponible,2026-09-23
Alejandro Iturbe,Elche,Desc,0,517593,520136,Disponible,2026-09-23
Alejandro Panach,Valencia,Desc,0,485518,486725,Disponible,2026-09-23
Alejandro Rego,Athletic,Desc,0,1671090,1721696,Disponible,2026-09-23
Alemão,Rayo,Desc,12,1349971,1387197,Disponible,2026-09-23
Álex Baena,Atlético,Desc,105,67216363,65903278,Disponible,2026-09-23
Álex Berenguer,Athletic,Desc,55,10954071,11168163,Disponible,2026-09-23
Álex Calatrava,Espanyol,Desc,51,5486259,5627638,Disponible,2026-09-23
Alex Freeman,Villarreal,Desc,27,1525800,1439808,Disponible,2026-09-23
Álex Grimaldo,Atlético,Desc,76,43207194,40752320,Disponible,2026-09-23
Alex Lebarbier,Real Sociedad,Desc,0,602234,602234,Disponible,2026-09-23
Alex Marchal,Real Sociedad,Desc,11,550696,554618,Disponible,2026-09-23
Alex Padilla,Athletic,Desc,0,691277,701057,Disponible,2026-09-23
Álex Pastor,Málaga,Desc,0,420543,419042,Disponible,2026-09-23
Álex Remiro,Real Sociedad,Desc,62,36072721,36659266,Disponible,2026-09-23
Alexis Ciria,Real Madrid,Desc,0,572535,577367,Disponible,2026-09-23
Alfonso Herrero,Málaga,Desc,69,18856589,18567427,Disponible,2026-09-23
Aliou Dieng,Valencia,Desc,28,1819611,1870328,Disponible,2026-09-23
Altay Bayindir,Celta,Desc,0,957674,978554,Disponible,2026-09-23
Álvaro Djaló,Athletic,Desc,2,561510,565883,Disponible,2026-09-23
Álvaro Fidalgo,Betis,Desc,3,1070056,1095618,Disponible,2026-09-23
Álvaro García,Rayo,Desc,71,17150726,17536304,Disponible,2026-09-23
Álvaro Mantilla,Racing,Desc,25,1471054,1510664,Disponible,2026-09-23
Álvaro Padilla,Elche,Desc,0,601016,607035,Disponible,2026-09-23
Álvaro Valles,Betis,Desc,127,58482115,56873373,Disponible,2026-09-23
Ander Barrenetxea,Real Sociedad,Desc,43,20478346,20236606,Disponible,2026-09-23
Ander Guevara,Alavés,Desc,17,578819,583913,Disponible,2026-09-23
Andoni Gorosabel,Espanyol,Desc,0,941937,962161,Disponible,2026-09-23
André Almeida,Racing,Desc,9,1093778,1120330,Disponible,2026-09-23
Andrei Ratiu,Rayo,Desc,43,21430623,21902522,Disponible,2026-09-23
Andrés Antañón,Celta,Desc,3,538525,541940,Duda,2026-09-23
Andrés Castrín,Sevilla,Desc,54,6971968,6652182,Disponible,2026-09-23
Andrés Céspedes,Málaga,Desc,0,401498,401498,Disponible,2026-09-23
Andrés García,Getafe,Desc,55,7570369,7513519,Disponible,2026-09-23
Andrés Martín,Racing,Desc,30,10427769,10742351,Lesionado,2026-09-23
Andrés Vallecillo,Racing,Desc,0,484165,485315,Disponible,2026-09-23
Andriy Lunin,Real Madrid,Desc,0,1081909,1107123,Disponible,2026-09-23
Ángel Fortuño,Espanyol,Desc,0,454840,454768,Disponible,2026-09-23
Ángel Ortiz,Betis,Desc,29,882000,899727,Disponible,2026-09-23
Ángel Pérez,Alavés,Desc,75,26774369,26079401,Disponible,2026-09-23
Angel Recio,Málaga,Desc,26,2427862,2375096,Disponible,2026-09-23
Angeliño,Deportivo,Desc,-1,6657289,6863491,Disponible,2026-09-23
Ante Budimir,Osasuna,Desc,94,60733378,60445925,Disponible,2026-09-23
Anthony Gordon,Barcelona,Desc,52,75263398,76927477,Disponible,2026-09-23
Antonio Blanco,Alavés,Desc,56,18181052,18593570,Disponible,2026-09-23
Antonio Rüdiger,Real Madrid,Desc,35,19255207,19075509,Disponible,2026-09-23
Antonio Sivera,Alavés,Desc,98,43500929,42784525,Disponible,2026-09-23
Antony,Betis,Desc,78,59328164,58750739,Disponible,2026-09-23
Arda Güler,Real Madrid,Desc,108,103676258,102577736,Disponible,2026-09-23
Arnau Comas,Deportivo,Desc,0,490633,492053,Disponible,2026-09-23
Arnau Ortiz,Atlético,Desc,15,822187,837422,Disponible,2026-09-23
Arnaut Danjuma,Valencia,Desc,37,4579236,4496304,Disponible,2026-09-23
Arouna Sangante,Sevilla,Desc,16,6836847,7024963,Disponible,2026-09-23
Arsen Zakharyan,Real Sociedad,Desc,3,563971,568448,Disponible,2026-09-23
Asier Bonel,Osasuna,Desc,0,619252,626031,Disponible,2026-09-23
Asier Osambela,Osasuna,Desc,31,455939,455913,Disponible,2026-09-23
Asier Villalibre,Racing,Desc,16,3258268,3356508,Disponible,2026-09-23
Augusto Batalla,Rayo,Desc,21,14294089,14737094,Lesionado,2026-09-23
Aurélien Tchouaméni,Real Madrid,Desc,25,21363297,21625457,Disponible,2026-09-23
Axel Tape,Levante,Desc,0,1567263,1612544,Disponible,2026-09-23
Aymeric Laporte,Athletic,Desc,47,43279281,42475241,Disponible,2026-09-23
Beñat Gerenabarrena,Athletic,Desc,45,3731343,3812152,Disponible,2026-09-23
Beñat Prados,Athletic,Desc,0,658909,667340,Disponible,2026-09-23
Beñat Turrientes,Real Sociedad,Desc,43,6446914,6621429,Disponible,2026-09-23
Bernardo Silva,Real Madrid,Desc,41,35727224,36360856,Disponible,2026-09-23
Bil Nsongo,Deportivo,Desc,33,7690625,7742332,Disponible,2026-09-23
Borja Iglesias,Celta,Desc,2,11297106,11579395,Disponible,2026-09-23
Borja Mayoral,Getafe,Desc,1,1192021,1222665,Disponible,2026-09-23
Boyomo,Osasuna,Desc,16,12354560,12737075,Disponible,2026-09-23
Brian Fariñas,Barcelona,Desc,0,585312,590677,Disponible,2026-09-23
Bright Ede,Deportivo,Desc,22,3534240,3592347,Disponible,2026-09-23
Buba Sangaré,Elche,Desc,23,3313845,3414042,Duda,2026-09-23
Carl Starfelt,Celta,Desc,29,8586036,8824910,Disponible,2026-09-23
Carles Aleñá,Alavés,Desc,24,2701603,2760111,Disponible,2026-09-23
Carlos Dotor,Málaga,Desc,69,4975525,4926383,Disponible,2026-09-23
Carlos Espí,Real Madrid,Desc,27,13742449,13908406,Disponible,2026-09-23
Carlos López,Málaga,Desc,0,422542,421125,Disponible,2026-09-23
Carlos Macià,Villarreal,Desc,13,589733,595282,Disponible,2026-09-23
Carlos Puga,Málaga,Desc,23,3173908,3262725,Disponible,2026-09-23
Carlos Romero,Villarreal,Desc,19,19132247,19689798,Disponible,2026-09-23
Carlos Soler,Real Sociedad,Desc,69,31231808,30359265,Disponible,2026-09-23
César Tárrega,Valencia,Desc,36,7166336,7391702,Duda,2026-09-23
Cheikh Thiam,Villarreal,Desc,0,559352,563635,Disponible,2026-09-23
Chidera Ejuke,Sevilla,Desc,24,5686694,5802387,Disponible,2026-09-23
Chupete,Málaga,Desc,34,21937682,22573206,Disponible,2026-09-23
Clemens Riedel,Espanyol,Desc,30,5632827,5733107,Disponible,2026-09-23
Coke Carrillo,Celta,Desc,0,1567556,0,Disponible,2026-09-23
Couhaib Driouech,Celta,Desc,11,2334227,2404182,Disponible,2026-09-23
Cristian Rivero,Valencia,Desc,0,444500,443997,Disponible,2026-09-23
Cristian Romero,Atlético,Desc,51,39074921,37599347,Disponible,2026-09-23
Dakonam Djené,Getafe,Desc,42,18956633,18371671,Disponible,2026-09-23
Dani Barcia,Deportivo,Desc,0,623630,630591,Disponible,2026-09-23
Dani Cárdenas,Rayo,Desc,13,1156172,1185323,Disponible,2026-09-23
Dani Ceballos,Betis,Desc,17,17476843,17893136,Disponible,2026-09-23
Dani Lorenzo,Málaga,Desc,44,10494841,10601372,Disponible,2026-09-23
Dani Martínez,Atlético,Desc,12,500614,502450,Disponible,2026-09-23
Dani Olmo,Barcelona,Desc,63,48263152,48113950,Disponible,2026-09-23
Dani Requena,Levante,Desc,8,824676,840014,Disponible,2026-09-23
Daniel Raba,Valencia,Desc,2,690684,700439,Disponible,2026-09-23
David Hancko,Atlético,Desc,61,39862751,39471375,Disponible,2026-09-23
David Larrubia,Málaga,Desc,73,22554213,23151238,Disponible,2026-09-23
David Mella,Deportivo,Desc,13,1556709,1598305,Disponible,2026-09-23
David Otorbi,Valencia,Desc,37,612393,611450,Disponible,2026-09-23
David Soria,Getafe,Desc,86,37357161,36864584,Disponible,2026-09-23
Davinchi,Getafe,Desc,4,1229889,1262111,Disponible,2026-09-23
Dean Huijsen,Real Madrid,Desc,56,50641304,52136473,Disponible,2026-09-23
Denis Suárez,Alavés,Desc,46,2934144,2933326,Disponible,2026-09-23
Denzel Dumfries,Real Madrid,Desc,35,28854917,29551678,Disponible,2026-09-23
Diego Conde,Betis,Desc,0,1111737,1139036,Disponible,2026-09-23
Diego Ferrer,Getafe,Desc,0,490536,491952,Disponible,2026-09-23
Diego Rico,Osasuna,Desc,2,1888992,1947560,Disponible,2026-09-23
Diego Villares,Deportivo,Desc,25,1046661,1058490,Disponible,2026-09-23
Dimitri Foulquier,Valencia,Desc,0,842773,858865,Duda,2026-09-23
Dominik Livakovic,Barcelona,Desc,6,2602757,2547081,Disponible,2026-09-23
Eder Aller,Barcelona,Desc,0,702705,702705,Disponible,2026-09-23
Edu Altozano,Sevilla,Desc,0,468133,468615,Disponible,2026-09-23
Edu Expósito,Espanyol,Desc,83,31633387,32164581,Disponible,2026-09-23
Eduardo Camavinga,Real Madrid,Desc,27,7788433,7972644,Disponible,2026-09-23
Einar Galilea,Málaga,Desc,30,5472306,5580382,Disponible,2026-09-23
Emil Audero,Rayo,Desc,32,5124410,5173799,Disponible,2026-09-23
Endrick,Real Madrid,Desc,0,2990009,3068774,Disponible,2026-09-23
Eneko Jauregi,Málaga,Desc,4,621125,627981,Disponible,2026-09-23
Enes Ünal,Getafe,Desc,31,15261035,15634988,Disponible,2026-09-23
Eric Garcia,Barcelona,Desc,49,43404469,43787371,Disponible,2026-09-23
Ezequiel Ponce,Elche,Desc,10,809673,824386,Disponible,2026-09-23
Facundo Bernal,Betis,Desc,54,13210334,13435250,Disponible,2026-09-23
Facundo Buonanotte,Elche,Desc,35,3306026,3392386,Disponible,2026-09-23
Federico Redondo,Elche,Desc,55,1222854,1254785,Disponible,2026-09-23
Federico Valverde,Real Madrid,Desc,69,60199276,61660630,Lesionado,2026-09-23
Félix Correia,Sevilla,Desc,23,5391193,5420764,Disponible,2026-09-23
Ferran Jutglà,Celta,Desc,30,9635696,9463784,Disponible,2026-09-23
Filip Ugrinic,Valencia,Desc,76,3242190,3297217,Disponible,2026-09-23
Florian Lejeune,Rayo,Desc,41,18277933,18590106,Disponible,2026-09-23
Fran García,Betis,Desc,53,28893855,29231526,Disponible,2026-09-23
Fran González,Sevilla,Desc,0,487764,489064,Disponible,2026-09-23
Gabriel Moscardo,Espanyol,Desc,21,3116822,3212503,Disponible,2026-09-23
Gabriel Suazo,Sevilla,Desc,62,6662039,6459027,Disponible,2026-09-23
Georges Mikautadze,Villarreal,Desc,63,48783296,49277206,Disponible,2026-09-23
Georgiy Tsitaishvili,Rayo,Desc,19,1146633,1175386,Disponible,2026-09-23
Gerard Martín,Barcelona,Desc,65,46623090,47375239,Disponible,2026-09-23
Germán Parreño,Deportivo,Desc,0,466450,466862,Disponible,2026-09-23
Germán Valera,Elche,Desc,84,13274830,13184424,Disponible,2026-09-23
Giacomo Quagliata,Deportivo,Desc,38,4236087,4135511,Disponible,2026-09-23
Giorgi Guliashvili,Racing,Desc,2,774246,787483,Disponible,2026-09-23
Giorgi Kochorashvili,Sevilla,Desc,28,6001826,6127226,Disponible,2026-09-23
Giovani Lo Celso,Betis,Desc,4,12231224,12583869,Disponible,2026-09-23
Gnangoro Bouare,Rayo,Desc,28,794072,808135,Disponible,2026-09-23
Gonçalo Guedes,Real Sociedad,Desc,38,16384084,16523172,Disponible,2026-09-23
Gonzalo Villar,Elche,Desc,85,9901903,10002377,Disponible,2026-09-23
Gorka Carrera,Real Sociedad,Desc,0,511391,513676,Disponible,2026-09-23
Gorka Guruzeta,Athletic,Desc,5,6873133,7084248,Duda,2026-09-23
Grady Diangana,Elche,Desc,0,589948,595506,Disponible,2026-09-23
Grégoire Swiderski,Alavés,Desc,0,468503,469001,Disponible,2026-09-23
Hamza Abdelkarim,Barcelona,Desc,2,2511328,2578394,Disponible,2026-09-23
Héctor Bellerín,Betis,Desc,56,17697446,17476502,Disponible,2026-09-23
Héctor Fort,Real Sociedad,Desc,3,2899430,2976582,Disponible,2026-09-23
Hugo Burcio,Celta,Desc,7,552177,556161,Disponible,2026-09-23
Hugo Duro,Valencia,Desc,21,4544911,4606577,Disponible,2026-09-23
Hugo González,Celta,Desc,56,2269681,2104249,Disponible,2026-09-23
Hugo Novoa,Alavés,Desc,0,535983,539292,Disponible,2026-09-23
Hugo Pérez,Racing,Desc,0,671502,680458,Disponible,2026-09-23
Hugo Rincón,Athletic,Desc,4,1273867,1307922,Disponible,2026-09-23
Hugo Sotelo,Levante,Desc,9,756485,768981,Duda,2026-09-23
Iago Aspas,Celta,Desc,21,5198608,5349182,Duda,2026-09-23
Ibai Aguirre,R. Sociedad B,Desc,0,602257,602257,Disponible,2026-09-23
Ibrahima Konaté,Real Madrid,Desc,12,36060295,36735623,Disponible,2026-09-23
Ifeanyi Ndukwe,Levante,Desc,6,1231996,1264306,Disponible,2026-09-23
Igor Galdin,Levante,Desc,0,484688,485860,Disponible,2026-09-23
Igor Zubeldia,Real Sociedad,Desc,36,10026464,10330654,Disponible,2026-09-23
Iker Córdoba,Valencia,Desc,6,893257,911453,Disponible,2026-09-23
Iker Losada,Betis,Desc,0,953144,973835,Disponible,2026-09-23
Iker Luque,Racing,Desc,10,1155286,1184400,Disponible,2026-09-23
Iker Monreal,Athletic,Desc,0,552177,556161,Disponible,2026-09-23
Iker Muñoz,Sevilla,Desc,41,468133,468615,Disponible,2026-09-23
Iker Muñoz,Osasuna,Desc,41,1884165,1916897,Disponible,2026-09-23
Iker Muñoz,Sevilla,Desc,0,468133,468615,Disponible,2026-09-23
Iker Muñoz,Osasuna,Desc,0,1884165,1916897,Disponible,2026-09-23
Ilaix Moriba,Celta,Desc,66,9891272,9258586,Disponible,2026-09-23
Ilias Akhomach,Villarreal,Desc,26,2821643,2604879,Disponible,2026-09-23
Iñigo Arguibide,Osasuna,Desc,25,3238668,3294822,Disponible,2026-09-23
Íñigo Sainz-Maza,Racing,Desc,12,499596,501389,Disponible,2026-09-23
Iñigo Vicente,Racing,Desc,80,32131404,32742932,Disponible,2026-09-23
Ionut Radu,Celta,Desc,82,43268024,42581720,Disponible,2026-09-23
Isaac Romero,Sevilla,Desc,24,5000779,5114080,Disponible,2026-09-23
Iván Alonso,Rayo,Desc,0,460056,460202,Disponible,2026-09-23
Iván Azón,Getafe,Desc,35,4106822,4041231,Disponible,2026-09-23
Iván Balliu,Rayo,Desc,0,585668,591048,Disponible,2026-09-23
Iván Martín,Racing,Desc,55,7047091,7210810,Disponible,2026-09-23
Iván Romero,Levante,Desc,54,6279135,6212930,Disponible,2026-09-23
Iván Villar,Celta,Desc,0,547756,551556,Disponible,2026-09-23
Izan Merino,Málaga,Desc,31,3324402,3413570,Disponible,2026-09-23
Jan Oblak,Atlético,Desc,59,47667142,47078040,Disponible,2026-09-23
Jaume Durá,Valencia,Desc,0,699360,709477,Disponible,2026-09-23
Javi Galán,Celta,Desc,23,6967114,7133834,Disponible,2026-09-23
Javi Guerra,Valencia,Desc,45,19789997,20038661,Disponible,2026-09-23
Javi Morcillo,Elche,Desc,47,762985,757453,Disponible,2026-09-23
Javi Navarro,Real Madrid,Desc,0,702622,702622,Disponible,2026-09-23
Javi Rodríguez,Celta,Desc,16,7065561,7275540,Disponible,2026-09-23
Javi Rueda,Celta,Desc,42,5406391,5385005,Disponible,2026-09-23
Javier Hernández,Espanyol,Desc,70,17060463,17299246,Disponible,2026-09-23
Jean Ives Valou,Getafe,Desc,-5,468133,468615,Disponible,2026-09-23
Jeanuël Belocian,Racing,Desc,6,2841216,2923424,Disponible,2026-09-23
Jeremy Toljan,Levante,Desc,14,1736674,1766303,Disponible,2026-09-23
Jesús Areso,Athletic,Desc,47,4005257,4083579,Disponible,2026-09-23
Jesús Vázquez,Valencia,Desc,27,1492352,1527707,Disponible,2026-09-23
Jiri Letácek,Getafe,Desc,0,488181,489499,Disponible,2026-09-23
Joan Garcia,Barcelona,Desc,56,63625581,65116741,Duda,2026-09-23
Joao Cancelo,Barcelona,Desc,19,32240390,31346620,Disponible,2026-09-23
Job Ochieng,Real Sociedad,Desc,40,1258900,1217811,Disponible,2026-09-23
Johan Mojica,Getafe,Desc,84,14675006,14565114,Disponible,2026-09-23
Johnny Cardoso,Atlético,Desc,23,3390871,3227176,Disponible,2026-09-23
Jon Ander Olasagasti,Levante,Desc,73,8974128,9123111,Disponible,2026-09-23
Jon Aramburu,Real Sociedad,Desc,58,19002909,19326591,Disponible,2026-09-23
Jon Gorrotxategi,Real Sociedad,Desc,22,2330885,2388723,Disponible,2026-09-23
Jon Guridi,Sevilla,Desc,38,6525057,6622519,Disponible,2026-09-23
Jon Martín,Real Sociedad,Desc,23,22422163,22938460,Disponible,2026-09-23
Jon Moncayola,Osasuna,Desc,50,6787304,6951231,Disponible,2026-09-23
Jon Pacheco,Real Sociedad,Desc,3,1469436,1511639,Disponible,2026-09-23
Jonathan Asp Jensen,Deportivo,Desc,40,3429406,3510842,Disponible,2026-09-23
Jonathan David,Atlético,Desc,57,39307610,37371679,Disponible,2026-09-23
Jonathan Dubasin,Osasuna,Desc,22,5829194,5995094,Disponible,2026-09-23
Jones El-Abdellaoui,Celta,Desc,12,751997,764307,Lesionado,2026-09-23
Jordi Pesquer,Barcelona,Desc,0,600000,600000,Disponible,2026-09-23
Jorge Cabello,Levante,Desc,0,514240,516643,Disponible,2026-09-23
Jorge Castellanos,Racing,Desc,0,484618,485787,Disponible,2026-09-23
Jorge Castillo,Atlético,Desc,0,1000000,1000000,Disponible,2026-09-23
Jorge Cestero,Real Madrid,Desc,0,483108,484214,Disponible,2026-09-23
Jorge Domínguez,Atlético,Desc,2,1769226,1823331,Disponible,2026-09-23
Jorge Herrando,Osasuna,Desc,24,1234258,1266662,Lesionado,2026-09-23
Jorge Salinas,Racing,Desc,60,6427603,6569341,Disponible,2026-09-23
José Ángel Carmona,Sevilla,Desc,2,1687718,1737070,Disponible,2026-09-23
José Antonio Morante,Betis,Desc,0,1019790,1043258,Disponible,2026-09-23
José Gayà,Valencia,Desc,39,7544798,7658977,Disponible,2026-09-23
José María Giménez,Deportivo,Desc,28,12185855,11681396,Disponible,2026-09-23
José Salinas,Málaga,Desc,19,926421,929907,Disponible,2026-09-23
Joseph Otu,Málaga,Desc,0,606054,612283,Disponible,2026-09-23
Jozhua Vertrouwd,Rayo,Desc,-1,612685,619190,Duda,2026-09-23
Juan Berrocal,Málaga,Desc,12,698547,708630,Disponible,2026-09-23
Juan Carlos Arana,Racing,Desc,1,507149,509257,Disponible,2026-09-23
Juan Cruz,Málaga,Desc,31,6076738,6245754,Disponible,2026-09-23
Juan Foyth,Villarreal,Desc,28,11269878,11515567,Disponible,2026-09-23
Juan Iglesias,Sevilla,Desc,81,17664620,17061353,Disponible,2026-09-23
Juan Musso,Atlético,Desc,0,1765424,1814812,Disponible,2026-09-23
Juani,Málaga,Desc,0,939684,959814,Disponible,2026-09-23
Jude Bellingham,Real Madrid,Desc,130,120850092,121480241,Disponible,2026-09-23
Julen Agirrezabala,Racing,Desc,76,24098012,23651474,Disponible,2026-09-23
Julen Lobete,Málaga,Desc,0,504804,506814,Lesionado,2026-09-23
Jules Koundé,Barcelona,Desc,14,24208951,24805602,Disponible,2026-09-23
Julio Díaz,Sevilla,Desc,1,438457,437703,Disponible,2026-09-23
Karim Adeyemi,Barcelona,Desc,64,66076420,63692642,Disponible,2026-09-23
Karl Etta Eyong,Levante,Desc,10,10575966,10904716,Duda,2026-09-23
Kevin Sánchez,Deportivo,Desc,0,537011,540363,Disponible,2026-09-23
Kike Barja,Osasuna,Desc,32,1416500,1448693,Disponible,2026-09-23
Kike Ribes,Celta Fortuna,Desc,0,600000,600000,Disponible,2026-09-23
Kike Salas,Sevilla,Desc,49,11602406,11289634,Disponible,2026-09-23
Kiko Femenia,Getafe,Desc,2,1659141,1709249,Duda,2026-09-23
Kylian Mbappé,Real Madrid,Desc,147,151772002,150253225,Disponible,2026-09-23
Lamine Yamal,Barcelona,Desc,157,155798310,152734668,Disponible,2026-09-23
Laro Gómez,Racing,Desc,0,602234,602234,Disponible,2026-09-23
Leandro Cabrera,Espanyol,Desc,31,10901096,11103464,Disponible,2026-09-23
Leo Román,Deportivo,Desc,56,36393331,36554573,Disponible,2026-09-23
Logan Costa,Villarreal,Desc,-2,616895,623576,Disponible,2026-09-23
Lorenzo Amatucci,Deportivo,Desc,66,16503230,16858089,Disponible,2026-09-23
Lucas Boyé,Alavés,Desc,77,31995705,31534128,Disponible,2026-09-23
Lucas Cepeda,Elche,Desc,42,1559754,1502415,Disponible,2026-09-23
Lucas Noubi,Deportivo,Desc,47,14798053,15170910,Disponible,2026-09-23
Lucas Stassin,Sevilla,Desc,27,15425203,15901681,Duda,2026-09-23
Lucas Torró,Osasuna,Desc,19,1278154,1312387,Disponible,2026-09-23
Lucien Agoume,Sevilla,Desc,81,12816244,12445863,Disponible,2026-09-23
Luis Rioja,Valencia,Desc,23,4972700,5093277,Disponible,2026-09-23
Luiz Junior,Villarreal,Desc,8,21738427,22382661,Disponible,2026-09-23
Luken Beitia,Real Sociedad,Desc,5,454823,454750,Disponible,2026-09-23
Manel Usedo,Levante,Desc,0,509180,511373,Disponible,2026-09-23
Manu Bueno,Sevilla,Desc,5,513187,515547,Disponible,2026-09-23
Manu González,Betis,Desc,0,581691,581691,Disponible,2026-09-23
Manu Hernando,Racing,Desc,22,2056937,2117605,Disponible,2026-09-23
Manu Sánchez,Levante,Desc,62,4910850,5032493,Disponible,2026-09-23
Manuel Ángel Castillo,Sevilla,Desc,0,900000,900000,Disponible,2026-09-23
Marash Kumbulla,Rayo,Desc,0,1757456,1810843,Disponible,2026-09-23
Marc Aguado,Elche,Desc,32,3427776,3528453,Disponible,2026-09-23
Marc Bartra,Betis,Desc,73,36633834,37741456,Disponible,2026-09-23
Marc Bernal,Barcelona,Desc,54,27658307,27574437,Disponible,2026-09-23
Marc Casadó,Deportivo,Desc,12,6541874,6732541,Lesionado,2026-09-23
Marc Cucurella,Real Madrid,Desc,36,50735204,51784116,Disponible,2026-09-23
Marc Roca,Betis,Desc,61,16189451,15672674,Disponible,2026-09-23
Marc Santos,Levante,Desc,3,533744,536960,Disponible,2026-09-23
Marcão,Sevilla,Desc,0,473957,474682,Disponible,2026-09-23
Marco Román,Rayo,Desc,0,509180,511373,Disponible,2026-09-23
Marcos Navarro,Valencia,Desc,0,501909,501909,Disponible,2026-09-23
Mario Martín,Getafe,Desc,28,2250989,2316760,Disponible,2026-09-23
Mario Rivas,Real Madrid,Desc,0,700000,700000,Disponible,2026-09-23
Marko Dmitrovic,Espanyol,Desc,73,39278771,39851235,Disponible,2026-09-23
Maroan Sannadi,Athletic,Desc,6,434941,434040,Disponible,2026-09-23
Martim Neto,Elche,Desc,13,886597,904515,Disponible,2026-09-23
Martín Satriano,Getafe,Desc,44,18532977,18445622,Disponible,2026-09-23
Mathew Ryan,Levante,Desc,71,29391638,29800406,Disponible,2026-09-23
Matia Barzic,Elche,Desc,3,511629,513924,Disponible,2026-09-23
Matías Dituro,Elche,Desc,25,9704707,9633918,Disponible,2026-09-23
Matteo Prati,Racing,Desc,33,2488761,2563817,Disponible,2026-09-23
Mauro Echegoyen,Osasuna,Desc,0,473651,474363,Disponible,2026-09-23
Miguel Cubo,Atlético,Desc,0,474928,475694,Disponible,2026-09-23
Miguel Loureiro,Deportivo,Desc,30,1944547,1968926,Disponible,2026-09-23
Miguel Román,Celta,Desc,76,15593660,14739550,Disponible,2026-09-23
Miguel Sierra,Sevilla,Desc,82,8384717,7914060,Disponible,2026-09-23
Mikel Jauregizar,Athletic,Desc,35,12221521,12512069,Disponible,2026-09-23
Mikel Oyarzabal,Real Sociedad,Desc,52,49215035,50056538,Disponible,2026-09-23
Mikel Rodriguez,Alavés,Desc,39,1720902,1773462,Lesionado,2026-09-23
Moi Gómez,Osasuna,Desc,37,2977860,3048281,Duda,2026-09-23
Morten Hjulmand,Atlético,Desc,52,19755146,20250680,Disponible,2026-09-23
Mouctar Diakhaby,Valencia,Desc,12,2614103,2695401,Duda,2026-09-23
Nacho Pérez,Levante,Desc,47,2104108,2151072,Disponible,2026-09-23
Nahuel Tenaglia,Alavés,Desc,86,33004346,33301943,Disponible,2026-09-23
Natan,Betis,Desc,85,38984210,37197699,Disponible,2026-09-23
Nathan-Dylan Saliba,Villarreal,Desc,45,6486975,6500488,Disponible,2026-09-23
Nelson Deossa,Betis,Desc,63,4627368,4214829,Disponible,2026-09-23
Nemanja Gudelj,Getafe,Desc,14,5759317,5858786,Disponible,2026-09-23
Nico Guillén,Sevilla,Desc,14,1700619,1752454,Disponible,2026-09-23
Nico Serrano,Athletic,Desc,2,527333,530282,Disponible,2026-09-23
Nicolas Pépé,Villarreal,Desc,67,54318325,55612135,Disponible,2026-09-23
Nicolás Valentini,Alavés,Desc,25,661021,647899,Disponible,2026-09-23
Obed Vargas,Atlético,Desc,0,517729,520278,Disponible,2026-09-23
Odysseas Vlachodimos,Sevilla,Desc,63,32178189,31893856,Disponible,2026-09-23
Oihan Sancet,Athletic,Desc,65,41531664,42471183,Disponible,2026-09-23
Omar El Hilali,Espanyol,Desc,51,15213993,15326623,Disponible,2026-09-23
Orel Mangala,Getafe,Desc,43,10653385,10898933,Disponible,2026-09-23
Oriol Rey,Levante,Desc,42,2298375,2306071,Disponible,2026-09-23
Orri Steinn Óskarsson,Real Sociedad,Desc,17,6117663,6306919,Disponible,2026-09-23
Óscar López,Getafe,Desc,0,699360,709477,Disponible,2026-09-23
Óscar Valentín,Rayo,Desc,50,3104384,3159413,Disponible,2026-09-23
Pablo Barrios,Atlético,Desc,49,40606740,41783937,Duda,2026-09-23
Pablo Durán,Celta,Desc,36,778767,740959,Disponible,2026-09-23
Pablo Fornals,Betis,Desc,47,41720756,42309158,Disponible,2026-09-23
Pablo García,Deportivo,Desc,42,468964,468964,Disponible,2026-09-23
Pablo García,Racing,Desc,42,8196391,8269031,Disponible,2026-09-23
Pablo Gavi,Barcelona,Desc,4,13313499,13658232,Disponible,2026-09-23
Pablo Ibáñez,Alavés,Desc,67,13046011,12706808,Disponible,2026-09-23
Pablo Maffeo,Valencia,Desc,21,5531865,5658684,Disponible,2026-09-23
Pablo Marín,Real Sociedad,Desc,0,675118,684225,Disponible,2026-09-23
Pablo Martínez,Málaga,Desc,47,4315174,4422891,Disponible,2026-09-23
Pablo Ramón,Racing,Desc,49,1937563,1973598,Disponible,2026-09-23
Paco Cortés,Levante,Desc,7,513757,516140,Disponible,2026-09-23
Pape Gueye,Villarreal,Desc,87,34270145,33997460,Disponible,2026-09-23
Pau Cubarsí,Barcelona,Desc,37,61617749,62225173,Disponible,2026-09-23
Pau Navarro,Villarreal,Desc,12,3668652,3720110,Disponible,2026-09-23
Pedro Bigas,Elche,Desc,-7,1879774,1934667,Disponible,2026-09-23
Pedro Díaz,Rayo,Desc,45,1084344,1108969,Disponible,2026-09-23
Pedro Felipe,Racing,Desc,-8,950650,971237,Disponible,2026-09-23
Peio Canales,Athletic,Desc,29,5853432,6003316,Disponible,2026-09-23
Pepelu,Valencia,Desc,81,11854071,11495710,Disponible,2026-09-23
Peque,Sevilla,Desc,21,2036238,2094562,Disponible,2026-09-23
Pere Milla,Espanyol,Desc,4,3622914,3728354,Disponible,2026-09-23
Petar Ratkov,Levante,Desc,2,2464426,2540297,Disponible,2026-09-23
Pierre-Emerick Aubameyang,Deportivo,Desc,106,104370353,104217686,Disponible,2026-09-23
Pol Lozano,Espanyol,Desc,4,924334,943287,Disponible,2026-09-23
Quilindschy Hartman,Espanyol,Desc,12,2964018,3054035,Disponible,2026-09-23
Rafa Rodríguez,Málaga,Desc,24,2153283,2213248,Disponible,2026-09-23
Rafel Bauzà,Espanyol,Desc,16,533744,536960,Disponible,2026-09-23
Ramón Enríquez,Málaga,Desc,5,514685,517107,Disponible,2026-09-23
Ramón Terrats,Getafe,Desc,84,9960157,9460590,Disponible,2026-09-23
Randy Nteka,Rayo,Desc,10,848301,864624,Duda,2026-09-23
Raphinha,Barcelona,Desc,183,154517801,151198832,Disponible,2026-09-23
Raúl Asencio,Real Madrid,Desc,0,1681322,1723397,Disponible,2026-09-23
Raúl García,Osasuna,Desc,29,1414951,1434950,Disponible,2026-09-23
Raúl Jiménez,Valencia,Desc,0,1561503,0,Disponible,2026-09-23
Raul Moro,Osasuna,Desc,13,6916205,7134955,Lesionado,2026-09-23
Renato Veiga,Villarreal,Desc,29,23834635,23389566,Disponible,2026-09-23
Robbie Ure,Sevilla,Desc,18,9672398,9920609,Disponible,2026-09-23
Robert Navarro,Athletic,Desc,76,11787488,11116656,Disponible,2026-09-23
Robin Le Normand,Atlético,Desc,38,10478406,10482468,Disponible,2026-09-23
Rockson Yeboah,Osasuna,Desc,8,775993,789303,Disponible,2026-09-23
Rodrigo Gamón,Valencia,Desc,0,800000,800000,Disponible,2026-09-23
Rodrigo Mendoza,Atlético,Desc,23,853363,869897,Disponible,2026-09-23
Rodrigo Riquelme,Betis,Desc,66,19181625,19228686,Disponible,2026-09-23
Roger Hinojo,Espanyol,Desc,43,4411700,4529379,Disponible,2026-09-23
Romain Del Castillo,Osasuna,Desc,3,8059146,8313014,Disponible,2026-09-23
Roy Revivo,Elche,Desc,22,3593078,3567590,Disponible,2026-09-23
Rubén Gómez,Villarreal,Desc,0,460975,461159,Disponible,2026-09-23
Rubén Sánchez,Elche,Desc,10,437682,436896,Disponible,2026-09-23
Rubén Vargas,Sevilla,Desc,2,8400418,8659771,Duda,2026-09-23
Ryunosuke Sato,Valencia,Desc,20,5982736,6167456,Disponible,2026-09-23
Saba Sazonov,Getafe,Desc,12,678805,688065,Disponible,2026-09-23
Salvi Esquivel,Atlético,Desc,0,511127,513401,Disponible,2026-09-23
Samu Becerra,Rayo,Desc,0,538525,541940,Disponible,2026-09-23
Santi Comesaña,Villarreal,Desc,39,13788694,14216509,Duda,2026-09-23
Santiago Mouriño,Villarreal,Desc,20,15197030,15638401,Disponible,2026-09-23
Sebastián Boselli,Getafe,Desc,3,1032622,1056625,Disponible,2026-09-23
Sebastián Cáceres,Celta,Desc,24,4668924,4727958,Disponible,2026-09-23
Selu Diallo,Alavés,Desc,0,552891,556905,Disponible,2026-09-23
Sergio Camello,Rayo,Desc,113,28378497,26580573,Disponible,2026-09-23
Sergio Canales,Racing,Desc,67,26621362,27269414,Disponible,2026-09-23
Sergio Carreira,Celta,Desc,30,7754012,7808895,Disponible,2026-09-23
Sergio Gómez,Real Sociedad,Desc,44,16298342,16445677,Disponible,2026-09-23
Sergio Herrera,Osasuna,Desc,19,29235237,29979069,Disponible,2026-09-23
Sergio José Lozano,Rayo,Desc,0,484618,485787,Disponible,2026-09-23
Sergio Martínez,Real Madrid,Desc,28,1222222,1254125,Disponible,2026-09-23
Sergio Mestre,Real Madrid,Desc,0,677860,677860,Disponible,2026-09-23
Simon Eriksson,Racing,Desc,0,1088678,1115016,Duda,2026-09-23
Stole Dimitrievski,Valencia,Desc,68,21569248,21627518,Disponible,2026-09-23
Takefusa Kubo,Real Sociedad,Desc,23,17816731,18282883,Disponible,2026-09-23
Tani Oluwaseyi,Villarreal,Desc,8,1072720,1098393,Disponible,2026-09-23
Tete Morente,Elche,Desc,46,3174724,3055493,Disponible,2026-09-23
Theo Folgado,Real Sociedad,Desc,0,702606,702606,Disponible,2026-09-23
Thibaut Courtois,Real Madrid,Desc,59,58933909,59575830,Disponible,2026-09-23
Thomas Lemar,Elche,Desc,28,4080565,4068814,Disponible,2026-09-23
Toni Martinez,Alavés,Desc,31,16492221,16918362,Disponible,2026-09-23
Trent Alexander-Arnold,Real Madrid,Desc,37,20179153,20564905,Disponible,2026-09-23
Tyrhys Dolan,Espanyol,Desc,27,14526936,14871979,Disponible,2026-09-23
Umar Sadiq,Valencia,Desc,19,2675749,2755142,Lesionado,2026-09-23
Unai López,Rayo,Desc,84,16923663,16696624,Disponible,2026-09-23
Unai Marrero,Real Sociedad,Desc,23,741380,753248,Disponible,2026-09-23
Unai Santos,Osasuna,Desc,1,485399,486601,Disponible,2026-09-23
Unai Simón,Athletic,Desc,72,47150983,47619681,Disponible,2026-09-23
Valentín Gómez,Betis,Desc,43,1997705,1883630,Disponible,2026-09-23
Vanja Drkusic,Espanyol,Desc,11,1545887,1591276,Disponible,2026-09-23
Víctor Chust,Elche,Desc,14,4124855,4182237,Disponible,2026-09-23
Víctor García,Levante,Desc,3,846177,862411,Disponible,2026-09-23
Ville Koski,Alavés,Desc,71,17772561,16700958,Disponible,2026-09-23
Williot Swedberg,Celta,Desc,43,4030793,4127169,Disponible,2026-09-23
Wojciech Szczesny,Barcelona,Desc,-5,1259992,1286232,Disponible,2026-09-23
Xanet Oláiz,Alavés,Desc,2,469338,469870,Disponible,2026-09-23
Xavi Espart,Barcelona,Desc,79,40717013,39698094,Disponible,2026-09-23
Yangel Herrera,Real Sociedad,Desc,50,5239933,5230088,Disponible,2026-09-23
Yanis Musuayi,Levante,Desc,0,1006525,1029440,Disponible,2026-09-23
Yassir Zabiri,Racing,Desc,70,18509325,17749569,Disponible,2026-09-23
Yoel Lago,Celta,Desc,63,8650965,8081540,Disponible,2026-09-23
Youssouf Fofana,Sevilla,Desc,41,17030597,16378985,Disponible,2026-09-23
Zaid Romero,Getafe,Desc,55,26827813,25911984,Disponible,2026-09-23
Zakaria Eddahchouri,Deportivo,Desc,15,863397,880349,Disponible,2026-09-23
Llorenç Serred,Espanyol,Desc,0,460205,460075,Disponible,2026-09-24
Aaron Ndive Mayol,Valencia,Desc,24,807677,768599,Disponible,2026-09-24
Abde Rebbach,Alavés,Desc,63,5145171,5172574,Disponible,2026-09-24
Abdel Abqar,Getafe,Desc,6,3100577,3196693,Duda,2026-09-24
Abdoulaye Faye,Celta,Desc,3,1553319,1598736,Disponible,2026-09-24
Abel Bretones,Osasuna,Desc,31,8906048,9120350,Disponible,2026-09-24
Abiel Osorio,Elche,Desc,23,699164,708991,Disponible,2026-09-24
Adam Aznou,Málaga,Desc,0,1017279,0,Disponible,2026-09-24
Adama Timera,Espanyol,Desc,0,483766,484618,Disponible,2026-09-24
Ademola Lookman,Atlético,Desc,37,41996205,43012828,Disponible,2026-09-24
Adrià Altimira,Deportivo,Desc,15,3755419,3859640,Disponible,2026-09-24
Adrià Pedrosa,Rayo,Desc,35,2632042,2588305,Disponible,2026-09-24
Adrián Molina,Rayo,Desc,0,502201,503821,Disponible,2026-09-24
Adrián Niño,Málaga,Desc,11,958798,979443,Disponible,2026-09-24
Aimar Blázquez,Valencia,Desc,3,581656,581656,Disponible,2026-09-24
Aimar Oroz,Osasuna,Desc,17,7143931,7351898,Duda,2026-09-24
Aissa Mandi,Levante,Desc,48,11500413,11791851,Disponible,2026-09-24
Aitor Fraga,Real Sociedad,Desc,0,602234,602234,Disponible,2026-09-24
Aitor Mañas,Alavés,Desc,6,454827,454473,Disponible,2026-09-24
Aitor Paredes,Athletic,Desc,58,14405303,13958356,Disponible,2026-09-24
Alassane Diatta,Villarreal,Desc,0,457903,457677,Disponible,2026-09-24
Alberto Calatrava,Levante,Desc,0,554506,558305,Disponible,2026-09-24
Alberto Moleiro,Villarreal,Desc,97,44887720,42857206,Disponible,2026-09-24
Alberto Risco,Getafe,Desc,3,488343,489386,Disponible,2026-09-24
Aleix Febas,Celta,Desc,19,12219961,12572900,Disponible,2026-09-24
Alejandro Balde,Barcelona,Desc,5,9642521,9924455,Disponible,2026-09-24
Alejandro Catena,Osasuna,Desc,41,28332302,29038076,Disponible,2026-09-24
Alejandro Iturbe,Elche,Desc,0,515422,517593,Disponible,2026-09-24
Alejandro Panach,Valencia,Desc,0,484630,485518,Disponible,2026-09-24
Alejandro Rego,Athletic,Desc,0,1622779,1671090,Disponible,2026-09-24
Alemão,Rayo,Desc,12,1314505,1349971,Disponible,2026-09-24
Álex Baena,Atlético,Desc,105,68638571,67216363,Disponible,2026-09-24
Álex Berenguer,Athletic,Desc,55,10742969,10954071,Disponible,2026-09-24
Álex Calatrava,Espanyol,Desc,51,5347369,5486259,Disponible,2026-09-24
Alex Freeman,Villarreal,Desc,27,1615711,1525800,Disponible,2026-09-24
Álex Grimaldo,Atlético,Desc,76,45518209,43207194,Disponible,2026-09-24
Alex Lebarbier,Real Sociedad,Desc,0,602234,602234,Disponible,2026-09-24
Alex Marchal,Real Sociedad,Desc,11,547201,550696,Disponible,2026-09-24
Alex Padilla,Athletic,Desc,0,682159,691277,Disponible,2026-09-24
Álex Pastor,Málaga,Desc,0,422254,420543,Disponible,2026-09-24
Álex Remiro,Real Sociedad,Desc,62,35527169,36072721,Disponible,2026-09-24
Alexis Ciria,Real Madrid,Desc,0,568166,572535,Disponible,2026-09-24
Alfonso Herrero,Málaga,Desc,69,19142432,18856589,Disponible,2026-09-24
Aliou Dieng,Valencia,Desc,28,1769835,1819611,Disponible,2026-09-24
Altay Bayindir,Celta,Desc,0,937900,957674,Disponible,2026-09-24
Álvaro Djaló,Athletic,Desc,2,557582,561510,Disponible,2026-09-24
Álvaro Fidalgo,Betis,Desc,3,1045787,1070056,Disponible,2026-09-24
Álvaro García,Rayo,Desc,71,16808405,17150726,Disponible,2026-09-24
Álvaro Mantilla,Racing,Desc,25,1432681,1471054,Disponible,2026-09-24
Álvaro Padilla,Elche,Desc,0,595508,601016,Disponible,2026-09-24
Álvaro Valles,Betis,Desc,127,60121001,58482115,Disponible,2026-09-24
Ander Barrenetxea,Real Sociedad,Desc,43,20784016,20478346,Disponible,2026-09-24
Ander Guevara,Alavés,Desc,17,574199,578819,Disponible,2026-09-24
Andoni Gorosabel,Espanyol,Desc,0,922792,941937,Disponible,2026-09-24
André Almeida,Racing,Desc,9,1068560,1093778,Disponible,2026-09-24
Andrei Ratiu,Rayo,Desc,43,21012025,21430623,Disponible,2026-09-24
Andrés Antañón,Celta,Desc,3,535517,538525,Duda,2026-09-24
Andrés Castrín,Sevilla,Desc,54,7278698,6971968,Disponible,2026-09-24
Andrés Céspedes,Málaga,Desc,0,401498,401498,Disponible,2026-09-24
Andrés García,Getafe,Desc,55,7647830,7570369,Disponible,2026-09-24
Andrés Martín,Racing,Desc,30,10130151,10427769,Lesionado,2026-09-24
Andrés Vallecillo,Racing,Desc,0,483331,484165,Disponible,2026-09-24
Andriy Lunin,Real Madrid,Desc,0,1057165,1081909,Disponible,2026-09-24
Ángel Fortuño,Espanyol,Desc,0,455179,454840,Disponible,2026-09-24
Ángel Ortiz,Betis,Desc,29,865253,882000,Disponible,2026-09-24
Ángel Pérez,Alavés,Desc,75,27488985,26774369,Disponible,2026-09-24
Angel Recio,Málaga,Desc,26,2483857,2427862,Disponible,2026-09-24
Angeliño,Deportivo,Desc,-1,6458617,6657289,Disponible,2026-09-24
Ante Budimir,Osasuna,Desc,94,61115223,60733378,Disponible,2026-09-24
Anthony Gordon,Barcelona,Desc,52,73735689,75263398,Disponible,2026-09-24
Antonio Blanco,Alavés,Desc,56,17787019,18181052,Disponible,2026-09-24
Antonio Rüdiger,Real Madrid,Desc,35,19507518,19255207,Disponible,2026-09-24
Antonio Sivera,Alavés,Desc,98,44242580,43500929,Disponible,2026-09-24
Antony,Betis,Desc,78,59989790,59328164,Disponible,2026-09-24
Arda Güler,Real Madrid,Desc,108,104947450,103676258,Disponible,2026-09-24
Arnau Comas,Deportivo,Desc,0,489540,490633,Disponible,2026-09-24
Arnau Ortiz,Atlético,Desc,15,807832,822187,Disponible,2026-09-24
Arnaut Danjuma,Valencia,Desc,37,4663241,4579236,Disponible,2026-09-24
Arouna Sangante,Sevilla,Desc,16,6656416,6836847,Disponible,2026-09-24
Arsen Zakharyan,Real Sociedad,Desc,3,559945,563971,Disponible,2026-09-24
Asier Bonel,Osasuna,Desc,0,613015,619252,Disponible,2026-09-24
Asier Osambela,Osasuna,Desc,31,456234,455939,Disponible,2026-09-24
Asier Villalibre,Racing,Desc,16,3166012,3258268,Disponible,2026-09-24
Augusto Batalla,Rayo,Desc,21,13867498,14294089,Lesionado,2026-09-24
Aurélien Tchouaméni,Real Madrid,Desc,25,21101429,21363297,Disponible,2026-09-24
Axel Tape,Levante,Desc,0,1523105,1567263,Disponible,2026-09-24
Aymeric Laporte,Athletic,Desc,47,44081242,43279281,Disponible,2026-09-24
Beñat Gerenabarrena,Athletic,Desc,45,3648671,3731343,Disponible,2026-09-24
Beñat Prados,Athletic,Desc,0,651085,658909,Disponible,2026-09-24
Beñat Turrientes,Real Sociedad,Desc,43,6277767,6446914,Disponible,2026-09-24
Bernardo Silva,Real Madrid,Desc,41,35121755,35727224,Disponible,2026-09-24
Bil Nsongo,Deportivo,Desc,33,7635943,7690625,Disponible,2026-09-24
Borja Iglesias,Celta,Desc,2,11024664,11297106,Disponible,2026-09-24
Borja Mayoral,Getafe,Desc,1,1162873,1192021,Disponible,2026-09-24
Boyomo,Osasuna,Desc,16,11986264,12354560,Disponible,2026-09-24
Brian Fariñas,Barcelona,Desc,0,580432,585312,Disponible,2026-09-24
Bright Ede,Deportivo,Desc,22,3476447,3534240,Disponible,2026-09-24
Buba Sangaré,Elche,Desc,23,3216532,3313845,Duda,2026-09-24
Carl Starfelt,Celta,Desc,29,8362317,8586036,Disponible,2026-09-24
Carles Aleñá,Alavés,Desc,24,2644862,2701603,Disponible,2026-09-24
Carlos Dotor,Málaga,Desc,69,5016220,4975525,Disponible,2026-09-24
Carlos Espí,Real Madrid,Desc,27,13535026,13742449,Disponible,2026-09-24
Carlos López,Málaga,Desc,0,424173,422542,Disponible,2026-09-24
Carlos Macià,Villarreal,Desc,13,584676,589733,Disponible,2026-09-24
Carlos Puga,Málaga,Desc,23,3087507,3173908,Disponible,2026-09-24
Carlos Romero,Villarreal,Desc,19,18601758,19132247,Disponible,2026-09-24
Carlos Soler,Real Sociedad,Desc,69,32209609,31231808,Disponible,2026-09-24
César Tárrega,Valencia,Desc,36,6949454,7166336,Duda,2026-09-24
Cheikh Thiam,Villarreal,Desc,0,555511,559352,Disponible,2026-09-24
Chidera Ejuke,Sevilla,Desc,24,5568452,5686694,Disponible,2026-09-24
Chupete,Málaga,Desc,34,21317555,21937682,Disponible,2026-09-24
Clemens Riedel,Espanyol,Desc,30,5530352,5632827,Disponible,2026-09-24
Coke Carrillo,Celta,Desc,0,1567556,0,Disponible,2026-09-24
Couhaib Driouech,Celta,Desc,11,2266415,2334227,Disponible,2026-09-24
Cristian Rivero,Valencia,Desc,0,445253,444500,Disponible,2026-09-24
Cristian Romero,Atlético,Desc,51,40653596,39074921,Disponible,2026-09-24
Dakonam Djené,Getafe,Desc,42,19554059,18956633,Disponible,2026-09-24
Dani Barcia,Deportivo,Desc,0,617218,623630,Disponible,2026-09-24
Dani Cárdenas,Rayo,Desc,13,1128458,1156172,Disponible,2026-09-24
Dani Ceballos,Betis,Desc,17,17063723,17476843,Disponible,2026-09-24
Dani Lorenzo,Málaga,Desc,44,10371098,10494841,Disponible,2026-09-24
Dani Martínez,Atlético,Desc,12,499122,500614,Disponible,2026-09-24
Dani Olmo,Barcelona,Desc,63,48320774,48263152,Disponible,2026-09-24
Dani Requena,Levante,Desc,8,810222,824676,Disponible,2026-09-24
Daniel Raba,Valencia,Desc,2,681589,690684,Disponible,2026-09-24
David Hancko,Atlético,Desc,61,40408854,39862751,Disponible,2026-09-24
David Larrubia,Málaga,Desc,73,21962733,22554213,Disponible,2026-09-24
David Mella,Deportivo,Desc,13,1518253,1556709,Disponible,2026-09-24
David Otorbi,Valencia,Desc,37,611335,612393,Disponible,2026-09-24
David Soria,Getafe,Desc,86,37920742,37357161,Disponible,2026-09-24
Davinchi,Getafe,Desc,4,1199226,1229889,Disponible,2026-09-24
Dean Huijsen,Real Madrid,Desc,56,49209239,50641304,Disponible,2026-09-24
Denis Suárez,Alavés,Desc,46,2922554,2934144,Disponible,2026-09-24
Denzel Dumfries,Real Madrid,Desc,35,28212679,28854917,Disponible,2026-09-24
Diego Conde,Betis,Desc,0,1085800,1111737,Disponible,2026-09-24
Diego Ferrer,Getafe,Desc,0,489447,490536,Disponible,2026-09-24
Diego Rico,Osasuna,Desc,2,1832586,1888992,Disponible,2026-09-24
Diego Villares,Deportivo,Desc,25,1032246,1046661,Disponible,2026-09-24
Dimitri Foulquier,Valencia,Desc,0,827595,842773,Duda,2026-09-24
Dominik Livakovic,Barcelona,Desc,6,2654638,2602757,Disponible,2026-09-24
Eder Aller,Barcelona,Desc,0,702705,702705,Disponible,2026-09-24
Edu Altozano,Sevilla,Desc,0,467940,468133,Disponible,2026-09-24
Edu Expósito,Espanyol,Desc,83,31100933,31633387,Disponible,2026-09-24
Eduardo Camavinga,Real Madrid,Desc,27,7624263,7788433,Disponible,2026-09-24
Einar Galilea,Málaga,Desc,30,5363654,5472306,Disponible,2026-09-24
Emil Audero,Rayo,Desc,32,5080158,5124410,Disponible,2026-09-24
Endrick,Real Madrid,Desc,0,2915349,2990009,Disponible,2026-09-24
Eneko Jauregi,Málaga,Desc,4,614813,621125,Disponible,2026-09-24
Enes Ünal,Getafe,Desc,31,14896201,15261035,Disponible,2026-09-24
Eric Garcia,Barcelona,Desc,49,42957351,43404469,Disponible,2026-09-24
Ezequiel Ponce,Elche,Desc,10,795819,809673,Disponible,2026-09-24
Facundo Bernal,Betis,Desc,54,13002989,13210334,Disponible,2026-09-24
Facundo Buonanotte,Elche,Desc,35,3220265,3306026,Disponible,2026-09-24
Federico Redondo,Elche,Desc,55,1192473,1222854,Disponible,2026-09-24
Federico Valverde,Real Madrid,Desc,69,58630129,60199276,Lesionado,2026-09-24
Félix Correia,Sevilla,Desc,23,5350613,5391193,Disponible,2026-09-24
Ferran Jutglà,Celta,Desc,30,9830251,9635696,Disponible,2026-09-24
Filip Ugrinic,Valencia,Desc,76,3189215,3242190,Disponible,2026-09-24
Florian Lejeune,Rayo,Desc,41,17985935,18277933,Disponible,2026-09-24
Fran García,Betis,Desc,53,28531986,28893855,Disponible,2026-09-24
Fran González,Sevilla,Desc,0,486786,487764,Disponible,2026-09-24
Gabriel Moscardo,Espanyol,Desc,21,3024135,3116822,Disponible,2026-09-24
Gabriel Suazo,Sevilla,Desc,62,6841276,6662039,Disponible,2026-09-24
Georges Mikautadze,Villarreal,Desc,63,48175262,48783296,Disponible,2026-09-24
Georgiy Tsitaishvili,Rayo,Desc,19,1119300,1146633,Disponible,2026-09-24
Gerard Martín,Barcelona,Desc,65,45780551,46623090,Disponible,2026-09-24
Germán Parreño,Deportivo,Desc,0,466325,466450,Disponible,2026-09-24
Germán Valera,Elche,Desc,84,13334822,13274830,Disponible,2026-09-24
Giacomo Quagliata,Deportivo,Desc,38,4339033,4236087,Disponible,2026-09-24
Giorgi Guliashvili,Racing,Desc,2,761809,774246,Disponible,2026-09-24
Giorgi Kochorashvili,Sevilla,Desc,28,5873547,6001826,Disponible,2026-09-24
Giovani Lo Celso,Betis,Desc,4,11885058,12231224,Disponible,2026-09-24
Gnangoro Bouare,Rayo,Desc,28,780842,794072,Disponible,2026-09-24
Gonçalo Guedes,Real Sociedad,Desc,38,16254080,16384084,Disponible,2026-09-24
Gonzalo Villar,Elche,Desc,85,9783891,9901903,Disponible,2026-09-24
Gorka Carrera,Real Sociedad,Desc,0,509468,511391,Disponible,2026-09-24
Gorka Guruzeta,Athletic,Desc,5,6667203,6873133,Duda,2026-09-24
Grady Diangana,Elche,Desc,0,584883,589948,Disponible,2026-09-24
Grégoire Swiderski,Alavés,Desc,0,468296,468503,Disponible,2026-09-24
Hamza Abdelkarim,Barcelona,Desc,2,2447055,2511328,Disponible,2026-09-24
Héctor Bellerín,Betis,Desc,56,17958525,17697446,Disponible,2026-09-24
Héctor Fort,Real Sociedad,Desc,3,2827301,2899430,Disponible,2026-09-24
Hugo Burcio,Celta,Desc,7,548623,552177,Disponible,2026-09-24
Hugo Duro,Valencia,Desc,21,4481914,4544911,Disponible,2026-09-24
Hugo González,Celta,Desc,56,2445367,2269681,Disponible,2026-09-24
Hugo Novoa,Alavés,Desc,0,533076,535983,Disponible,2026-09-24
Hugo Pérez,Racing,Desc,0,663175,671502,Disponible,2026-09-24
Hugo Rincón,Athletic,Desc,4,1241445,1273867,Disponible,2026-09-24
Hugo Sotelo,Levante,Desc,9,744758,756485,Duda,2026-09-24
Iago Aspas,Celta,Desc,21,5054185,5198608,Duda,2026-09-24
Ibai Aguirre,R. Sociedad B,Desc,0,602257,602257,Disponible,2026-09-24
Ibrahima Konaté,Real Madrid,Desc,12,35414459,36060295,Disponible,2026-09-24
Ifeanyi Ndukwe,Levante,Desc,6,1201249,1231996,Disponible,2026-09-24
Igor Galdin,Levante,Desc,0,483833,484688,Disponible,2026-09-24
Igor Zubeldia,Real Sociedad,Desc,36,9727831,10026464,Disponible,2026-09-24
Iker Córdoba,Valencia,Desc,6,876059,893257,Disponible,2026-09-24
Iker Losada,Betis,Desc,0,933551,953144,Disponible,2026-09-24
Iker Luque,Racing,Desc,10,1127607,1155286,Disponible,2026-09-24
Iker Monreal,Athletic,Desc,0,548623,552177,Disponible,2026-09-24
Iker Muñoz,Sevilla,Desc,41,467940,468133,Disponible,2026-09-24
Iker Muñoz,Osasuna,Desc,41,1850101,1884165,Disponible,2026-09-24
Iker Muñoz,Sevilla,Desc,0,467940,468133,Disponible,2026-09-24
Iker Muñoz,Osasuna,Desc,0,1850101,1884165,Disponible,2026-09-24
Ilaix Moriba,Celta,Desc,66,10490905,9891272,Disponible,2026-09-24
Ilias Akhomach,Villarreal,Desc,26,3058082,2821643,Disponible,2026-09-24
Iñigo Arguibide,Osasuna,Desc,25,3178460,3238668,Disponible,2026-09-24
Íñigo Sainz-Maza,Racing,Desc,12,498145,499596,Disponible,2026-09-24
Iñigo Vicente,Racing,Desc,80,31583325,32131404,Disponible,2026-09-24
Ionut Radu,Celta,Desc,82,43881023,43268024,Disponible,2026-09-24
Isaac Romero,Sevilla,Desc,24,4887411,5000779,Disponible,2026-09-24
Iván Alonso,Rayo,Desc,0,460187,460056,Disponible,2026-09-24
Iván Azón,Getafe,Desc,35,4178870,4106822,Disponible,2026-09-24
Iván Balliu,Rayo,Desc,0,580774,585668,Disponible,2026-09-24
Iván Martín,Racing,Desc,55,6883247,7047091,Disponible,2026-09-24
Iván Romero,Levante,Desc,54,6363363,6279135,Disponible,2026-09-24
Iván Villar,Celta,Desc,0,544379,547756,Disponible,2026-09-24
Izan Merino,Málaga,Desc,31,3235846,3324402,Disponible,2026-09-24
Jan Oblak,Atlético,Desc,59,48256503,47667142,Disponible,2026-09-24
Jaume Durá,Valencia,Desc,0,689918,699360,Disponible,2026-09-24
Javi Galán,Celta,Desc,23,6798139,6967114,Disponible,2026-09-24
Javi Guerra,Valencia,Desc,45,19481168,19789997,Disponible,2026-09-24
Javi Morcillo,Elche,Desc,47,768319,762985,Disponible,2026-09-24
Javi Navarro,Real Madrid,Desc,0,702622,702622,Disponible,2026-09-24
Javi Rodríguez,Celta,Desc,16,6864120,7065561,Disponible,2026-09-24
Javi Rueda,Celta,Desc,42,5428695,5406391,Disponible,2026-09-24
Javier Hernández,Espanyol,Desc,70,16857434,17060463,Disponible,2026-09-24
Jean Ives Valou,Getafe,Desc,-5,467940,468133,Disponible,2026-09-24
Jeanuël Belocian,Racing,Desc,6,2762406,2841216,Disponible,2026-09-24
Jeremy Toljan,Levante,Desc,14,1703957,1736674,Disponible,2026-09-24
Jesús Areso,Athletic,Desc,47,3931033,4005257,Disponible,2026-09-24
Jesús Vázquez,Valencia,Desc,27,1457476,1492352,Disponible,2026-09-24
Jiri Letácek,Getafe,Desc,0,487187,488181,Disponible,2026-09-24
Joan Garcia,Barcelona,Desc,56,62184660,63625581,Duda,2026-09-24
Joao Cancelo,Barcelona,Desc,19,33048511,32240390,Disponible,2026-09-24
Job Ochieng,Real Sociedad,Desc,40,1294795,1258900,Disponible,2026-09-24
Johan Mojica,Getafe,Desc,84,14814324,14675006,Disponible,2026-09-24
Johnny Cardoso,Atlético,Desc,23,3547325,3390871,Disponible,2026-09-24
Jon Ander Olasagasti,Levante,Desc,73,8815796,8974128,Disponible,2026-09-24
Jon Aramburu,Real Sociedad,Desc,58,18706654,19002909,Disponible,2026-09-24
Jon Gorrotxategi,Real Sociedad,Desc,22,2274687,2330885,Disponible,2026-09-24
Jon Guridi,Sevilla,Desc,38,6424284,6525057,Disponible,2026-09-24
Jon Martín,Real Sociedad,Desc,23,21916149,22422163,Disponible,2026-09-24
Jon Moncayola,Osasuna,Desc,50,6633138,6787304,Disponible,2026-09-24
Jon Pacheco,Real Sociedad,Desc,3,1429191,1469436,Disponible,2026-09-24
Jonathan Asp Jensen,Deportivo,Desc,40,3350857,3429406,Disponible,2026-09-24
Jonathan David,Atlético,Desc,57,41328388,39307610,Disponible,2026-09-24
Jonathan Dubasin,Osasuna,Desc,22,5666556,5829194,Disponible,2026-09-24
Jones El-Abdellaoui,Celta,Desc,12,740450,751997,Lesionado,2026-09-24
Jordi Pesquer,Barcelona,Desc,0,600000,600000,Disponible,2026-09-24
Jorge Cabello,Levante,Desc,0,512203,514240,Disponible,2026-09-24
Jorge Castellanos,Racing,Desc,0,483766,484618,Disponible,2026-09-24
Jorge Castillo,Atlético,Desc,0,1000000,1000000,Disponible,2026-09-24
Jorge Cestero,Real Madrid,Desc,0,482316,483108,Disponible,2026-09-24
Jorge Domínguez,Atlético,Desc,2,1716990,1769226,Disponible,2026-09-24
Jorge Herrando,Osasuna,Desc,24,1203420,1234258,Lesionado,2026-09-24
Jorge Salinas,Racing,Desc,60,6289322,6427603,Disponible,2026-09-24
José Ángel Carmona,Sevilla,Desc,2,1641149,1687718,Disponible,2026-09-24
José Antonio Morante,Betis,Desc,0,997531,1019790,Disponible,2026-09-24
José Gayà,Valencia,Desc,39,7424199,7544798,Disponible,2026-09-24
José María Giménez,Deportivo,Desc,28,12718003,12185855,Disponible,2026-09-24
José Salinas,Málaga,Desc,19,920607,926421,Disponible,2026-09-24
Joseph Otu,Málaga,Desc,0,600345,606054,Disponible,2026-09-24
Jozhua Vertrouwd,Rayo,Desc,-1,606710,612685,Duda,2026-09-24
Juan Berrocal,Málaga,Desc,12,689138,698547,Disponible,2026-09-24
Juan Carlos Arana,Racing,Desc,1,505396,507149,Disponible,2026-09-24
Juan Cruz,Málaga,Desc,31,5913713,6076738,Disponible,2026-09-24
Juan Foyth,Villarreal,Desc,28,11022841,11269878,Disponible,2026-09-24
Juan Iglesias,Sevilla,Desc,81,18270711,17664620,Disponible,2026-09-24
Juan Musso,Atlético,Desc,0,1719855,1765424,Disponible,2026-09-24
Juani,Málaga,Desc,0,920629,939684,Disponible,2026-09-24
Jude Bellingham,Real Madrid,Desc,130,119919963,120850092,Disponible,2026-09-24
Julen Agirrezabala,Racing,Desc,76,24569567,24098012,Disponible,2026-09-24
Julen Lobete,Málaga,Desc,0,503145,504804,Lesionado,2026-09-24
Jules Koundé,Barcelona,Desc,14,23640990,24208951,Disponible,2026-09-24
Julio Díaz,Sevilla,Desc,1,439451,438457,Disponible,2026-09-24
Karim Adeyemi,Barcelona,Desc,64,68358776,66076420,Disponible,2026-09-24
Karl Etta Eyong,Levante,Desc,10,10263350,10575966,Duda,2026-09-24
Kevin Sánchez,Deportivo,Desc,0,534063,537011,Disponible,2026-09-24
Kike Barja,Osasuna,Desc,32,1385083,1416500,Disponible,2026-09-24
Kike Ribes,Celta Fortuna,Desc,0,600000,600000,Disponible,2026-09-24
Kike Salas,Sevilla,Desc,49,11894083,11602406,Disponible,2026-09-24
Kiko Femenia,Getafe,Desc,2,1611308,1659141,Duda,2026-09-24
Kylian Mbappé,Real Madrid,Desc,147,153364198,151772002,Disponible,2026-09-24
Lamine Yamal,Barcelona,Desc,157,158927883,155798310,Disponible,2026-09-24
Laro Gómez,Racing,Desc,0,602234,602234,Disponible,2026-09-24
Leandro Cabrera,Espanyol,Desc,31,10705413,10901096,Disponible,2026-09-24
Leo Román,Deportivo,Desc,56,36193740,36393331,Disponible,2026-09-24
Logan Costa,Villarreal,Desc,-2,610752,616895,Disponible,2026-09-24
Lorenzo Amatucci,Deportivo,Desc,66,16179320,16503230,Disponible,2026-09-24
Lucas Boyé,Alavés,Desc,77,32443916,31995705,Disponible,2026-09-24
Lucas Cepeda,Elche,Desc,42,1620583,1559754,Disponible,2026-09-24
Lucas Noubi,Deportivo,Desc,47,14433336,14798053,Disponible,2026-09-24
Lucas Stassin,Sevilla,Desc,27,14965981,15425203,Duda,2026-09-24
Lucas Torró,Osasuna,Desc,19,1245561,1278154,Disponible,2026-09-24
Lucien Agoume,Sevilla,Desc,81,13129567,12816244,Disponible,2026-09-24
Luis Rioja,Valencia,Desc,23,4858252,4972700,Disponible,2026-09-24
Luiz Junior,Villarreal,Desc,8,21107292,21738427,Disponible,2026-09-24
Luken Beitia,Real Sociedad,Desc,5,455163,454823,Disponible,2026-09-24
Manel Usedo,Levante,Desc,0,507346,509180,Disponible,2026-09-24
Manu Bueno,Sevilla,Desc,5,511192,513187,Disponible,2026-09-24
Manu González,Betis,Desc,0,581691,581691,Disponible,2026-09-24
Manu Hernando,Racing,Desc,22,1997700,2056937,Disponible,2026-09-24
Manu Sánchez,Levante,Desc,62,4793106,4910850,Disponible,2026-09-24
Manuel Ángel Castillo,Sevilla,Desc,0,900000,900000,Disponible,2026-09-24
Marash Kumbulla,Rayo,Desc,0,1705691,1757456,Disponible,2026-09-24
Marc Aguado,Elche,Desc,32,3332372,3427776,Disponible,2026-09-24
Marc Bartra,Betis,Desc,73,35581877,36633834,Disponible,2026-09-24
Marc Bernal,Barcelona,Desc,54,27628686,27658307,Disponible,2026-09-24
Marc Casadó,Deportivo,Desc,12,6360325,6541874,Lesionado,2026-09-24
Marc Cucurella,Real Madrid,Desc,36,49718008,50735204,Disponible,2026-09-24
Marc Roca,Betis,Desc,61,16701380,16189451,Disponible,2026-09-24
Marc Santos,Levante,Desc,3,530927,533744,Disponible,2026-09-24
Marcão,Sevilla,Desc,0,473531,473957,Disponible,2026-09-24
Marco Román,Rayo,Desc,0,507346,509180,Disponible,2026-09-24
Marcos Navarro,Valencia,Desc,0,501909,501909,Disponible,2026-09-24
Mario Martín,Getafe,Desc,28,2189718,2250989,Disponible,2026-09-24
Mario Rivas,Real Madrid,Desc,0,700000,700000,Disponible,2026-09-24
Marko Dmitrovic,Espanyol,Desc,73,38779309,39278771,Disponible,2026-09-24
Maroan Sannadi,Athletic,Desc,6,436076,434941,Disponible,2026-09-24
Martim Neto,Elche,Desc,13,869666,886597,Disponible,2026-09-24
Martín Satriano,Getafe,Desc,44,18607297,18532977,Disponible,2026-09-24
Mathew Ryan,Levante,Desc,71,29010450,29391638,Disponible,2026-09-24
Matia Barzic,Elche,Desc,3,509697,511629,Disponible,2026-09-24
Matías Dituro,Elche,Desc,25,9748854,9704707,Disponible,2026-09-24
Matteo Prati,Racing,Desc,33,2416813,2488761,Disponible,2026-09-24
Mauro Echegoyen,Osasuna,Desc,0,473238,473651,Disponible,2026-09-24
Miguel Cubo,Atlético,Desc,0,474464,474928,Disponible,2026-09-24
Miguel Loureiro,Deportivo,Desc,30,1914039,1944547,Disponible,2026-09-24
Miguel Román,Celta,Desc,76,16472089,15593660,Disponible,2026-09-24
Miguel Sierra,Sevilla,Desc,82,8910445,8384717,Disponible,2026-09-24
Mikel Jauregizar,Athletic,Desc,35,11948579,12221521,Disponible,2026-09-24
Mikel Oyarzabal,Real Sociedad,Desc,52,48418422,49215035,Disponible,2026-09-24
Mikel Rodriguez,Alavés,Desc,39,1672138,1720902,Lesionado,2026-09-24
Moi Gómez,Osasuna,Desc,37,2909286,2977860,Duda,2026-09-24
Morten Hjulmand,Atlético,Desc,52,19262275,19755146,Disponible,2026-09-24
Mouctar Diakhaby,Valencia,Desc,12,2536131,2614103,Duda,2026-09-24
Nacho Pérez,Levante,Desc,47,2056800,2104108,Disponible,2026-09-24
Nahuel Tenaglia,Alavés,Desc,86,32681103,33004346,Disponible,2026-09-24
Natan,Betis,Desc,85,40571059,38984210,Disponible,2026-09-24
Nathan-Dylan Saliba,Villarreal,Desc,45,6461909,6486975,Disponible,2026-09-24
Nelson Deossa,Betis,Desc,63,5050517,4627368,Disponible,2026-09-24
Nemanja Gudelj,Getafe,Desc,14,5665157,5759317,Disponible,2026-09-24
Nico Guillén,Sevilla,Desc,14,1651127,1700619,Disponible,2026-09-24
Nico Serrano,Athletic,Desc,2,524772,527333,Disponible,2026-09-24
Nicolas Pépé,Villarreal,Desc,67,53068070,54318325,Disponible,2026-09-24
Nicolás Valentini,Alavés,Desc,25,672151,661021,Disponible,2026-09-24
Obed Vargas,Atlético,Desc,0,515553,517729,Disponible,2026-09-24
Odysseas Vlachodimos,Sevilla,Desc,63,32477824,32178189,Disponible,2026-09-24
Oihan Sancet,Athletic,Desc,65,40646929,41531664,Disponible,2026-09-24
Omar El Hilali,Espanyol,Desc,51,15253897,15213993,Disponible,2026-09-24
Orel Mangala,Getafe,Desc,43,10410942,10653385,Disponible,2026-09-24
Oriol Rey,Levante,Desc,42,2288928,2298375,Disponible,2026-09-24
Orri Steinn Óskarsson,Real Sociedad,Desc,17,5936222,6117663,Disponible,2026-09-24
Óscar López,Getafe,Desc,0,689918,699360,Disponible,2026-09-24
Óscar Valentín,Rayo,Desc,50,3044224,3104384,Disponible,2026-09-24
Pablo Barrios,Atlético,Desc,49,39489907,40606740,Duda,2026-09-24
Pablo Durán,Celta,Desc,36,816611,778767,Disponible,2026-09-24
Pablo Fornals,Betis,Desc,47,41098502,41720756,Disponible,2026-09-24
Pablo García,Deportivo,Desc,42,468964,468964,Disponible,2026-09-24
Pablo García,Racing,Desc,42,8119322,8196391,Disponible,2026-09-24
Pablo Gavi,Barcelona,Desc,4,12980023,13313499,Disponible,2026-09-24
Pablo Ibáñez,Alavés,Desc,67,13369970,13046011,Disponible,2026-09-24
Pablo Maffeo,Valencia,Desc,21,5415523,5531865,Disponible,2026-09-24
Pablo Marín,Real Sociedad,Desc,0,666646,675118,Disponible,2026-09-24
Pablo Martínez,Málaga,Desc,47,4214612,4315174,Disponible,2026-09-24
Pablo Ramón,Racing,Desc,49,1903868,1937563,Disponible,2026-09-24
Paco Cortés,Levante,Desc,7,511739,513757,Disponible,2026-09-24
Pape Gueye,Villarreal,Desc,87,34463380,34270145,Disponible,2026-09-24
Pau Cubarsí,Barcelona,Desc,37,60870653,61617749,Disponible,2026-09-24
Pau Navarro,Villarreal,Desc,12,3618526,3668652,Disponible,2026-09-24
Pedro Bigas,Elche,Desc,-7,1826666,1879774,Disponible,2026-09-24
Pedro Díaz,Rayo,Desc,45,1062414,1084344,Disponible,2026-09-24
Pedro Felipe,Racing,Desc,-8,931157,950650,Disponible,2026-09-24
Peio Canales,Athletic,Desc,29,5709880,5853432,Disponible,2026-09-24
Pepelu,Valencia,Desc,81,12195358,11854071,Disponible,2026-09-24
Peque,Sevilla,Desc,21,1980083,2036238,Disponible,2026-09-24
Pere Milla,Espanyol,Desc,4,3523906,3622914,Disponible,2026-09-24
Petar Ratkov,Levante,Desc,2,2390611,2464426,Disponible,2026-09-24
Pierre-Emerick Aubameyang,Deportivo,Desc,106,103437062,104370353,Lesionado,2026-09-24
Pol Lozano,Espanyol,Desc,4,905893,924334,Disponible,2026-09-24
Quilindschy Hartman,Espanyol,Desc,12,2879203,2964018,Disponible,2026-09-24
Rafa Rodríguez,Málaga,Desc,24,2093554,2153283,Disponible,2026-09-24
Rafel Bauzà,Espanyol,Desc,16,530927,533744,Disponible,2026-09-24
Ramón Enríquez,Málaga,Desc,5,512630,514685,Disponible,2026-09-24
Ramón Terrats,Getafe,Desc,84,10458558,9960157,Disponible,2026-09-24
Randy Nteka,Rayo,Desc,10,832902,848301,Duda,2026-09-24
Raphinha,Barcelona,Desc,183,157845682,154517801,Disponible,2026-09-24
Raúl Asencio,Real Madrid,Desc,0,1639579,1681322,Disponible,2026-09-24
Raúl García,Osasuna,Desc,29,1393495,1414951,Disponible,2026-09-24
Raúl Jiménez,Valencia,Desc,0,1561503,0,Disponible,2026-09-24
Raul Moro,Osasuna,Desc,13,6705934,6916205,Lesionado,2026-09-24
Renato Veiga,Villarreal,Desc,29,24260162,23834635,Disponible,2026-09-24
Robbie Ure,Sevilla,Desc,18,9435426,9672398,Disponible,2026-09-24
Robert Navarro,Athletic,Desc,76,12516282,11787488,Disponible,2026-09-24
Robin Le Normand,Atlético,Desc,38,10405768,10478406,Disponible,2026-09-24
Rockson Yeboah,Osasuna,Desc,8,763486,775993,Disponible,2026-09-24
Rodrigo Gamón,Valencia,Desc,0,800000,800000,Disponible,2026-09-24
Rodrigo Mendoza,Atlético,Desc,23,837761,853363,Disponible,2026-09-24
Rodrigo Riquelme,Betis,Desc,66,18995124,19181625,Disponible,2026-09-24
Roger Hinojo,Espanyol,Desc,43,4299915,4411700,Disponible,2026-09-24
Romain Del Castillo,Osasuna,Desc,3,7815130,8059146,Disponible,2026-09-24
Roy Revivo,Elche,Desc,22,3610589,3593078,Disponible,2026-09-24
Rubén Gómez,Villarreal,Desc,0,461069,460975,Disponible,2026-09-24
Rubén Sánchez,Elche,Desc,10,438707,437682,Disponible,2026-09-24
Rubén Vargas,Sevilla,Desc,2,8152902,8400418,Duda,2026-09-24
Ryunosuke Sato,Valencia,Desc,20,5806512,5982736,Disponible,2026-09-24
Saba Sazonov,Getafe,Desc,12,670186,678805,Disponible,2026-09-24
Salvi Esquivel,Atlético,Desc,0,509215,511127,Disponible,2026-09-24
Samu Becerra,Rayo,Desc,0,535517,538525,Disponible,2026-09-24
Santi Comesaña,Villarreal,Desc,39,13374448,13788694,Duda,2026-09-24
Santiago Mouriño,Villarreal,Desc,20,14768977,15197030,Disponible,2026-09-24
Sebastián Boselli,Getafe,Desc,3,1009850,1032622,Disponible,2026-09-24
Sebastián Cáceres,Celta,Desc,24,4605045,4668924,Disponible,2026-09-24
Selu Diallo,Alavés,Desc,0,549308,552891,Disponible,2026-09-24
Sergio Camello,Rayo,Desc,113,30233375,28378497,Disponible,2026-09-24
Sergio Canales,Racing,Desc,67,25988846,26621362,Disponible,2026-09-24
Sergio Carreira,Celta,Desc,30,7683805,7754012,Disponible,2026-09-24
Sergio Gómez,Real Sociedad,Desc,44,16175059,16298342,Disponible,2026-09-24
Sergio Herrera,Osasuna,Desc,19,28520371,29235237,Disponible,2026-09-24
Sergio José Lozano,Rayo,Desc,0,483766,484618,Disponible,2026-09-24
Sergio Martínez,Real Madrid,Desc,28,1191866,1222222,Disponible,2026-09-24
Sergio Mestre,Real Madrid,Desc,0,677860,677860,Disponible,2026-09-24
Simon Eriksson,Racing,Desc,0,1063664,1088678,Duda,2026-09-24
Stole Dimitrievski,Valencia,Desc,68,21447015,21569248,Disponible,2026-09-24
Takefusa Kubo,Real Sociedad,Desc,23,17373862,17816731,Disponible,2026-09-24
Tani Oluwaseyi,Villarreal,Desc,8,1048344,1072720,Disponible,2026-09-24
Tete Morente,Elche,Desc,46,3296405,3174724,Disponible,2026-09-24
Theo Folgado,Real Sociedad,Desc,0,702606,702606,Disponible,2026-09-24
Thibaut Courtois,Real Madrid,Desc,59,58388567,58933909,Disponible,2026-09-24
Thomas Lemar,Elche,Desc,28,4085740,4080565,Disponible,2026-09-24
Toni Martinez,Alavés,Desc,31,16086050,16492221,Disponible,2026-09-24
Trent Alexander-Arnold,Real Madrid,Desc,37,19755345,20179153,Disponible,2026-09-24
Tyrhys Dolan,Espanyol,Desc,27,14211295,14526936,Disponible,2026-09-24
Umar Sadiq,Valencia,Desc,19,2596740,2675749,Lesionado,2026-09-24
Unai López,Rayo,Desc,84,17309607,16923663,Disponible,2026-09-24
Unai Marrero,Real Sociedad,Desc,23,730258,741380,Disponible,2026-09-24
Unai Santos,Osasuna,Desc,1,484516,485399,Disponible,2026-09-24
Unai Simón,Athletic,Desc,72,46577902,47150983,Disponible,2026-09-24
Valentín Gómez,Betis,Desc,43,2136643,1997705,Disponible,2026-09-24
Vanja Drkusic,Espanyol,Desc,11,1502584,1545887,Disponible,2026-09-24
Víctor Chust,Elche,Desc,14,4062409,4124855,Disponible,2026-09-24
Víctor García,Levante,Desc,3,830863,846177,Disponible,2026-09-24
Ville Koski,Alavés,Desc,71,18769528,17772561,Disponible,2026-09-24
Williot Swedberg,Celta,Desc,43,3939819,4030793,Disponible,2026-09-24
Wojciech Szczesny,Barcelona,Desc,-5,1234351,1259992,Disponible,2026-09-24
Xanet Oláiz,Alavés,Desc,2,469097,469338,Disponible,2026-09-24
Xavi Espart,Barcelona,Desc,79,41540087,40717013,Disponible,2026-09-24
Yangel Herrera,Real Sociedad,Desc,50,5245101,5239933,Disponible,2026-09-24
Yanis Musuayi,Levante,Desc,0,984797,1006525,Disponible,2026-09-24
Yassir Zabiri,Racing,Desc,70,19283081,18509325,Disponible,2026-09-24
Yoel Lago,Celta,Desc,63,9241162,8650965,Disponible,2026-09-24
Youssouf Fofana,Sevilla,Desc,41,17705856,17030597,Disponible,2026-09-24
Zaid Romero,Getafe,Desc,55,27717404,26827813,Disponible,2026-09-24
Zakaria Eddahchouri,Deportivo,Desc,15,847394,863397,Disponible,2026-09-24
Llorenç Serred,Espanyol,Desc,0,460471,460205,Disponible,2026-09-25
Aaron Ndive Mayol,Valencia,Desc,24,843473,807677,Disponible,2026-09-25
Abde Rebbach,Alavés,Desc,63,5106891,5145171,Disponible,2026-09-25
Abdel Abqar,Getafe,Desc,6,3007140,3100577,Duda,2026-09-25
Abdoulaye Faye,Celta,Desc,3,1509862,1553319,Disponible,2026-09-25
Abel Bretones,Osasuna,Desc,31,8691343,8906048,Disponible,2026-09-25
Abiel Osorio,Elche,Desc,23,689872,699164,Disponible,2026-09-25
Adam Aznou,Málaga,Desc,0,1017279,0,Disponible,2026-09-25
Adama Timera,Espanyol,Desc,0,483090,483766,Disponible,2026-09-25
Ademola Lookman,Atlético,Desc,37,41055556,41996205,Disponible,2026-09-25
Adrià Altimira,Deportivo,Desc,15,3655040,3755419,Disponible,2026-09-25
Adrià Pedrosa,Rayo,Desc,35,2686513,2632042,Disponible,2026-09-25
Adrián Molina,Rayo,Desc,0,500788,502201,Disponible,2026-09-25
Adrián Niño,Málaga,Desc,11,939121,958798,Disponible,2026-09-25
Aimar Blázquez,Valencia,Desc,3,581656,581656,Disponible,2026-09-25
Aimar Oroz,Osasuna,Desc,17,6942362,7143931,Duda,2026-09-25
Aissa Mandi,Levante,Desc,48,11211565,11500413,Disponible,2026-09-25
Aitor Fraga,Real Sociedad,Desc,0,602234,602234,Disponible,2026-09-25
Aitor Mañas,Alavés,Desc,6,455309,454827,Disponible,2026-09-25
Aitor Paredes,Athletic,Desc,58,14867805,14405303,Disponible,2026-09-25
Alassane Diatta,Villarreal,Desc,0,458262,457903,Disponible,2026-09-25
Alberto Calatrava,Levante,Desc,0,551000,554506,Disponible,2026-09-25
Alberto Moleiro,Villarreal,Desc,97,47101845,44887720,Disponible,2026-09-25
Alberto Risco,Getafe,Desc,3,487485,488343,Disponible,2026-09-25
Aleix Febas,Celta,Desc,19,11873849,12219961,Disponible,2026-09-25
Alejandro Balde,Barcelona,Desc,5,9371882,9642521,Disponible,2026-09-25
Alejandro Catena,Osasuna,Desc,41,27661493,28332302,Disponible,2026-09-25
Alejandro Iturbe,Elche,Desc,0,513480,515422,Disponible,2026-09-25
Alejandro Panach,Valencia,Desc,0,483919,484630,Disponible,2026-09-25
Alejandro Rego,Athletic,Desc,0,1576543,1622779,Disponible,2026-09-25
Alemão,Rayo,Desc,12,1280599,1314505,Disponible,2026-09-25
Álex Baena,Atlético,Desc,105,70075674,68638571,Disponible,2026-09-25
Álex Berenguer,Athletic,Desc,55,10541386,10742969,Disponible,2026-09-25
Álex Calatrava,Espanyol,Desc,51,5218224,5347369,Disponible,2026-09-25
Alex Freeman,Villarreal,Desc,27,1707931,1615711,Disponible,2026-09-25
Álex Grimaldo,Atlético,Desc,76,47953383,45518209,Disponible,2026-09-25
Alex Lebarbier,Real Sociedad,Desc,0,602234,602234,Disponible,2026-09-25
Alex Marchal,Real Sociedad,Desc,11,543988,547201,Disponible,2026-09-25
Alex Padilla,Athletic,Desc,0,673547,682159,Disponible,2026-09-25
Álex Pastor,Málaga,Desc,0,424038,422254,Disponible,2026-09-25
Álex Remiro,Real Sociedad,Desc,62,34940536,35527169,Disponible,2026-09-25
Alexis Ciria,Real Madrid,Desc,0,564115,568166,Disponible,2026-09-25
Alfonso Herrero,Málaga,Desc,69,19459246,19142432,Disponible,2026-09-25
Aliou Dieng,Valencia,Desc,28,1723495,1769835,Disponible,2026-09-25
Altay Bayindir,Celta,Desc,0,919059,937900,Disponible,2026-09-25
Álvaro Djaló,Athletic,Desc,2,553954,557582,Disponible,2026-09-25
Álvaro Fidalgo,Betis,Desc,3,1022630,1045787,Disponible,2026-09-25
Álvaro García,Rayo,Desc,71,16467427,16808405,Disponible,2026-09-25
Álvaro Mantilla,Racing,Desc,25,1394384,1432681,Disponible,2026-09-25
Álvaro Padilla,Elche,Desc,0,590362,595508,Disponible,2026-09-25
Álvaro Valles,Betis,Desc,127,61674804,60121001,Disponible,2026-09-25
Ander Barrenetxea,Real Sociedad,Desc,43,21116121,20784016,Disponible,2026-09-25
Ander Guevara,Alavés,Desc,17,569906,574199,Disponible,2026-09-25
Andoni Gorosabel,Espanyol,Desc,0,904556,922792,Disponible,2026-09-25
André Almeida,Racing,Desc,9,1044492,1068560,Disponible,2026-09-25
Andrei Ratiu,Rayo,Desc,43,20613293,21012025,Disponible,2026-09-25
Andrés Antañón,Celta,Desc,3,532771,535517,Duda,2026-09-25
Andrés Castrín,Sevilla,Desc,54,7584074,7278698,Disponible,2026-09-25
Andrés Céspedes,Málaga,Desc,0,401498,401498,Disponible,2026-09-25
Andrés García,Getafe,Desc,55,7702279,7647830,Disponible,2026-09-25
Andrés Martín,Racing,Desc,30,9839869,10130151,Lesionado,2026-09-25
Andrés Vallecillo,Racing,Desc,0,482673,483331,Disponible,2026-09-25
Andriy Lunin,Real Madrid,Desc,0,1033554,1057165,Disponible,2026-09-25
Ángel Fortuño,Espanyol,Desc,0,455647,455179,Disponible,2026-09-25
Ángel Ortiz,Betis,Desc,29,849318,865253,Disponible,2026-09-25
Ángel Pérez,Alavés,Desc,75,28276606,27488985,Disponible,2026-09-25
Angel Recio,Málaga,Desc,26,2530409,2483857,Disponible,2026-09-25
Angeliño,Deportivo,Desc,-1,6265974,6458617,Disponible,2026-09-25
Ante Budimir,Osasuna,Desc,94,61742033,61115223,Disponible,2026-09-25
Anthony Gordon,Barcelona,Desc,52,72264186,73735689,Disponible,2026-09-25
Antonio Blanco,Alavés,Desc,56,17400363,17787019,Disponible,2026-09-25
Antonio Rüdiger,Real Madrid,Desc,35,19783627,19507518,Disponible,2026-09-25
Antonio Sivera,Alavés,Desc,98,44942506,44242580,Disponible,2026-09-25
Antony,Betis,Desc,78,60697201,59989790,Disponible,2026-09-25
Arda Güler,Real Madrid,Desc,108,105942091,104947450,Disponible,2026-09-25
Arnau Comas,Deportivo,Desc,0,488634,489540,Disponible,2026-09-25
Arnau Ortiz,Atlético,Desc,15,794194,807832,Disponible,2026-09-25
Arnaut Danjuma,Valencia,Desc,37,4753989,4663241,Disponible,2026-09-25
Arouna Sangante,Sevilla,Desc,16,6479569,6656416,Disponible,2026-09-25
Arsen Zakharyan,Real Sociedad,Desc,3,556222,559945,Disponible,2026-09-25
Asier Bonel,Osasuna,Desc,0,607169,613015,Disponible,2026-09-25
Asier Osambela,Osasuna,Desc,31,456660,456234,Disponible,2026-09-25
Asier Villalibre,Racing,Desc,16,3075308,3166012,Disponible,2026-09-25
Augusto Batalla,Rayo,Desc,21,13456280,13867498,Lesionado,2026-09-25
Aurélien Tchouaméni,Real Madrid,Desc,25,20867209,21101429,Disponible,2026-09-25
Axel Tape,Levante,Desc,0,1480856,1523105,Disponible,2026-09-25
Aymeric Laporte,Athletic,Desc,47,44999019,44081242,Disponible,2026-09-25
Beñat Gerenabarrena,Athletic,Desc,45,3569131,3648671,Disponible,2026-09-25
Beñat Prados,Athletic,Desc,0,643717,651085,Disponible,2026-09-25
Beñat Turrientes,Real Sociedad,Desc,43,6111701,6277767,Disponible,2026-09-25
Bernardo Silva,Real Madrid,Desc,41,34492668,35121755,Disponible,2026-09-25
Bil Nsongo,Deportivo,Desc,33,7631252,7635943,Disponible,2026-09-25
Borja Iglesias,Celta,Desc,2,10750067,11024664,Disponible,2026-09-25
Borja Mayoral,Getafe,Desc,1,1135033,1162873,Disponible,2026-09-25
Boyomo,Osasuna,Desc,16,11627387,11986264,Disponible,2026-09-25
Brian Fariñas,Barcelona,Desc,0,575890,580432,Disponible,2026-09-25
Bright Ede,Deportivo,Desc,22,3409393,3476447,Disponible,2026-09-25
Buba Sangaré,Elche,Desc,23,3121252,3216532,Duda,2026-09-25
Carl Starfelt,Celta,Desc,29,8136359,8362317,Disponible,2026-09-25
Carles Aleñá,Alavés,Desc,24,2586995,2644862,Disponible,2026-09-25
Carlos Dotor,Málaga,Desc,69,5047252,5016220,Disponible,2026-09-25
Carlos Espí,Real Madrid,Desc,27,13299530,13535026,Disponible,2026-09-25
Carlos López,Málaga,Desc,0,425881,424173,Disponible,2026-09-25
Carlos Macià,Villarreal,Desc,13,579965,584676,Disponible,2026-09-25
Carlos Puga,Málaga,Desc,23,3004079,3087507,Disponible,2026-09-25
Carlos Romero,Villarreal,Desc,19,18090009,18601758,Disponible,2026-09-25
Carlos Soler,Real Sociedad,Desc,69,33329208,32209609,Disponible,2026-09-25
César Tárrega,Valencia,Desc,36,6740275,6949454,Duda,2026-09-25
Cheikh Thiam,Villarreal,Desc,0,551965,555511,Disponible,2026-09-25
Chidera Ejuke,Sevilla,Desc,24,5455345,5568452,Disponible,2026-09-25
Chupete,Málaga,Desc,34,20710332,21317555,Disponible,2026-09-25
Clemens Riedel,Espanyol,Desc,30,5430066,5530352,Disponible,2026-09-25
Coke Carrillo,Celta,Desc,0,1567556,0,Disponible,2026-09-25
Couhaib Driouech,Celta,Desc,11,2200339,2266415,Disponible,2026-09-25
Cristian Rivero,Valencia,Desc,0,446118,445253,Disponible,2026-09-25
Cristian Romero,Atlético,Desc,51,42353407,40653596,Disponible,2026-09-25
Dakonam Djené,Getafe,Desc,42,20178443,19554059,Disponible,2026-09-25
Dani Barcia,Deportivo,Desc,0,611204,617218,Disponible,2026-09-25
Dani Cárdenas,Rayo,Desc,13,1101994,1128458,Disponible,2026-09-25
Dani Ceballos,Betis,Desc,17,16666927,17063723,Disponible,2026-09-25
Dani Lorenzo,Málaga,Desc,44,10225784,10371098,Disponible,2026-09-25
Dani Martínez,Atlético,Desc,12,497833,499122,Disponible,2026-09-25
Dani Olmo,Barcelona,Desc,63,48300345,48320774,Disponible,2026-09-25
Dani Requena,Levante,Desc,8,796488,810222,Disponible,2026-09-25
Daniel Raba,Valencia,Desc,2,673001,681589,Disponible,2026-09-25
David Hancko,Atlético,Desc,61,41065155,40408854,Disponible,2026-09-25
David Larrubia,Málaga,Desc,73,21376798,21962733,Disponible,2026-09-25
David Mella,Deportivo,Desc,13,1479817,1518253,Disponible,2026-09-25
David Otorbi,Valencia,Desc,37,608831,611335,Disponible,2026-09-25
David Soria,Getafe,Desc,86,38422447,37920742,Disponible,2026-09-25
Davinchi,Getafe,Desc,4,1169933,1199226,Disponible,2026-09-25
Dean Huijsen,Real Madrid,Desc,56,47816904,49209239,Disponible,2026-09-25
Denis Suárez,Alavés,Desc,46,2905870,2922554,Disponible,2026-09-25
Denzel Dumfries,Real Madrid,Desc,35,27590047,28212679,Disponible,2026-09-25
Diego Conde,Betis,Desc,0,1061044,1085800,Disponible,2026-09-25
Diego Ferrer,Getafe,Desc,0,488545,489447,Disponible,2026-09-25
Diego Rico,Osasuna,Desc,2,1777974,1832586,Disponible,2026-09-25
Diego Villares,Deportivo,Desc,25,1018425,1032246,Disponible,2026-09-25
Dimitri Foulquier,Valencia,Desc,0,813166,827595,Duda,2026-09-25
Dominik Livakovic,Barcelona,Desc,6,2701424,2654638,Disponible,2026-09-25
Eder Aller,Barcelona,Desc,0,702705,702705,Disponible,2026-09-25
Edu Altozano,Sevilla,Desc,0,467898,467940,Disponible,2026-09-25
Edu Expósito,Espanyol,Desc,83,30623942,31100933,Disponible,2026-09-25
Eduardo Camavinga,Real Madrid,Desc,27,7455000,7624263,Disponible,2026-09-25
Einar Galilea,Málaga,Desc,30,5253979,5363654,Disponible,2026-09-25
Emil Audero,Rayo,Desc,32,5054225,5080158,Disponible,2026-09-25
Endrick,Real Madrid,Desc,0,2841272,2915349,Disponible,2026-09-25
Eneko Jauregi,Málaga,Desc,4,608895,614813,Disponible,2026-09-25
Enes Ünal,Getafe,Desc,31,14554801,14896201,Disponible,2026-09-25
Eric Garcia,Barcelona,Desc,49,42504338,42957351,Disponible,2026-09-25
Ezequiel Ponce,Elche,Desc,10,782661,795819,Disponible,2026-09-25
Facundo Bernal,Betis,Desc,54,12776526,13002989,Disponible,2026-09-25
Facundo Buonanotte,Elche,Desc,35,3136524,3220265,Disponible,2026-09-25
Federico Redondo,Elche,Desc,55,1163449,1192473,Disponible,2026-09-25
Federico Valverde,Real Madrid,Desc,69,57038808,58630129,Lesionado,2026-09-25
Félix Correia,Sevilla,Desc,23,5309743,5350613,Disponible,2026-09-25
Ferran Jutglà,Celta,Desc,30,10003531,9830251,Disponible,2026-09-25
Filip Ugrinic,Valencia,Desc,76,3133393,3189215,Disponible,2026-09-25
Florian Lejeune,Rayo,Desc,41,17704214,17985935,Disponible,2026-09-25
Fran García,Betis,Desc,53,28185783,28531986,Disponible,2026-09-25
Fran González,Sevilla,Desc,0,485990,486786,Disponible,2026-09-25
Gabriel Moscardo,Espanyol,Desc,21,2934888,3024135,Disponible,2026-09-25
Gabriel Suazo,Sevilla,Desc,62,7034298,6841276,Disponible,2026-09-25
Georges Mikautadze,Villarreal,Desc,63,47607685,48175262,Disponible,2026-09-25
Georgiy Tsitaishvili,Rayo,Desc,19,1093204,1119300,Disponible,2026-09-25
Gerard Martín,Barcelona,Desc,65,44973446,45780551,Disponible,2026-09-25
Germán Parreño,Deportivo,Desc,0,466347,466325,Disponible,2026-09-25
Germán Valera,Elche,Desc,84,13396923,13334822,Disponible,2026-09-25
Giacomo Quagliata,Deportivo,Desc,38,4434693,4339033,Disponible,2026-09-25
Giorgi Guliashvili,Racing,Desc,2,750011,761809,Disponible,2026-09-25
Giorgi Kochorashvili,Sevilla,Desc,28,5739643,5873547,Disponible,2026-09-25
Giovani Lo Celso,Betis,Desc,4,11552484,11885058,Disponible,2026-09-25
Gnangoro Bouare,Rayo,Desc,28,768283,780842,Disponible,2026-09-25
Gonçalo Guedes,Real Sociedad,Desc,38,16101594,16254080,Disponible,2026-09-25
Gonzalo Villar,Elche,Desc,85,9694011,9783891,Disponible,2026-09-25
Gorka Carrera,Real Sociedad,Desc,0,507764,509468,Disponible,2026-09-25
Gorka Guruzeta,Athletic,Desc,5,6467686,6667203,Duda,2026-09-25
Grady Diangana,Elche,Desc,0,580162,584883,Disponible,2026-09-25
Grégoire Swiderski,Alavés,Desc,0,468239,468296,Disponible,2026-09-25
Hamza Abdelkarim,Barcelona,Desc,2,2383310,2447055,Disponible,2026-09-25
Héctor Bellerín,Betis,Desc,56,18202278,17958525,Disponible,2026-09-25
Héctor Fort,Real Sociedad,Desc,3,2755972,2827301,Disponible,2026-09-25
Hugo Burcio,Celta,Desc,7,545353,548623,Disponible,2026-09-25
Hugo Duro,Valencia,Desc,21,4428966,4481914,Disponible,2026-09-25
Hugo González,Celta,Desc,56,2607799,2445367,Disponible,2026-09-25
Hugo Novoa,Alavés,Desc,0,530429,533076,Disponible,2026-09-25
Hugo Pérez,Racing,Desc,0,655323,663175,Disponible,2026-09-25
Hugo Rincón,Athletic,Desc,4,1210462,1241445,Disponible,2026-09-25
Hugo Sotelo,Levante,Desc,9,733643,744758,Duda,2026-09-25
Iago Aspas,Celta,Desc,21,4913283,5054185,Duda,2026-09-25
Ibai Aguirre,R. Sociedad B,Desc,0,602257,602257,Disponible,2026-09-25
Ibrahima Konaté,Real Madrid,Desc,12,34635635,35414459,Disponible,2026-09-25
Ifeanyi Ndukwe,Levante,Desc,6,1171874,1201249,Disponible,2026-09-25
Igor Galdin,Levante,Desc,0,483155,483833,Disponible,2026-09-25
Igor Zubeldia,Real Sociedad,Desc,36,9443929,9727831,Disponible,2026-09-25
Iker Córdoba,Valencia,Desc,6,859692,876059,Disponible,2026-09-25
Iker Losada,Betis,Desc,0,914884,933551,Disponible,2026-09-25
Iker Luque,Racing,Desc,10,1101178,1127607,Disponible,2026-09-25
Iker Monreal,Athletic,Desc,0,545353,548623,Disponible,2026-09-25
Iker Muñoz,Sevilla,Desc,41,467898,467940,Disponible,2026-09-25
Iker Muñoz,Osasuna,Desc,41,1818773,1850101,Disponible,2026-09-25
Iker Muñoz,Sevilla,Desc,0,467898,467940,Disponible,2026-09-25
Iker Muñoz,Osasuna,Desc,0,1818773,1850101,Disponible,2026-09-25
Ilaix Moriba,Celta,Desc,66,11134413,10490905,Disponible,2026-09-25
Ilias Akhomach,Villarreal,Desc,26,3306138,3058082,Disponible,2026-09-25
Iñigo Arguibide,Osasuna,Desc,25,3122863,3178460,Disponible,2026-09-25
Íñigo Sainz-Maza,Racing,Desc,12,496894,498145,Disponible,2026-09-25
Iñigo Vicente,Racing,Desc,80,31051495,31583325,Disponible,2026-09-25
Ionut Radu,Celta,Desc,82,44498642,43881023,Disponible,2026-09-25
Isaac Romero,Sevilla,Desc,24,4774901,4887411,Disponible,2026-09-25
Iván Alonso,Rayo,Desc,0,460454,460187,Disponible,2026-09-25
Iván Azón,Getafe,Desc,35,4246450,4178870,Disponible,2026-09-25
Iván Balliu,Rayo,Desc,0,576218,580774,Disponible,2026-09-25
Iván Martín,Racing,Desc,55,6721605,6883247,Disponible,2026-09-25
Iván Romero,Levante,Desc,54,6434961,6363363,Disponible,2026-09-25
Iván Villar,Celta,Desc,0,541278,544379,Disponible,2026-09-25
Izan Merino,Málaga,Desc,31,3151865,3235846,Disponible,2026-09-25
Jan Oblak,Atlético,Desc,59,48851002,48256503,Disponible,2026-09-25
Jaume Durá,Valencia,Desc,0,680997,689918,Disponible,2026-09-25
Javi Galán,Celta,Desc,23,6637934,6798139,Disponible,2026-09-25
Javi Guerra,Valencia,Desc,45,19213894,19481168,Disponible,2026-09-25
Javi Morcillo,Elche,Desc,47,770581,768319,Disponible,2026-09-25
Javi Navarro,Real Madrid,Desc,0,702622,702622,Disponible,2026-09-25
Javi Rodríguez,Celta,Desc,16,6662104,6864120,Disponible,2026-09-25
Javi Rueda,Celta,Desc,42,5429936,5428695,Disponible,2026-09-25
Javier Hernández,Espanyol,Desc,70,16678650,16857434,Disponible,2026-09-25
Jean Ives Valou,Getafe,Desc,-5,467898,467940,Disponible,2026-09-25
Jeanuël Belocian,Racing,Desc,6,2687979,2762406,Disponible,2026-09-25
Jeremy Toljan,Levante,Desc,14,1670590,1703957,Disponible,2026-09-25
Jesús Areso,Athletic,Desc,47,3850619,3931033,Disponible,2026-09-25
Jesús Vázquez,Valencia,Desc,27,1424515,1457476,Disponible,2026-09-25
Jiri Letácek,Getafe,Desc,0,486374,487187,Disponible,2026-09-25
Joan Garcia,Barcelona,Desc,56,60790495,62184660,Duda,2026-09-25
Joao Cancelo,Barcelona,Desc,19,33934367,33048511,Disponible,2026-09-25
Job Ochieng,Real Sociedad,Desc,40,1331196,1294795,Disponible,2026-09-25
Johan Mojica,Getafe,Desc,84,14955258,14814324,Disponible,2026-09-25
Johnny Cardoso,Atlético,Desc,23,3690170,3547325,Disponible,2026-09-25
Jon Ander Olasagasti,Levante,Desc,73,8669158,8815796,Disponible,2026-09-25
Jon Aramburu,Real Sociedad,Desc,58,18394017,18706654,Disponible,2026-09-25
Jon Gorrotxategi,Real Sociedad,Desc,22,2218508,2274687,Disponible,2026-09-25
Jon Guridi,Sevilla,Desc,38,6322177,6424284,Disponible,2026-09-25
Jon Martín,Real Sociedad,Desc,23,21419853,21916149,Disponible,2026-09-25
Jon Moncayola,Osasuna,Desc,50,6487239,6633138,Disponible,2026-09-25
Jon Pacheco,Real Sociedad,Desc,3,1390699,1429191,Disponible,2026-09-25
Jonathan Asp Jensen,Deportivo,Desc,40,3274082,3350857,Disponible,2026-09-25
Jonathan David,Atlético,Desc,57,43407425,41328388,Disponible,2026-09-25
Jonathan Dubasin,Osasuna,Desc,22,5509346,5666556,Disponible,2026-09-25
Jones El-Abdellaoui,Celta,Desc,12,729507,740450,Lesionado,2026-09-25
Jordi Pesquer,Barcelona,Desc,0,600000,600000,Disponible,2026-09-25
Jorge Cabello,Levante,Desc,0,510390,512203,Disponible,2026-09-25
Jorge Castellanos,Racing,Desc,0,483090,483766,Disponible,2026-09-25
Jorge Castillo,Atlético,Desc,0,1000000,1000000,Disponible,2026-09-25
Jorge Cestero,Real Madrid,Desc,0,481699,482316,Disponible,2026-09-25
Jorge Domínguez,Atlético,Desc,2,1666985,1716990,Disponible,2026-09-25
Jorge Herrando,Osasuna,Desc,24,1173959,1203420,Lesionado,2026-09-25
Jorge Salinas,Racing,Desc,60,6150978,6289322,Disponible,2026-09-25
José Ángel Carmona,Sevilla,Desc,2,1594178,1641149,Disponible,2026-09-25
José Antonio Morante,Betis,Desc,0,976305,997531,Disponible,2026-09-25
José Gayà,Valencia,Desc,39,7301635,7424199,Disponible,2026-09-25
José María Giménez,Deportivo,Desc,28,13230765,12718003,Disponible,2026-09-25
José Salinas,Málaga,Desc,19,913530,920607,Disponible,2026-09-25
Joseph Otu,Málaga,Desc,0,595006,600345,Disponible,2026-09-25
Jozhua Vertrouwd,Rayo,Desc,-1,601117,606710,Duda,2026-09-25
Juan Berrocal,Málaga,Desc,12,680247,689138,Disponible,2026-09-25
Juan Carlos Arana,Racing,Desc,1,503855,505396,Disponible,2026-09-25
Juan Cruz,Málaga,Desc,31,5752137,5913713,Disponible,2026-09-25
Juan Foyth,Villarreal,Desc,28,10777121,11022841,Disponible,2026-09-25
Juan Iglesias,Sevilla,Desc,81,18857682,18270711,Disponible,2026-09-25
Juan Musso,Atlético,Desc,0,1676749,1719855,Disponible,2026-09-25
Juani,Málaga,Desc,0,902479,920629,Disponible,2026-09-25
Jude Bellingham,Real Madrid,Desc,130,119024546,119919963,Disponible,2026-09-25
Julen Agirrezabala,Racing,Desc,76,24915096,24569567,Disponible,2026-09-25
Julen Lobete,Málaga,Desc,0,501694,503145,Lesionado,2026-09-25
Jules Koundé,Barcelona,Desc,14,23063525,23640990,Disponible,2026-09-25
Julio Díaz,Sevilla,Desc,1,440549,439451,Disponible,2026-09-25
Karim Adeyemi,Barcelona,Desc,64,70616062,68358776,Disponible,2026-09-25
Karl Etta Eyong,Levante,Desc,10,9957697,10263350,Duda,2026-09-25
Kevin Sánchez,Deportivo,Desc,0,535361,534063,Disponible,2026-09-25
Kike Barja,Osasuna,Desc,32,1353423,1385083,Disponible,2026-09-25
Kike Ribes,Celta Fortuna,Desc,0,600000,600000,Disponible,2026-09-25
Kike Salas,Sevilla,Desc,49,12117560,11894083,Disponible,2026-09-25
Kiko Femenia,Getafe,Desc,2,1565530,1611308,Duda,2026-09-25
Kylian Mbappé,Real Madrid,Desc,147,155371420,153364198,Disponible,2026-09-25
Lamine Yamal,Barcelona,Desc,157,162076328,158927883,Disponible,2026-09-25
Laro Gómez,Racing,Desc,0,602234,602234,Disponible,2026-09-25
Leandro Cabrera,Espanyol,Desc,31,10538131,10705413,Disponible,2026-09-25
Leo Román,Deportivo,Desc,56,35856349,36193740,Disponible,2026-09-25
Logan Costa,Villarreal,Desc,-2,604997,610752,Disponible,2026-09-25
Lorenzo Amatucci,Deportivo,Desc,66,15831589,16179320,Disponible,2026-09-25
Lucas Boyé,Alavés,Desc,77,33000484,32443916,Disponible,2026-09-25
Lucas Cepeda,Elche,Desc,42,1683915,1620583,Disponible,2026-09-25
Lucas Noubi,Deportivo,Desc,47,14094433,14433336,Disponible,2026-09-25
Lucas Stassin,Sevilla,Desc,27,14522166,14965981,Duda,2026-09-25
Lucas Torró,Osasuna,Desc,19,1214413,1245561,Disponible,2026-09-25
Lucien Agoume,Sevilla,Desc,81,13444843,13129567,Disponible,2026-09-25
Luis Rioja,Valencia,Desc,23,4742013,4858252,Disponible,2026-09-25
Luiz Junior,Villarreal,Desc,8,20504464,21107292,Disponible,2026-09-25
Luken Beitia,Real Sociedad,Desc,5,455631,455163,Disponible,2026-09-25
Manel Usedo,Levante,Desc,0,505727,507346,Disponible,2026-09-25
Manu Bueno,Sevilla,Desc,5,509420,511192,Disponible,2026-09-25
Manu González,Betis,Desc,0,581691,581691,Disponible,2026-09-25
Manu Hernando,Racing,Desc,22,1939526,1997700,Disponible,2026-09-25
Manu Sánchez,Levante,Desc,62,4676498,4793106,Disponible,2026-09-25
Manuel Ángel Castillo,Sevilla,Desc,0,900000,900000,Disponible,2026-09-25
Marash Kumbulla,Rayo,Desc,0,1656138,1705691,Disponible,2026-09-25
Marc Aguado,Elche,Desc,32,3237443,3332372,Disponible,2026-09-25
Marc Bartra,Betis,Desc,73,34571514,35581877,Disponible,2026-09-25
Marc Bernal,Barcelona,Desc,54,27445666,27628686,Disponible,2026-09-25
Marc Casadó,Deportivo,Desc,12,6182544,6360325,Lesionado,2026-09-25
Marc Cucurella,Real Madrid,Desc,36,48747659,49718008,Disponible,2026-09-25
Marc Roca,Betis,Desc,61,17172318,16701380,Disponible,2026-09-25
Marc Santos,Levante,Desc,3,528365,530927,Disponible,2026-09-25
Marcão,Sevilla,Desc,0,473265,473531,Disponible,2026-09-25
Marco Román,Rayo,Desc,0,505727,507346,Disponible,2026-09-25
Marcos Navarro,Valencia,Desc,0,501909,501909,Disponible,2026-09-25
Mario Martín,Getafe,Desc,28,2130662,2189718,Disponible,2026-09-25
Mario Rivas,Real Madrid,Desc,0,700000,700000,Disponible,2026-09-25
Marko Dmitrovic,Espanyol,Desc,73,38358137,38779309,Disponible,2026-09-25
Maroan Sannadi,Athletic,Desc,6,437308,436076,Disponible,2026-09-25
Martim Neto,Elche,Desc,13,853554,869666,Disponible,2026-09-25
Martín Satriano,Getafe,Desc,44,18697952,18607297,Disponible,2026-09-25
Mathew Ryan,Levante,Desc,71,28669807,29010450,Disponible,2026-09-25
Matia Barzic,Elche,Desc,3,507984,509697,Disponible,2026-09-25
Matías Dituro,Elche,Desc,25,9768622,9748854,Disponible,2026-09-25
Matteo Prati,Racing,Desc,33,2346987,2416813,Disponible,2026-09-25
Mauro Echegoyen,Osasuna,Desc,0,472983,473238,Disponible,2026-09-25
Miguel Cubo,Atlético,Desc,0,474160,474464,Disponible,2026-09-25
Miguel Loureiro,Deportivo,Desc,30,1881625,1914039,Disponible,2026-09-25
Miguel Román,Celta,Desc,76,17279964,16472089,Disponible,2026-09-25
Miguel Sierra,Sevilla,Desc,82,9436097,8910445,Disponible,2026-09-25
Mikel Jauregizar,Athletic,Desc,35,11674220,11948579,Disponible,2026-09-25
Mikel Oyarzabal,Real Sociedad,Desc,52,47740622,48418422,Disponible,2026-09-25
Mikel Rodriguez,Alavés,Desc,39,1623927,1672138,Lesionado,2026-09-25
Moi Gómez,Osasuna,Desc,37,2843084,2909286,Duda,2026-09-25
Morten Hjulmand,Atlético,Desc,52,18793298,19262275,Disponible,2026-09-25
Mouctar Diakhaby,Valencia,Desc,12,2461029,2536131,Duda,2026-09-25
Nacho Pérez,Levante,Desc,47,2008491,2056800,Disponible,2026-09-25
Nahuel Tenaglia,Alavés,Desc,86,32292194,32681103,Disponible,2026-09-25
Natan,Betis,Desc,85,42219930,40571059,Disponible,2026-09-25
Nathan-Dylan Saliba,Villarreal,Desc,45,6429556,6461909,Disponible,2026-09-25
Nelson Deossa,Betis,Desc,63,5486611,5050517,Disponible,2026-09-25
Nemanja Gudelj,Getafe,Desc,14,5568843,5665157,Disponible,2026-09-25
Nico Guillén,Sevilla,Desc,14,1603757,1651127,Disponible,2026-09-25
Nico Serrano,Athletic,Desc,2,522457,524772,Disponible,2026-09-25
Nicolas Pépé,Villarreal,Desc,67,51815732,53068070,Disponible,2026-09-25
Nicolás Valentini,Alavés,Desc,25,683744,672151,Disponible,2026-09-25
Obed Vargas,Atlético,Desc,0,513606,515553,Disponible,2026-09-25
Odysseas Vlachodimos,Sevilla,Desc,63,32696401,32477824,Disponible,2026-09-25
Oihan Sancet,Athletic,Desc,65,39787115,40646929,Disponible,2026-09-25
Omar El Hilali,Espanyol,Desc,51,15435318,15253897,Disponible,2026-09-25
Orel Mangala,Getafe,Desc,43,10180448,10410942,Disponible,2026-09-25
Oriol Rey,Levante,Desc,42,2268248,2288928,Disponible,2026-09-25
Orri Steinn Óskarsson,Real Sociedad,Desc,17,5762272,5936222,Disponible,2026-09-25
Óscar López,Getafe,Desc,0,680997,689918,Disponible,2026-09-25
Óscar Valentín,Rayo,Desc,50,2988272,3044224,Disponible,2026-09-25
Pablo Barrios,Atlético,Desc,49,38445216,39489907,Duda,2026-09-25
Pablo Durán,Celta,Desc,36,855146,816611,Disponible,2026-09-25
Pablo Fornals,Betis,Desc,47,40481496,41098502,Disponible,2026-09-25
Pablo García,Deportivo,Desc,42,468964,468964,Disponible,2026-09-25
Pablo García,Racing,Desc,42,8042315,8119322,Disponible,2026-09-25
Pablo Gavi,Barcelona,Desc,4,12651215,12980023,Disponible,2026-09-25
Pablo Ibáñez,Alavés,Desc,67,13663826,13369970,Disponible,2026-09-25
Pablo Maffeo,Valencia,Desc,21,5296248,5415523,Disponible,2026-09-25
Pablo Marín,Real Sociedad,Desc,0,658655,666646,Disponible,2026-09-25
Pablo Martínez,Málaga,Desc,47,4117404,4214612,Disponible,2026-09-25
Pablo Ramón,Racing,Desc,49,1870366,1903868,Disponible,2026-09-25
Paco Cortés,Levante,Desc,7,509945,511739,Disponible,2026-09-25
Pape Gueye,Villarreal,Desc,87,34573022,34463380,Disponible,2026-09-25
Pau Cubarsí,Barcelona,Desc,37,60151528,60870653,Disponible,2026-09-25
Pau Navarro,Villarreal,Desc,12,3570584,3618526,Disponible,2026-09-25
Pedro Bigas,Elche,Desc,-7,1774916,1826666,Disponible,2026-09-25
Pedro Díaz,Rayo,Desc,45,1041268,1062414,Disponible,2026-09-25
Pedro Felipe,Racing,Desc,-8,912585,931157,Disponible,2026-09-25
Peio Canales,Athletic,Desc,29,5569635,5709880,Disponible,2026-09-25
Pepelu,Valencia,Desc,81,12544243,12195358,Disponible,2026-09-25
Peque,Sevilla,Desc,21,1924452,1980083,Disponible,2026-09-25
Pere Milla,Espanyol,Desc,4,3425214,3523906,Disponible,2026-09-25
Petar Ratkov,Levante,Desc,2,2318975,2390611,Disponible,2026-09-25
Pierre-Emerick Aubameyang,Deportivo,Desc,106,100554393,103437062,Lesionado,2026-09-25
Pol Lozano,Espanyol,Desc,4,888333,905893,Disponible,2026-09-25
Quilindschy Hartman,Espanyol,Desc,12,2798317,2879203,Disponible,2026-09-25
Rafa Rodríguez,Málaga,Desc,24,2036243,2093554,Disponible,2026-09-25
Rafel Bauzà,Espanyol,Desc,16,528365,530927,Disponible,2026-09-25
Ramón Enríquez,Málaga,Desc,5,510800,512630,Disponible,2026-09-25
Ramón Terrats,Getafe,Desc,84,11017904,10458558,Disponible,2026-09-25
Randy Nteka,Rayo,Desc,10,818261,832902,Duda,2026-09-25
Raphinha,Barcelona,Desc,183,160938616,157845682,Disponible,2026-09-25
Raúl Asencio,Real Madrid,Desc,0,1600236,1639579,Disponible,2026-09-25
Raúl García,Osasuna,Desc,29,1371718,1393495,Disponible,2026-09-25
Raúl Jiménez,Valencia,Desc,0,1561503,0,Disponible,2026-09-25
Raul Moro,Osasuna,Desc,13,6504038,6705934,Lesionado,2026-09-25
Renato Veiga,Villarreal,Desc,29,24715371,24260162,Disponible,2026-09-25
Robbie Ure,Sevilla,Desc,18,9194640,9435426,Disponible,2026-09-25
Robert Navarro,Athletic,Desc,76,13233256,12516282,Disponible,2026-09-25
Robin Le Normand,Atlético,Desc,38,10283130,10405768,Disponible,2026-09-25
Rockson Yeboah,Osasuna,Desc,8,751621,763486,Disponible,2026-09-25
Rodrigo Gamón,Valencia,Desc,0,800000,800000,Disponible,2026-09-25
Rodrigo Mendoza,Atlético,Desc,23,822926,837761,Disponible,2026-09-25
Rodrigo Riquelme,Betis,Desc,66,18756732,18995124,Disponible,2026-09-25
Roger Hinojo,Espanyol,Desc,43,4192342,4299915,Disponible,2026-09-25
Romain Del Castillo,Osasuna,Desc,3,7577984,7815130,Disponible,2026-09-25
Roy Revivo,Elche,Desc,22,3620512,3610589,Disponible,2026-09-25
Rubén Gómez,Villarreal,Desc,0,461301,461069,Disponible,2026-09-25
Rubén Sánchez,Elche,Desc,10,439834,438707,Disponible,2026-09-25
Rubén Vargas,Sevilla,Desc,2,7911873,8152902,Duda,2026-09-25
Ryunosuke Sato,Valencia,Desc,20,5636084,5806512,Disponible,2026-09-25
Saba Sazonov,Getafe,Desc,12,662053,670186,Disponible,2026-09-25
Salvi Esquivel,Atlético,Desc,0,507521,509215,Disponible,2026-09-25
Samu Becerra,Rayo,Desc,0,532771,535517,Disponible,2026-09-25
Santi Comesaña,Villarreal,Desc,39,12973749,13374448,Duda,2026-09-25
Santiago Mouriño,Villarreal,Desc,20,14360299,14768977,Disponible,2026-09-25
Sebastián Boselli,Getafe,Desc,3,988131,1009850,Disponible,2026-09-25
Sebastián Cáceres,Celta,Desc,24,4532702,4605045,Disponible,2026-09-25
Selu Diallo,Alavés,Desc,0,546010,549308,Disponible,2026-09-25
Sergio Camello,Rayo,Desc,113,32068069,30233375,Disponible,2026-09-25
Sergio Canales,Racing,Desc,67,25378107,25988846,Disponible,2026-09-25
Sergio Carreira,Celta,Desc,30,7603836,7683805,Disponible,2026-09-25
Sergio Gómez,Real Sociedad,Desc,44,15986854,16175059,Disponible,2026-09-25
Sergio Herrera,Osasuna,Desc,19,27802370,28520371,Disponible,2026-09-25
Sergio José Lozano,Rayo,Desc,0,483090,483766,Disponible,2026-09-25
Sergio Martínez,Real Madrid,Desc,28,1162866,1191866,Disponible,2026-09-25
Sergio Mestre,Real Madrid,Desc,0,677860,677860,Disponible,2026-09-25
Simon Eriksson,Racing,Desc,0,1039792,1063664,Duda,2026-09-25
Stole Dimitrievski,Valencia,Desc,68,21271141,21447015,Disponible,2026-09-25
Takefusa Kubo,Real Sociedad,Desc,23,16925919,17373862,Disponible,2026-09-25
Tani Oluwaseyi,Villarreal,Desc,8,1025085,1048344,Disponible,2026-09-25
Tete Morente,Elche,Desc,46,3410090,3296405,Disponible,2026-09-25
Theo Folgado,Real Sociedad,Desc,0,702606,702606,Disponible,2026-09-25
Thibaut Courtois,Real Madrid,Desc,59,57741155,58388567,Disponible,2026-09-25
Thomas Lemar,Elche,Desc,28,4079954,4085740,Disponible,2026-09-25
Toni Martinez,Alavés,Desc,31,15694396,16086050,Disponible,2026-09-25
Trent Alexander-Arnold,Real Madrid,Desc,37,19345571,19755345,Disponible,2026-09-25
Tyrhys Dolan,Espanyol,Desc,27,13886224,14211295,Disponible,2026-09-25
Umar Sadiq,Valencia,Desc,19,2520810,2596740,Lesionado,2026-09-25
Unai López,Rayo,Desc,84,17624724,17309607,Disponible,2026-09-25
Unai Marrero,Real Sociedad,Desc,23,719722,730258,Disponible,2026-09-25
Unai Santos,Osasuna,Desc,1,483810,484516,Disponible,2026-09-25
Unai Simón,Athletic,Desc,72,45968329,46577902,Disponible,2026-09-25
Valentín Gómez,Betis,Desc,43,2256554,2136643,Disponible,2026-09-25
Vanja Drkusic,Espanyol,Desc,11,1461156,1502584,Disponible,2026-09-25
Víctor Chust,Elche,Desc,14,3997562,4062409,Disponible,2026-09-25
Víctor García,Levante,Desc,3,816303,830863,Disponible,2026-09-25
Ville Koski,Alavés,Desc,71,19796526,18769528,Disponible,2026-09-25
Williot Swedberg,Celta,Desc,43,3850966,3939819,Disponible,2026-09-25
Wojciech Szczesny,Barcelona,Desc,-5,1214867,1234351,Disponible,2026-09-25
Xanet Oláiz,Alavés,Desc,2,469009,469097,Disponible,2026-09-25
Xavi Espart,Barcelona,Desc,79,42153881,41540087,Disponible,2026-09-25
Yangel Herrera,Real Sociedad,Desc,50,5237144,5245101,Disponible,2026-09-25
Yanis Musuayi,Levante,Desc,0,964080,984797,Disponible,2026-09-25
Yassir Zabiri,Racing,Desc,70,20016808,19283081,Disponible,2026-09-25
Yoel Lago,Celta,Desc,63,9804042,9241162,Disponible,2026-09-25
Youssouf Fofana,Sevilla,Desc,41,18387341,17705856,Disponible,2026-09-25
Zaid Romero,Getafe,Desc,55,28724969,27717404,Disponible,2026-09-25
Zakaria Eddahchouri,Deportivo,Desc,15,835412,847394,Duda,2026-09-25
Llorenç Serred,Espanyol,Desc,0,461703,460471,Disponible,2026-09-26
Aaron Ndive Mayol,Valencia,Desc,24,870661,843473,Disponible,2026-09-26
Abde Rebbach,Alavés,Desc,63,5067395,5106891,Disponible,2026-09-26
Abdel Abqar,Getafe,Desc,6,2917753,3007140,Duda,2026-09-26
Abdoulaye Faye,Celta,Desc,3,1469118,1509862,Disponible,2026-09-26
Abel Bretones,Osasuna,Desc,31,8486818,8691343,Disponible,2026-09-26
Abiel Osorio,Elche,Desc,23,681928,689872,Disponible,2026-09-26
Adam Aznou,Málaga,Desc,0,1017279,0,Disponible,2026-09-26
Adama Timera,Espanyol,Desc,0,483417,483090,Disponible,2026-09-26
Ademola Lookman,Atlético,Desc,37,40153537,41055556,Disponible,2026-09-26
Adrià Altimira,Deportivo,Desc,15,3558638,3655040,Disponible,2026-09-26
Adrià Pedrosa,Rayo,Desc,35,2723584,2686513,Disponible,2026-09-26
Adrián Molina,Rayo,Desc,0,500407,500788,Disponible,2026-09-26
Adrián Niño,Málaga,Desc,11,921207,939121,Disponible,2026-09-26
Aimar Blázquez,Valencia,Desc,3,581656,581656,Disponible,2026-09-26
Aimar Oroz,Osasuna,Desc,17,6750073,6942362,Duda,2026-09-26
Aissa Mandi,Levante,Desc,48,10929703,11211565,Disponible,2026-09-26
Aitor Fraga,Real Sociedad,Desc,0,602234,602234,Disponible,2026-09-26
Aitor Mañas,Alavés,Desc,6,456747,455309,Disponible,2026-09-26
Aitor Paredes,Athletic,Desc,58,15261554,14867805,Disponible,2026-09-26
Alassane Diatta,Villarreal,Desc,0,459582,458262,Disponible,2026-09-26
Alberto Calatrava,Levante,Desc,0,548611,551000,Disponible,2026-09-26
Alberto Moleiro,Villarreal,Desc,97,49195764,47101845,Disponible,2026-09-26
Alberto Risco,Getafe,Desc,3,487636,487485,Disponible,2026-09-26
Aleix Febas,Celta,Desc,19,11543523,11873849,Disponible,2026-09-26
Alejandro Balde,Barcelona,Desc,5,9108988,9371882,Disponible,2026-09-26
Alejandro Catena,Osasuna,Desc,41,27033417,27661493,Disponible,2026-09-26
Alejandro Iturbe,Elche,Desc,0,512591,513480,Disponible,2026-09-26
Alejandro Panach,Valencia,Desc,0,484213,483919,Disponible,2026-09-26
Alejandro Rego,Athletic,Desc,0,1533132,1576543,Disponible,2026-09-26
Alemão,Rayo,Desc,12,1249026,1280599,Disponible,2026-09-26
Álex Baena,Atlético,Desc,105,71523289,70075674,Disponible,2026-09-26
Álex Berenguer,Athletic,Desc,55,10342728,10541386,Disponible,2026-09-26
Álex Calatrava,Espanyol,Desc,51,5087931,5218224,Disponible,2026-09-26
Alex Freeman,Villarreal,Desc,27,1795147,1707931,Disponible,2026-09-26
Álex Grimaldo,Atlético,Desc,76,50174528,47953383,Disponible,2026-09-26
Alex Lebarbier,Real Sociedad,Desc,0,602234,602234,Disponible,2026-09-26
Alex Marchal,Real Sociedad,Desc,11,541879,543988,Disponible,2026-09-26
Alex Padilla,Athletic,Desc,0,666256,673547,Disponible,2026-09-26
Álex Pastor,Málaga,Desc,0,426727,424038,Disponible,2026-09-26
Álex Remiro,Real Sociedad,Desc,62,34406615,34940536,Disponible,2026-09-26
Alexis Ciria,Real Madrid,Desc,0,561201,564115,Disponible,2026-09-26
Alfonso Herrero,Málaga,Desc,69,19703500,19459246,Disponible,2026-09-26
Aliou Dieng,Valencia,Desc,28,1677527,1723495,Disponible,2026-09-26
Altay Bayindir,Celta,Desc,0,901947,919059,Disponible,2026-09-26
Álvaro Djaló,Athletic,Desc,2,551446,553954,Disponible,2026-09-26
Álvaro Fidalgo,Betis,Desc,3,1001375,1022630,Disponible,2026-09-26
Álvaro García,Rayo,Desc,71,16152572,16467427,Disponible,2026-09-26
Álvaro Mantilla,Racing,Desc,25,1359717,1394384,Disponible,2026-09-26
Álvaro Padilla,Elche,Desc,0,586398,590362,Disponible,2026-09-26
Álvaro Valles,Betis,Desc,127,62935088,61674804,Disponible,2026-09-26
Ander Barrenetxea,Real Sociedad,Desc,43,21476381,21116121,Disponible,2026-09-26
Ander Guevara,Alavés,Desc,17,566760,569906,Disponible,2026-09-26
Andoni Gorosabel,Espanyol,Desc,0,888024,904556,Disponible,2026-09-26
André Almeida,Racing,Desc,9,1022363,1044492,Disponible,2026-09-26
Andrei Ratiu,Rayo,Desc,43,20201581,20613293,Disponible,2026-09-26
Andrés Antañón,Celta,Desc,3,531111,532771,Duda,2026-09-26
Andrés Castrín,Sevilla,Desc,54,7862355,7584074,Disponible,2026-09-26
Andrés Céspedes,Málaga,Desc,0,401498,401498,Disponible,2026-09-26
Andrés García,Getafe,Desc,55,7769038,7702279,Disponible,2026-09-26
Andrés Martín,Racing,Desc,30,9563933,9839869,Lesionado,2026-09-26
Andrés Vallecillo,Racing,Desc,0,483017,482673,Disponible,2026-09-26
Andriy Lunin,Real Madrid,Desc,0,1013284,1033554,Disponible,2026-09-26
Ángel Fortuño,Espanyol,Desc,0,457072,455647,Disponible,2026-09-26
Ángel Ortiz,Betis,Desc,29,834996,849318,Disponible,2026-09-26
Ángel Pérez,Alavés,Desc,75,29087610,28276606,Disponible,2026-09-26
Angel Recio,Málaga,Desc,26,2572537,2530409,Disponible,2026-09-26
Angeliño,Deportivo,Desc,-1,6081321,6265974,Disponible,2026-09-26
Ante Budimir,Osasuna,Desc,94,62373514,61742033,Disponible,2026-09-26
Anthony Gordon,Barcelona,Desc,52,70895213,72264186,Disponible,2026-09-26
Antonio Blanco,Alavés,Desc,56,17038672,17400363,Disponible,2026-09-26
Antonio Rüdiger,Real Madrid,Desc,35,20154794,19783627,Disponible,2026-09-26
Antonio Sivera,Alavés,Desc,98,45645815,44942506,Disponible,2026-09-26
Antony,Betis,Desc,78,61372526,60697201,Disponible,2026-09-26
Arda Güler,Real Madrid,Desc,108,106898977,105942091,Disponible,2026-09-26
Arnau Comas,Deportivo,Desc,0,488739,488634,Disponible,2026-09-26
Arnau Ortiz,Atlético,Desc,15,782077,794194,Disponible,2026-09-26
Arnaut Danjuma,Valencia,Desc,37,4829509,4753989,Disponible,2026-09-26
Arouna Sangante,Sevilla,Desc,16,6309738,6479569,Disponible,2026-09-26
Arsen Zakharyan,Real Sociedad,Desc,3,553624,556222,Disponible,2026-09-26
Asier Bonel,Osasuna,Desc,0,602533,607169,Disponible,2026-09-26
Asier Osambela,Osasuna,Desc,31,458044,456660,Disponible,2026-09-26
Asier Villalibre,Racing,Desc,16,2989020,3075308,Disponible,2026-09-26
Augusto Batalla,Rayo,Desc,21,13061690,13456280,Lesionado,2026-09-26
Aurélien Tchouaméni,Real Madrid,Desc,25,20588698,20867209,Disponible,2026-09-26
Axel Tape,Levante,Desc,0,1441272,1480856,Disponible,2026-09-26
Aymeric Laporte,Athletic,Desc,47,45814123,44999019,Disponible,2026-09-26
Beñat Gerenabarrena,Athletic,Desc,45,3493948,3569131,Disponible,2026-09-26
Beñat Prados,Athletic,Desc,0,637619,643717,Disponible,2026-09-26
Beñat Turrientes,Real Sociedad,Desc,43,5956973,6111701,Disponible,2026-09-26
Bernardo Silva,Real Madrid,Desc,41,33898917,34492668,Disponible,2026-09-26
Bil Nsongo,Deportivo,Desc,33,7616809,7631252,Disponible,2026-09-26
Borja Iglesias,Celta,Desc,2,10487090,10750067,Disponible,2026-09-26
Borja Mayoral,Getafe,Desc,1,1109282,1135033,Disponible,2026-09-26
Boyomo,Osasuna,Desc,16,11287111,11627387,Disponible,2026-09-26
Brian Fariñas,Barcelona,Desc,0,572505,575890,Disponible,2026-09-26
Bright Ede,Deportivo,Desc,22,3347529,3409393,Disponible,2026-09-26
Buba Sangaré,Elche,Desc,23,3031291,3121252,Duda,2026-09-26
Carl Starfelt,Celta,Desc,29,7914103,8136359,Disponible,2026-09-26
Carles Aleñá,Alavés,Desc,24,2531262,2586995,Disponible,2026-09-26
Carlos Dotor,Málaga,Desc,69,5068952,5047252,Disponible,2026-09-26
Carlos Espí,Real Madrid,Desc,27,13077670,13299530,Disponible,2026-09-26
Carlos López,Málaga,Desc,0,428496,425881,Disponible,2026-09-26
Carlos Macià,Villarreal,Desc,13,576417,579965,Disponible,2026-09-26
Carlos Puga,Málaga,Desc,23,2923825,3004079,Disponible,2026-09-26
Carlos Romero,Villarreal,Desc,19,17610509,18090009,Disponible,2026-09-26
Carlos Soler,Real Sociedad,Desc,69,34307322,33329208,Disponible,2026-09-26
César Tárrega,Valencia,Desc,36,6539854,6740275,Duda,2026-09-26
Cheikh Thiam,Villarreal,Desc,0,549537,551965,Disponible,2026-09-26
Chidera Ejuke,Sevilla,Desc,24,5347490,5455345,Disponible,2026-09-26
Chupete,Málaga,Desc,34,20138566,20710332,Disponible,2026-09-26
Clemens Riedel,Espanyol,Desc,30,5330735,5430066,Disponible,2026-09-26
Coke Carrillo,Celta,Desc,0,1567556,0,Disponible,2026-09-26
Couhaib Driouech,Celta,Desc,11,2137847,2200339,Disponible,2026-09-26
Cristian Rivero,Valencia,Desc,0,447924,446118,Disponible,2026-09-26
Cristian Romero,Atlético,Desc,51,43821560,42353407,Disponible,2026-09-26
Dakonam Djené,Getafe,Desc,42,20666786,20178443,Disponible,2026-09-26
Dani Barcia,Deportivo,Desc,0,606406,611204,Disponible,2026-09-26
Dani Cárdenas,Rayo,Desc,13,1077565,1101994,Disponible,2026-09-26
Dani Ceballos,Betis,Desc,17,16294373,16666927,Disponible,2026-09-26
Dani Lorenzo,Málaga,Desc,44,10077535,10225784,Disponible,2026-09-26
Dani Martínez,Atlético,Desc,12,497570,497833,Disponible,2026-09-26
Dani Olmo,Barcelona,Desc,63,48062749,48300345,Disponible,2026-09-26
Dani Requena,Levante,Desc,8,784279,796488,Disponible,2026-09-26
Daniel Raba,Valencia,Desc,2,665732,673001,Disponible,2026-09-26
David Hancko,Atlético,Desc,61,41723044,41065155,Disponible,2026-09-26
David Larrubia,Málaga,Desc,73,20834545,21376798,Disponible,2026-09-26
David Mella,Deportivo,Desc,13,1442735,1479817,Disponible,2026-09-26
David Otorbi,Valencia,Desc,37,604128,608831,Disponible,2026-09-26
David Soria,Getafe,Desc,86,38874123,38422447,Disponible,2026-09-26
Davinchi,Getafe,Desc,4,1142786,1169933,Disponible,2026-09-26
Dean Huijsen,Real Madrid,Desc,56,46517944,47816904,Disponible,2026-09-26
Denis Suárez,Alavés,Desc,46,2884886,2905870,Disponible,2026-09-26
Denzel Dumfries,Real Madrid,Desc,35,27008395,27590047,Disponible,2026-09-26
Diego Conde,Betis,Desc,0,1038253,1061044,Disponible,2026-09-26
Diego Ferrer,Getafe,Desc,0,488654,488545,Disponible,2026-09-26
Diego Rico,Osasuna,Desc,2,1726506,1777974,Disponible,2026-09-26
Diego Villares,Deportivo,Desc,25,1003624,1018425,Disponible,2026-09-26
Dimitri Foulquier,Valencia,Desc,0,800290,813166,Duda,2026-09-26
Dominik Livakovic,Barcelona,Desc,6,2739717,2701424,Disponible,2026-09-26
Eder Aller,Barcelona,Desc,0,702705,702705,Disponible,2026-09-26
Edu Altozano,Sevilla,Desc,0,468833,467898,Disponible,2026-09-26
Edu Expósito,Espanyol,Desc,83,30120267,30623942,Disponible,2026-09-26
Eduardo Camavinga,Real Madrid,Desc,27,7287645,7455000,Disponible,2026-09-26
Einar Galilea,Málaga,Desc,30,5147719,5253979,Disponible,2026-09-26
Emil Audero,Rayo,Desc,32,5012767,5054225,Disponible,2026-09-26
Endrick,Real Madrid,Desc,0,2774000,2841272,Disponible,2026-09-26
Eneko Jauregi,Málaga,Desc,4,604190,608895,Disponible,2026-09-26
Enes Ünal,Getafe,Desc,31,14212435,14554801,Disponible,2026-09-26
Eric Garcia,Barcelona,Desc,49,42014535,42504338,Disponible,2026-09-26
Ezequiel Ponce,Elche,Desc,10,771005,782661,Disponible,2026-09-26
Facundo Bernal,Betis,Desc,54,12539517,12776526,Disponible,2026-09-26
Facundo Buonanotte,Elche,Desc,35,3054944,3136524,Disponible,2026-09-26
Federico Redondo,Elche,Desc,55,1136562,1163449,Disponible,2026-09-26
Federico Valverde,Real Madrid,Desc,69,55539555,57038808,Lesionado,2026-09-26
Félix Correia,Sevilla,Desc,23,5261767,5309743,Disponible,2026-09-26
Ferran Jutglà,Celta,Desc,30,10147044,10003531,Disponible,2026-09-26
Filip Ugrinic,Valencia,Desc,76,3075533,3133393,Disponible,2026-09-26
Florian Lejeune,Rayo,Desc,41,17445648,17704214,Disponible,2026-09-26
Fran García,Betis,Desc,53,27823288,28185783,Disponible,2026-09-26
Fran González,Sevilla,Desc,0,486201,485990,Disponible,2026-09-26
Gabriel Moscardo,Espanyol,Desc,21,2849655,2934888,Disponible,2026-09-26
Gabriel Suazo,Sevilla,Desc,62,7221725,7034298,Disponible,2026-09-26
Georges Mikautadze,Villarreal,Desc,63,47052678,47607685,Disponible,2026-09-26
Georgiy Tsitaishvili,Rayo,Desc,19,1069126,1093204,Disponible,2026-09-26
Gerard Martín,Barcelona,Desc,65,44216554,44973446,Disponible,2026-09-26
Germán Parreño,Deportivo,Desc,0,467344,466347,Disponible,2026-09-26
Germán Valera,Elche,Desc,84,13440065,13396923,Disponible,2026-09-26
Giacomo Quagliata,Deportivo,Desc,38,4524539,4434693,Disponible,2026-09-26
Giorgi Guliashvili,Racing,Desc,2,739661,750011,Disponible,2026-09-26
Giorgi Kochorashvili,Sevilla,Desc,28,5618356,5739643,Disponible,2026-09-26
Giovani Lo Celso,Betis,Desc,4,11237437,11552484,Disponible,2026-09-26
Gnangoro Bouare,Rayo,Desc,28,757202,768283,Disponible,2026-09-26
Gonçalo Guedes,Real Sociedad,Desc,38,15979584,16101594,Disponible,2026-09-26
Gonzalo Villar,Elche,Desc,85,9582517,9694011,Disponible,2026-09-26
Gorka Carrera,Real Sociedad,Desc,0,507104,507764,Disponible,2026-09-26
Gorka Guruzeta,Athletic,Desc,5,6279384,6467686,Duda,2026-09-26
Grady Diangana,Elche,Desc,0,576606,580162,Disponible,2026-09-26
Grégoire Swiderski,Alavés,Desc,0,469160,468239,Disponible,2026-09-26
Hamza Abdelkarim,Barcelona,Desc,2,2324403,2383310,Disponible,2026-09-26
Héctor Bellerín,Betis,Desc,56,18445081,18202278,Disponible,2026-09-26
Héctor Fort,Real Sociedad,Desc,3,2687845,2755972,Disponible,2026-09-26
Hugo Burcio,Celta,Desc,7,543189,545353,Disponible,2026-09-26
Hugo Duro,Valencia,Desc,21,4370240,4428966,Disponible,2026-09-26
Hugo González,Celta,Desc,56,2776916,2607799,Disponible,2026-09-26
Hugo Novoa,Alavés,Desc,0,528862,530429,Disponible,2026-09-26
Hugo Pérez,Racing,Desc,0,648761,655323,Disponible,2026-09-26
Hugo Rincón,Athletic,Desc,4,1181694,1210462,Disponible,2026-09-26
Hugo Sotelo,Levante,Desc,9,723948,733643,Duda,2026-09-26
Iago Aspas,Celta,Desc,21,4777481,4913283,Duda,2026-09-26
Ibai Aguirre,R. Sociedad B,Desc,0,602257,602257,Disponible,2026-09-26
Ibrahima Konaté,Real Madrid,Desc,12,33695034,34635635,Disponible,2026-09-26
Ifeanyi Ndukwe,Levante,Desc,6,1144650,1171874,Disponible,2026-09-26
Igor Galdin,Levante,Desc,0,483479,483155,Disponible,2026-09-26
Igor Zubeldia,Real Sociedad,Desc,36,9192939,9443929,Disponible,2026-09-26
Iker Córdoba,Valencia,Desc,6,844955,859692,Disponible,2026-09-26
Iker Losada,Betis,Desc,0,897939,914884,Disponible,2026-09-26
Iker Luque,Racing,Desc,10,1076781,1101178,Disponible,2026-09-26
Iker Monreal,Athletic,Desc,0,543189,545353,Disponible,2026-09-26
Iker Muñoz,Sevilla,Desc,41,468833,467898,Disponible,2026-09-26
Iker Muñoz,Osasuna,Desc,41,1787466,1818773,Disponible,2026-09-26
Iker Muñoz,Sevilla,Desc,0,468833,467898,Disponible,2026-09-26
Iker Muñoz,Osasuna,Desc,0,1787466,1818773,Disponible,2026-09-26
Ilaix Moriba,Celta,Desc,66,11761042,11134413,Disponible,2026-09-26
Ilias Akhomach,Villarreal,Desc,26,3531351,3306138,Disponible,2026-09-26
Iñigo Arguibide,Osasuna,Desc,25,3059816,3122863,Disponible,2026-09-26
Íñigo Sainz-Maza,Racing,Desc,12,496669,496894,Disponible,2026-09-26
Iñigo Vicente,Racing,Desc,80,30526896,31051495,Disponible,2026-09-26
Ionut Radu,Celta,Desc,82,45060185,44498642,Disponible,2026-09-26
Isaac Romero,Sevilla,Desc,24,4668836,4774901,Disponible,2026-09-26
Iván Alonso,Rayo,Desc,0,461686,460454,Disponible,2026-09-26
Iván Azón,Getafe,Desc,35,4306702,4246450,Disponible,2026-09-26
Iván Balliu,Rayo,Desc,0,572820,576218,Disponible,2026-09-26
Iván Martín,Racing,Desc,55,6584585,6721605,Disponible,2026-09-26
Iván Romero,Levante,Desc,54,6511826,6434961,Disponible,2026-09-26
Iván Villar,Celta,Desc,0,539277,541278,Disponible,2026-09-26
Izan Merino,Málaga,Desc,31,3070972,3151865,Disponible,2026-09-26
Jan Oblak,Atlético,Desc,59,49384239,48851002,Disponible,2026-09-26
Jaume Durá,Valencia,Desc,0,673408,680997,Disponible,2026-09-26
Javi Galán,Celta,Desc,23,6479812,6637934,Disponible,2026-09-26
Javi Guerra,Valencia,Desc,45,18930196,19213894,Disponible,2026-09-26
Javi Morcillo,Elche,Desc,47,770306,770581,Disponible,2026-09-26
Javi Navarro,Real Madrid,Desc,0,702622,702622,Disponible,2026-09-26
Javi Rodríguez,Celta,Desc,16,6475039,6662104,Disponible,2026-09-26
Javi Rueda,Celta,Desc,42,5425008,5429936,Disponible,2026-09-26
Javier Hernández,Espanyol,Desc,70,16514553,16678650,Disponible,2026-09-26
Jean Ives Valou,Getafe,Desc,-5,468833,467898,Disponible,2026-09-26
Jeanuël Belocian,Racing,Desc,6,2615766,2687979,Disponible,2026-09-26
Jeremy Toljan,Levante,Desc,14,1638369,1670590,Disponible,2026-09-26
Jesús Areso,Athletic,Desc,47,3778745,3850619,Disponible,2026-09-26
Jesús Vázquez,Valencia,Desc,27,1392112,1424515,Disponible,2026-09-26
Jiri Letácek,Getafe,Desc,0,486570,486374,Disponible,2026-09-26
Joan Garcia,Barcelona,Desc,56,59421032,60790495,Duda,2026-09-26
Joao Cancelo,Barcelona,Desc,19,34647677,33934367,Disponible,2026-09-26
Job Ochieng,Real Sociedad,Desc,40,1370085,1331196,Disponible,2026-09-26
Johan Mojica,Getafe,Desc,84,15080382,14955258,Disponible,2026-09-26
Johnny Cardoso,Atlético,Desc,23,3828793,3690170,Disponible,2026-09-26
Jon Ander Olasagasti,Levante,Desc,73,8514724,8669158,Disponible,2026-09-26
Jon Aramburu,Real Sociedad,Desc,58,18076614,18394017,Disponible,2026-09-26
Jon Gorrotxategi,Real Sociedad,Desc,22,2166267,2218508,Disponible,2026-09-26
Jon Guridi,Sevilla,Desc,38,6214757,6322177,Disponible,2026-09-26
Jon Martín,Real Sociedad,Desc,23,20937887,21419853,Disponible,2026-09-26
Jon Moncayola,Osasuna,Desc,50,6351007,6487239,Disponible,2026-09-26
Jon Pacheco,Real Sociedad,Desc,3,1354722,1390699,Disponible,2026-09-26
Jonathan Asp Jensen,Deportivo,Desc,40,3202070,3274082,Disponible,2026-09-26
Jonathan David,Atlético,Desc,57,45332157,43407425,Disponible,2026-09-26
Jonathan Dubasin,Osasuna,Desc,22,5358223,5509346,Disponible,2026-09-26
Jones El-Abdellaoui,Celta,Desc,12,719977,729507,Lesionado,2026-09-26
Jordi Pesquer,Barcelona,Desc,0,600000,600000,Disponible,2026-09-26
Jorge Cabello,Levante,Desc,0,509625,510390,Disponible,2026-09-26
Jorge Castellanos,Racing,Desc,0,483417,483090,Disponible,2026-09-26
Jorge Castillo,Atlético,Desc,0,1000000,1000000,Disponible,2026-09-26
Jorge Cestero,Real Madrid,Desc,0,482082,481699,Disponible,2026-09-26
Jorge Domínguez,Atlético,Desc,2,1619956,1666985,Disponible,2026-09-26
Jorge Herrando,Osasuna,Desc,24,1146651,1173959,Lesionado,2026-09-26
Jorge Salinas,Racing,Desc,60,6018973,6150978,Disponible,2026-09-26
José Ángel Carmona,Sevilla,Desc,2,1550061,1594178,Disponible,2026-09-26
José Antonio Morante,Betis,Desc,0,956903,976305,Disponible,2026-09-26
José Gayà,Valencia,Desc,39,7174457,7301635,Disponible,2026-09-26
José María Giménez,Deportivo,Desc,28,13713624,13230765,Disponible,2026-09-26
José Salinas,Málaga,Desc,19,906346,913530,Disponible,2026-09-26
Joseph Otu,Málaga,Desc,0,590856,595006,Disponible,2026-09-26
Jozhua Vertrouwd,Rayo,Desc,-1,596723,601117,Duda,2026-09-26
Juan Berrocal,Málaga,Desc,12,672688,680247,Disponible,2026-09-26
Juan Carlos Arana,Racing,Desc,1,503351,503855,Disponible,2026-09-26
Juan Cruz,Málaga,Desc,31,5599867,5752137,Disponible,2026-09-26
Juan Foyth,Villarreal,Desc,28,10522894,10777121,Disponible,2026-09-26
Juan Iglesias,Sevilla,Desc,81,19395462,18857682,Disponible,2026-09-26
Juan Musso,Atlético,Desc,0,1633729,1676749,Disponible,2026-09-26
Juani,Málaga,Desc,0,886030,902479,Disponible,2026-09-26
Jude Bellingham,Real Madrid,Desc,130,118302643,119024546,Disponible,2026-09-26
Julen Agirrezabala,Racing,Desc,76,25231585,24915096,Disponible,2026-09-26
Julen Lobete,Málaga,Desc,0,501277,501694,Lesionado,2026-09-26
Jules Koundé,Barcelona,Desc,14,22515930,23063525,Disponible,2026-09-26
Julio Díaz,Sevilla,Desc,1,442578,440549,Disponible,2026-09-26
Karim Adeyemi,Barcelona,Desc,64,72911941,70616062,Disponible,2026-09-26
Karl Etta Eyong,Levante,Desc,10,9665627,9957697,Duda,2026-09-26
Kevin Sánchez,Deportivo,Desc,0,533597,535361,Disponible,2026-09-26
Kike Barja,Osasuna,Desc,32,1324282,1353423,Disponible,2026-09-26
Kike Ribes,Celta Fortuna,Desc,0,600000,600000,Disponible,2026-09-26
Kike Salas,Sevilla,Desc,49,12137553,12117560,Disponible,2026-09-26
Kiko Femenia,Getafe,Desc,2,1522559,1565530,Duda,2026-09-26
Kylian Mbappé,Real Madrid,Desc,147,157412955,155371420,Disponible,2026-09-26
Lamine Yamal,Barcelona,Desc,157,165406817,162076328,Disponible,2026-09-26
Laro Gómez,Racing,Desc,0,602234,602234,Disponible,2026-09-26
Leandro Cabrera,Espanyol,Desc,31,10361609,10538131,Disponible,2026-09-26
Leo Román,Deportivo,Desc,56,35493835,35856349,Disponible,2026-09-26
Logan Costa,Villarreal,Desc,-2,600448,604997,Disponible,2026-09-26
Lorenzo Amatucci,Deportivo,Desc,66,15513285,15831589,Disponible,2026-09-26
Lucas Boyé,Alavés,Desc,77,33426139,33000484,Disponible,2026-09-26
Lucas Cepeda,Elche,Desc,42,1734900,1683915,Disponible,2026-09-26
Lucas Noubi,Deportivo,Desc,47,13745582,14094433,Disponible,2026-09-26
Lucas Stassin,Sevilla,Desc,27,14098484,14522166,Duda,2026-09-26
Lucas Torró,Osasuna,Desc,19,1185487,1214413,Disponible,2026-09-26
Lucien Agoume,Sevilla,Desc,81,13752479,13444843,Disponible,2026-09-26
Luis Rioja,Valencia,Desc,23,4637096,4742013,Disponible,2026-09-26
Luiz Junior,Villarreal,Desc,8,19921933,20504464,Disponible,2026-09-26
Luken Beitia,Real Sociedad,Desc,5,457056,455631,Disponible,2026-09-26
Manel Usedo,Levante,Desc,0,505148,505727,Disponible,2026-09-26
Manu Bueno,Sevilla,Desc,5,508694,509420,Disponible,2026-09-26
Manu González,Betis,Desc,0,581691,581691,Disponible,2026-09-26
Manu Hernando,Racing,Desc,22,1884607,1939526,Disponible,2026-09-26
Manu Sánchez,Levante,Desc,62,4569155,4676498,Disponible,2026-09-26
Manuel Ángel Castillo,Sevilla,Desc,0,900000,900000,Disponible,2026-09-26
Marash Kumbulla,Rayo,Desc,0,1609543,1656138,Disponible,2026-09-26
Marc Aguado,Elche,Desc,32,3147096,3237443,Disponible,2026-09-26
Marc Bartra,Betis,Desc,73,33586961,34571514,Disponible,2026-09-26
Marc Bernal,Barcelona,Desc,54,27086036,27445666,Disponible,2026-09-26
Marc Casadó,Deportivo,Desc,12,6010423,6182544,Lesionado,2026-09-26
Marc Cucurella,Real Madrid,Desc,36,47858711,48747659,Disponible,2026-09-26
Marc Roca,Betis,Desc,61,17614010,17172318,Disponible,2026-09-26
Marc Santos,Levante,Desc,3,526881,528365,Disponible,2026-09-26
Marcão,Sevilla,Desc,0,473985,473265,Disponible,2026-09-26
Marco Román,Rayo,Desc,0,505148,505727,Disponible,2026-09-26
Marcos Navarro,Valencia,Desc,0,501909,501909,Disponible,2026-09-26
Mario Martín,Getafe,Desc,28,2073038,2130662,Disponible,2026-09-26
Mario Rivas,Real Madrid,Desc,0,700000,700000,Disponible,2026-09-26
Marko Dmitrovic,Espanyol,Desc,73,37875141,38358137,Disponible,2026-09-26
Maroan Sannadi,Athletic,Desc,6,439466,437308,Disponible,2026-09-26
Martim Neto,Elche,Desc,13,839062,853554,Disponible,2026-09-26
Martín Satriano,Getafe,Desc,44,18734810,18697952,Disponible,2026-09-26
Mathew Ryan,Levante,Desc,71,28314201,28669807,Disponible,2026-09-26
Matia Barzic,Elche,Desc,3,507315,507984,Disponible,2026-09-26
Matías Dituro,Elche,Desc,25,9793101,9768622,Disponible,2026-09-26
Matteo Prati,Racing,Desc,33,2281033,2346987,Disponible,2026-09-26
Mauro Echegoyen,Osasuna,Desc,0,473714,472983,Disponible,2026-09-26
Miguel Cubo,Atlético,Desc,0,474844,474160,Disponible,2026-09-26
Miguel Loureiro,Deportivo,Desc,30,1854440,1881625,Disponible,2026-09-26
Miguel Román,Celta,Desc,76,18138929,17279964,Disponible,2026-09-26
Miguel Sierra,Sevilla,Desc,82,9944798,9436097,Disponible,2026-09-26
Mikel Jauregizar,Athletic,Desc,35,11412151,11674220,Disponible,2026-09-26
Mikel Oyarzabal,Real Sociedad,Desc,52,47178125,47740622,Disponible,2026-09-26
Mikel Rodriguez,Alavés,Desc,39,1578620,1623927,Lesionado,2026-09-26
Moi Gómez,Osasuna,Desc,37,2778100,2843084,Duda,2026-09-26
Morten Hjulmand,Atlético,Desc,52,18338508,18793298,Disponible,2026-09-26
Mouctar Diakhaby,Valencia,Desc,12,2391859,2461029,Duda,2026-09-26
Nacho Pérez,Levante,Desc,47,1963834,2008491,Disponible,2026-09-26
Nahuel Tenaglia,Alavés,Desc,86,31906478,32292194,Disponible,2026-09-26
Natan,Betis,Desc,85,43692795,42219930,Disponible,2026-09-26
Nathan-Dylan Saliba,Villarreal,Desc,45,6392111,6429556,Disponible,2026-09-26
Nelson Deossa,Betis,Desc,63,5903719,5486611,Disponible,2026-09-26
Nemanja Gudelj,Getafe,Desc,14,5472850,5568843,Disponible,2026-09-26
Nico Guillén,Sevilla,Desc,14,1559257,1603757,Disponible,2026-09-26
Nico Serrano,Athletic,Desc,2,521209,522457,Disponible,2026-09-26
Nicolas Pépé,Villarreal,Desc,67,50617874,51815732,Disponible,2026-09-26
Nicolás Valentini,Alavés,Desc,25,692925,683744,Disponible,2026-09-26
Obed Vargas,Atlético,Desc,0,512712,513606,Disponible,2026-09-26
Odysseas Vlachodimos,Sevilla,Desc,63,32792018,32696401,Disponible,2026-09-26
Oihan Sancet,Athletic,Desc,65,38971758,39787115,Disponible,2026-09-26
Omar El Hilali,Espanyol,Desc,51,15662752,15435318,Disponible,2026-09-26
Orel Mangala,Getafe,Desc,43,9946775,10180448,Disponible,2026-09-26
Oriol Rey,Levante,Desc,42,2248985,2268248,Disponible,2026-09-26
Orri Steinn Óskarsson,Real Sociedad,Desc,17,5597741,5762272,Disponible,2026-09-26
Óscar López,Getafe,Desc,0,673408,680997,Disponible,2026-09-26
Óscar Valentín,Rayo,Desc,50,2936984,2988272,Disponible,2026-09-26
Pablo Barrios,Atlético,Desc,49,37596489,38445216,Duda,2026-09-26
Pablo Durán,Celta,Desc,36,887728,855146,Disponible,2026-09-26
Pablo Fornals,Betis,Desc,47,39864783,40481496,Disponible,2026-09-26
Pablo García,Deportivo,Desc,42,468964,468964,Disponible,2026-09-26
Pablo García,Racing,Desc,42,7949970,8042315,Disponible,2026-09-26
Pablo Gavi,Barcelona,Desc,4,12330952,12651215,Disponible,2026-09-26
Pablo Ibáñez,Alavés,Desc,67,13934560,13663826,Disponible,2026-09-26
Pablo Maffeo,Valencia,Desc,21,5185808,5296248,Disponible,2026-09-26
Pablo Marín,Real Sociedad,Desc,0,651959,658655,Disponible,2026-09-26
Pablo Martínez,Málaga,Desc,47,4023410,4117404,Disponible,2026-09-26
Pablo Ramón,Racing,Desc,49,1841065,1870366,Disponible,2026-09-26
Paco Cortés,Levante,Desc,7,509198,509945,Disponible,2026-09-26
Pape Gueye,Villarreal,Desc,87,34542456,34573022,Disponible,2026-09-26
Pau Cubarsí,Barcelona,Desc,37,59528357,60151528,Disponible,2026-09-26
Pau Navarro,Villarreal,Desc,12,3519924,3570584,Disponible,2026-09-26
Pedro Bigas,Elche,Desc,-7,1725603,1774916,Disponible,2026-09-26
Pedro Díaz,Rayo,Desc,45,1020521,1041268,Disponible,2026-09-26
Pedro Felipe,Racing,Desc,-8,895732,912585,Disponible,2026-09-26
Peio Canales,Athletic,Desc,29,5438522,5569635,Disponible,2026-09-26
Pepelu,Valencia,Desc,81,12833052,12544243,Disponible,2026-09-26
Peque,Sevilla,Desc,21,1871709,1924452,Disponible,2026-09-26
Pere Milla,Espanyol,Desc,4,3332524,3425214,Disponible,2026-09-26
Petar Ratkov,Levante,Desc,2,2250493,2318975,Disponible,2026-09-26
Pierre-Emerick Aubameyang,Deportivo,Desc,106,97677715,100554393,Lesionado,2026-09-26
Pol Lozano,Espanyol,Desc,4,872450,888333,Disponible,2026-09-26
Quilindschy Hartman,Espanyol,Desc,12,2721819,2798317,Disponible,2026-09-26
Rafa Rodríguez,Málaga,Desc,24,1980852,2036243,Disponible,2026-09-26
Rafel Bauzà,Espanyol,Desc,16,526881,528365,Disponible,2026-09-26
Ramón Enríquez,Málaga,Desc,5,510019,510800,Disponible,2026-09-26
Ramón Terrats,Getafe,Desc,84,11500656,11017904,Disponible,2026-09-26
Randy Nteka,Rayo,Desc,10,805181,818261,Duda,2026-09-26
Raphinha,Barcelona,Desc,183,164251884,160938616,Disponible,2026-09-26
Raúl Asencio,Real Madrid,Desc,0,1574601,1600236,Disponible,2026-09-26
Raúl García,Osasuna,Desc,29,1348051,1371718,Disponible,2026-09-26
Raúl Jiménez,Valencia,Desc,0,1561503,0,Disponible,2026-09-26
Raul Moro,Osasuna,Desc,13,6308986,6504038,Lesionado,2026-09-26
Renato Veiga,Villarreal,Desc,29,25144002,24715371,Disponible,2026-09-26
Robbie Ure,Sevilla,Desc,18,8973715,9194640,Disponible,2026-09-26
Robert Navarro,Athletic,Desc,76,13884146,13233256,Disponible,2026-09-26
Robin Le Normand,Atlético,Desc,38,10145195,10283130,Disponible,2026-09-26
Rockson Yeboah,Osasuna,Desc,8,741207,751621,Disponible,2026-09-26
Rodrigo Gamón,Valencia,Desc,0,800000,800000,Disponible,2026-09-26
Rodrigo Mendoza,Atlético,Desc,23,809660,822926,Disponible,2026-09-26
Rodrigo Riquelme,Betis,Desc,66,18565078,18756732,Disponible,2026-09-26
Roger Hinojo,Espanyol,Desc,43,4090119,4192342,Disponible,2026-09-26
Romain Del Castillo,Osasuna,Desc,3,7351767,7577984,Disponible,2026-09-26
Roy Revivo,Elche,Desc,22,3628694,3620512,Disponible,2026-09-26
Rubén Gómez,Villarreal,Desc,0,462500,461301,Disponible,2026-09-26
Rubén Sánchez,Elche,Desc,10,441891,439834,Disponible,2026-09-26
Rubén Vargas,Sevilla,Desc,2,7680697,7911873,Duda,2026-09-26
Ryunosuke Sato,Valencia,Desc,20,5472093,5636084,Disponible,2026-09-26
Saba Sazonov,Getafe,Desc,12,655221,662053,Disponible,2026-09-26
Salvi Esquivel,Atlético,Desc,0,506871,507521,Disponible,2026-09-26
Samu Becerra,Rayo,Desc,0,531111,532771,Disponible,2026-09-26
Santi Comesaña,Villarreal,Desc,39,12591812,12973749,Duda,2026-09-26
Santiago Mouriño,Villarreal,Desc,20,13970256,14360299,Disponible,2026-09-26
Sebastián Boselli,Getafe,Desc,3,968256,988131,Disponible,2026-09-26
Sebastián Cáceres,Celta,Desc,24,4463376,4532702,Disponible,2026-09-26
Selu Diallo,Alavés,Desc,0,543820,546010,Disponible,2026-09-26
Sergio Camello,Rayo,Desc,113,34040217,32068069,Disponible,2026-09-26
Sergio Canales,Racing,Desc,67,24787177,25378107,Disponible,2026-09-26
Sergio Carreira,Celta,Desc,30,7512534,7603836,Disponible,2026-09-26
Sergio Gómez,Real Sociedad,Desc,44,15798511,15986854,Disponible,2026-09-26
Sergio Herrera,Osasuna,Desc,19,27149035,27802370,Disponible,2026-09-26
Sergio José Lozano,Rayo,Desc,0,483417,483090,Disponible,2026-09-26
Sergio Martínez,Real Madrid,Desc,28,1136002,1162866,Disponible,2026-09-26
Sergio Mestre,Real Madrid,Desc,0,677860,677860,Disponible,2026-09-26
Simon Eriksson,Racing,Desc,0,1017851,1039792,Duda,2026-09-26
Stole Dimitrievski,Valencia,Desc,68,21086660,21271141,Disponible,2026-09-26
Takefusa Kubo,Real Sociedad,Desc,23,16502335,16925919,Disponible,2026-09-26
Tani Oluwaseyi,Villarreal,Desc,8,1003732,1025085,Disponible,2026-09-26
Tete Morente,Elche,Desc,46,3522116,3410090,Disponible,2026-09-26
Theo Folgado,Real Sociedad,Desc,0,702606,702606,Disponible,2026-09-26
Thibaut Courtois,Real Madrid,Desc,59,57226161,57741155,Disponible,2026-09-26
Thomas Lemar,Elche,Desc,28,4059391,4079954,Disponible,2026-09-26
Toni Martinez,Alavés,Desc,31,15313457,15694396,Disponible,2026-09-26
Trent Alexander-Arnold,Real Madrid,Desc,37,18970001,19345571,Disponible,2026-09-26
Tyrhys Dolan,Espanyol,Desc,27,13574989,13886224,Disponible,2026-09-26
Umar Sadiq,Valencia,Desc,19,2447178,2520810,Lesionado,2026-09-26
Unai López,Rayo,Desc,84,17920415,17624724,Disponible,2026-09-26
Unai Marrero,Real Sociedad,Desc,23,710584,719722,Disponible,2026-09-26
Unai Santos,Osasuna,Desc,1,484108,483810,Disponible,2026-09-26
Unai Simón,Athletic,Desc,72,45417731,45968329,Disponible,2026-09-26
Valentín Gómez,Betis,Desc,43,2386629,2256554,Disponible,2026-09-26
Vanja Drkusic,Espanyol,Desc,11,1422360,1461156,Disponible,2026-09-26
Víctor Chust,Elche,Desc,14,3935129,3997562,Disponible,2026-09-26
Víctor García,Levante,Desc,3,803301,816303,Disponible,2026-09-26
Ville Koski,Alavés,Desc,71,20873650,19796526,Disponible,2026-09-26
Williot Swedberg,Celta,Desc,43,3764798,3850966,Disponible,2026-09-26
Wojciech Szczesny,Barcelona,Desc,-5,1188783,1214867,Disponible,2026-09-26
Xanet Oláiz,Alavés,Desc,2,469899,469009,Disponible,2026-09-26
Xavi Espart,Barcelona,Desc,79,42721781,42153881,Disponible,2026-09-26
Yangel Herrera,Real Sociedad,Desc,50,5219295,5237144,Disponible,2026-09-26
Yanis Musuayi,Levante,Desc,0,945167,964080,Disponible,2026-09-26
Yassir Zabiri,Racing,Desc,70,20769250,20016808,Disponible,2026-09-26
Yoel Lago,Celta,Desc,63,10303231,9804042,Disponible,2026-09-26
Youssouf Fofana,Sevilla,Desc,41,19053959,18387341,Disponible,2026-09-26
Zaid Romero,Getafe,Desc,55,29749066,28724969,Disponible,2026-09-26
Zakaria Eddahchouri,Deportivo,Desc,15,821646,835412,Duda,2026-09-26
Llorenç Serred,Espanyol,Desc,0,463634,461703,Disponible,2026-09-27
Aaron Ndive Mayol,Valencia,Desc,24,895451,870661,Disponible,2026-09-27
Abde Rebbach,Alavés,Desc,63,5021814,5067395,Disponible,2026-09-27
Abdel Abqar,Getafe,Desc,6,2832257,2917753,Duda,2026-09-27
Abdoulaye Faye,Celta,Desc,3,1430752,1469118,Disponible,2026-09-27
Abel Bretones,Osasuna,Desc,31,8289110,8486818,Disponible,2026-09-27
Abiel Osorio,Elche,Desc,23,675050,681928,Disponible,2026-09-27
Adam Aznou,Málaga,Desc,0,1017279,0,Disponible,2026-09-27
Adama Timera,Espanyol,Desc,0,484479,483417,Disponible,2026-09-27
Ademola Lookman,Atlético,Desc,37,39300990,40153537,Disponible,2026-09-27
Adrià Altimira,Deportivo,Desc,15,3465689,3558638,Disponible,2026-09-27
Adrià Pedrosa,Rayo,Desc,35,2780150,2723584,Disponible,2026-09-27
Adrián Molina,Rayo,Desc,0,500790,500407,Disponible,2026-09-27
Adrián Niño,Málaga,Desc,11,904758,921207,Disponible,2026-09-27
Aimar Blázquez,Valencia,Desc,3,581656,581656,Disponible,2026-09-27
Aimar Oroz,Osasuna,Desc,17,6568424,6750073,Duda,2026-09-27
Aissa Mandi,Levante,Desc,48,10665279,10929703,Disponible,2026-09-27
Aitor Fraga,Real Sociedad,Desc,0,602234,602234,Disponible,2026-09-27
Aitor Mañas,Alavés,Desc,6,458876,456747,Disponible,2026-09-27
Aitor Paredes,Athletic,Desc,58,15666499,15261554,Disponible,2026-09-27
Alassane Diatta,Villarreal,Desc,0,461598,459582,Disponible,2026-09-27
Alberto Calatrava,Levante,Desc,0,547066,548611,Disponible,2026-09-27
Alberto Moleiro,Villarreal,Desc,97,51421576,49195764,Disponible,2026-09-27
Alberto Risco,Getafe,Desc,3,488530,487636,Disponible,2026-09-27
Aleix Febas,Celta,Desc,19,11231870,11543523,Disponible,2026-09-27
Alejandro Balde,Barcelona,Desc,5,8860486,9108988,Disponible,2026-09-27
Alejandro Catena,Osasuna,Desc,41,26394970,27033417,Disponible,2026-09-27
Alejandro Iturbe,Elche,Desc,0,512487,512591,Disponible,2026-09-27
Alejandro Panach,Valencia,Desc,0,485244,484213,Disponible,2026-09-27
Alejandro Rego,Athletic,Desc,0,1492206,1533132,Disponible,2026-09-27
Alemão,Rayo,Desc,12,1219464,1249026,Disponible,2026-09-27
Álex Baena,Atlético,Desc,105,73003064,71523289,Disponible,2026-09-27
Álex Berenguer,Athletic,Desc,55,10135496,10342728,Disponible,2026-09-27
Álex Calatrava,Espanyol,Desc,51,4960903,5087931,Disponible,2026-09-27
Alex Freeman,Villarreal,Desc,27,1868978,1795147,Disponible,2026-09-27
Álex Grimaldo,Atlético,Desc,76,52588494,50174528,Disponible,2026-09-27
Alex Lebarbier,Real Sociedad,Desc,0,602234,602234,Disponible,2026-09-27
Alex Marchal,Real Sociedad,Desc,11,540603,541879,Disponible,2026-09-27
Alex Padilla,Athletic,Desc,0,660005,666256,Disponible,2026-09-27
Álex Pastor,Málaga,Desc,0,430057,426727,Disponible,2026-09-27
Álex Remiro,Real Sociedad,Desc,62,33909013,34406615,Disponible,2026-09-27
Alexis Ciria,Real Madrid,Desc,0,559152,561201,Disponible,2026-09-27
Alfonso Herrero,Málaga,Desc,69,19946172,19703500,Disponible,2026-09-27
Aliou Dieng,Valencia,Desc,28,1633202,1677527,Disponible,2026-09-27
Altay Bayindir,Celta,Desc,0,886268,901947,Disponible,2026-09-27
Álvaro Djaló,Athletic,Desc,2,549787,551446,Disponible,2026-09-27
Álvaro Fidalgo,Betis,Desc,3,981719,1001375,Disponible,2026-09-27
Álvaro García,Rayo,Desc,71,15847034,16152572,Disponible,2026-09-27
Álvaro Mantilla,Racing,Desc,25,1326340,1359717,Disponible,2026-09-27
Álvaro Padilla,Elche,Desc,0,583341,586398,Disponible,2026-09-27
Álvaro Valles,Betis,Desc,127,64054480,62935088,Disponible,2026-09-27
Ander Barrenetxea,Real Sociedad,Desc,43,21803611,21476381,Disponible,2026-09-27
Ander Guevara,Alavés,Desc,17,564489,566760,Disponible,2026-09-27
Andoni Gorosabel,Espanyol,Desc,0,872902,888024,Disponible,2026-09-27
André Almeida,Racing,Desc,9,1001868,1022363,Disponible,2026-09-27
Andrei Ratiu,Rayo,Desc,43,19819833,20201581,Disponible,2026-09-27
Andrés Antañón,Celta,Desc,3,530266,531111,Duda,2026-09-27
Andrés Castrín,Sevilla,Desc,54,8129015,7862355,Disponible,2026-09-27
Andrés Céspedes,Málaga,Desc,0,401498,401498,Disponible,2026-09-27
Andrés García,Getafe,Desc,55,7830986,7769038,Disponible,2026-09-27
Andrés Martín,Racing,Desc,30,9294884,9563933,Lesionado,2026-09-27
Andrés Vallecillo,Racing,Desc,0,484095,483017,Disponible,2026-09-27
Andriy Lunin,Real Madrid,Desc,0,993152,1013284,Disponible,2026-09-27
Ángel Fortuño,Espanyol,Desc,0,459188,457072,Disponible,2026-09-27
Ángel Ortiz,Betis,Desc,29,821995,834996,Disponible,2026-09-27
Ángel Pérez,Alavés,Desc,75,29903667,29087610,Disponible,2026-09-27
Angel Recio,Málaga,Desc,26,2607672,2572537,Disponible,2026-09-27
Angeliño,Deportivo,Desc,-1,5903497,6081321,Disponible,2026-09-27
Ante Budimir,Osasuna,Desc,94,62970592,62373514,Disponible,2026-09-27
Anthony Gordon,Barcelona,Desc,52,69578430,70895213,Disponible,2026-09-27
Antonio Blanco,Alavés,Desc,56,16673426,17038672,Disponible,2026-09-27
Antonio Rüdiger,Real Madrid,Desc,35,20594352,20154794,Disponible,2026-09-27
Antonio Sivera,Alavés,Desc,98,46374467,45645815,Disponible,2026-09-27
Antony,Betis,Desc,78,62038785,61372526,Disponible,2026-09-27
Arda Güler,Real Madrid,Desc,108,108160489,106898977,Disponible,2026-09-27
Arnau Comas,Deportivo,Desc,0,489589,488739,Disponible,2026-09-27
Arnau Ortiz,Atlético,Desc,15,771193,782077,Disponible,2026-09-27
Arnaut Danjuma,Valencia,Desc,37,4918646,4829509,Disponible,2026-09-27
Arouna Sangante,Sevilla,Desc,16,6144328,6309738,Disponible,2026-09-27
Arsen Zakharyan,Real Sociedad,Desc,3,551878,553624,Disponible,2026-09-27
Asier Bonel,Osasuna,Desc,0,598831,602533,Disponible,2026-09-27
Asier Osambela,Osasuna,Desc,31,460121,458044,Disponible,2026-09-27
Asier Villalibre,Racing,Desc,16,2904138,2989020,Disponible,2026-09-27
Augusto Batalla,Rayo,Desc,21,12683423,13061690,Lesionado,2026-09-27
Aurélien Tchouaméni,Real Madrid,Desc,25,20361701,20588698,Disponible,2026-09-27
Axel Tape,Levante,Desc,0,1404020,1441272,Disponible,2026-09-27
Aymeric Laporte,Athletic,Desc,47,46731342,45814123,Disponible,2026-09-27
Beñat Gerenabarrena,Athletic,Desc,45,3419480,3493948,Disponible,2026-09-27
Beñat Prados,Athletic,Desc,0,632513,637619,Disponible,2026-09-27
Beñat Turrientes,Real Sociedad,Desc,43,5802483,5956973,Disponible,2026-09-27
Bernardo Silva,Real Madrid,Desc,41,33314466,33898917,Disponible,2026-09-27
Bil Nsongo,Deportivo,Desc,33,7595322,7616809,Disponible,2026-09-27
Borja Iglesias,Celta,Desc,2,10249500,10487090,Disponible,2026-09-27
Borja Mayoral,Getafe,Desc,1,1085310,1109282,Disponible,2026-09-27
Boyomo,Osasuna,Desc,16,10957860,11287111,Disponible,2026-09-27
Brian Fariñas,Barcelona,Desc,0,570004,572505,Disponible,2026-09-27
Bright Ede,Deportivo,Desc,22,3285859,3347529,Disponible,2026-09-27
Buba Sangaré,Elche,Desc,23,2945136,3031291,Duda,2026-09-27
Carl Starfelt,Celta,Desc,29,7703857,7914103,Disponible,2026-09-27
Carles Aleñá,Alavés,Desc,24,2476696,2531262,Disponible,2026-09-27
Carlos Dotor,Málaga,Desc,69,5083404,5068952,Disponible,2026-09-27
Carlos Espí,Real Madrid,Desc,27,13032428,13077670,Disponible,2026-09-27
Carlos López,Málaga,Desc,0,431755,428496,Disponible,2026-09-27
Carlos Macià,Villarreal,Desc,13,573759,576417,Disponible,2026-09-27
Carlos Puga,Málaga,Desc,23,2846497,2923825,Disponible,2026-09-27
Carlos Romero,Villarreal,Desc,19,17137914,17610509,Disponible,2026-09-27
Carlos Soler,Real Sociedad,Desc,69,35369732,34307322,Disponible,2026-09-27
César Tárrega,Valencia,Desc,36,6348470,6539854,Duda,2026-09-27
Cheikh Thiam,Villarreal,Desc,0,547955,549537,Disponible,2026-09-27
Chidera Ejuke,Sevilla,Desc,24,5240540,5347490,Disponible,2026-09-27
Chupete,Málaga,Desc,34,19590177,20138566,Disponible,2026-09-27
Clemens Riedel,Espanyol,Desc,30,5237382,5330735,Disponible,2026-09-27
Coke Carrillo,Celta,Desc,0,1567556,0,Disponible,2026-09-27
Couhaib Driouech,Celta,Desc,11,2076695,2137847,Disponible,2026-09-27
Cristian Rivero,Valencia,Desc,0,450406,447924,Disponible,2026-09-27
Cristian Romero,Atlético,Desc,51,45199262,43821560,Disponible,2026-09-27
Dakonam Djené,Getafe,Desc,42,21182553,20666786,Disponible,2026-09-27
Dani Barcia,Deportivo,Desc,0,602549,606406,Disponible,2026-09-27
Dani Cárdenas,Rayo,Desc,13,1054862,1077565,Disponible,2026-09-27
Dani Ceballos,Betis,Desc,17,15928747,16294373,Disponible,2026-09-27
Dani Lorenzo,Málaga,Desc,44,9938216,10077535,Disponible,2026-09-27
Dani Martínez,Atlético,Desc,12,498066,497570,Disponible,2026-09-27
Dani Olmo,Barcelona,Desc,63,47635295,48062749,Disponible,2026-09-27
Dani Requena,Levante,Desc,8,773307,784279,Disponible,2026-09-27
Daniel Raba,Valencia,Desc,2,659502,665732,Disponible,2026-09-27
David Hancko,Atlético,Desc,61,42249197,41723044,Disponible,2026-09-27
David Larrubia,Málaga,Desc,73,20322597,20834545,Disponible,2026-09-27
David Mella,Deportivo,Desc,13,1406553,1442735,Disponible,2026-09-27
David Otorbi,Valencia,Desc,37,600362,604128,Disponible,2026-09-27
David Soria,Getafe,Desc,86,39295499,38874123,Disponible,2026-09-27
Davinchi,Getafe,Desc,4,1117474,1142786,Disponible,2026-09-27
Dean Huijsen,Real Madrid,Desc,56,45268390,46517944,Disponible,2026-09-27
Denis Suárez,Alavés,Desc,46,2856571,2884886,Disponible,2026-09-27
Denzel Dumfries,Real Madrid,Desc,35,26446951,27008395,Disponible,2026-09-27
Diego Conde,Betis,Desc,0,1017122,1038253,Disponible,2026-09-27
Diego Ferrer,Getafe,Desc,0,489507,488654,Disponible,2026-09-27
Diego Rico,Osasuna,Desc,2,1677845,1726506,Disponible,2026-09-27
Diego Villares,Deportivo,Desc,25,988010,1003624,Disponible,2026-09-27
Dimitri Foulquier,Valencia,Desc,0,788678,800290,Duda,2026-09-27
Dominik Livakovic,Barcelona,Desc,6,2775060,2739717,Disponible,2026-09-27
Eder Aller,Barcelona,Desc,0,702705,702705,Disponible,2026-09-27
Edu Altozano,Sevilla,Desc,0,470479,468833,Disponible,2026-09-27
Edu Expósito,Espanyol,Desc,83,29680662,30120267,Disponible,2026-09-27
Eduardo Camavinga,Real Madrid,Desc,27,7124627,7287645,Disponible,2026-09-27
Einar Galilea,Málaga,Desc,30,5038554,5147719,Disponible,2026-09-27
Emil Audero,Rayo,Desc,32,4971387,5012767,Disponible,2026-09-27
Endrick,Real Madrid,Desc,0,2713822,2774000,Disponible,2026-09-27
Eneko Jauregi,Málaga,Desc,4,600422,604190,Disponible,2026-09-27
Enes Ünal,Getafe,Desc,31,13895887,14212435,Disponible,2026-09-27
Eric Garcia,Barcelona,Desc,49,41545614,42014535,Disponible,2026-09-27
Ezequiel Ponce,Elche,Desc,10,760564,771005,Disponible,2026-09-27
Facundo Bernal,Betis,Desc,54,12335825,12539517,Disponible,2026-09-27
Facundo Buonanotte,Elche,Desc,35,2976171,3054944,Disponible,2026-09-27
Federico Redondo,Elche,Desc,55,1111499,1136562,Disponible,2026-09-27
Federico Valverde,Real Madrid,Desc,69,54113046,55539555,Lesionado,2026-09-27
Félix Correia,Sevilla,Desc,23,5215136,5261767,Disponible,2026-09-27
Ferran Jutglà,Celta,Desc,30,10236163,10147044,Disponible,2026-09-27
Filip Ugrinic,Valencia,Desc,76,3021046,3075533,Disponible,2026-09-27
Florian Lejeune,Rayo,Desc,41,17174886,17445648,Disponible,2026-09-27
Fran García,Betis,Desc,53,27429486,27823288,Disponible,2026-09-27
Fran González,Sevilla,Desc,0,487152,486201,Disponible,2026-09-27
Gabriel Moscardo,Espanyol,Desc,21,2767630,2849655,Disponible,2026-09-27
Gabriel Suazo,Sevilla,Desc,62,7380607,7221725,Disponible,2026-09-27
Georges Mikautadze,Villarreal,Desc,63,46477601,47052678,Disponible,2026-09-27
Georgiy Tsitaishvili,Rayo,Desc,19,1046760,1069126,Disponible,2026-09-27
Gerard Martín,Barcelona,Desc,65,43472738,44216554,Disponible,2026-09-27
Germán Parreño,Deportivo,Desc,0,469049,467344,Disponible,2026-09-27
Germán Valera,Elche,Desc,84,13456262,13440065,Disponible,2026-09-27
Giacomo Quagliata,Deportivo,Desc,38,4604919,4524539,Disponible,2026-09-27
Giorgi Guliashvili,Racing,Desc,2,730474,739661,Disponible,2026-09-27
Giorgi Kochorashvili,Sevilla,Desc,28,5499533,5618356,Disponible,2026-09-27
Giovani Lo Celso,Betis,Desc,4,10930852,11237437,Disponible,2026-09-27
Gnangoro Bouare,Rayo,Desc,28,747313,757202,Disponible,2026-09-27
Gonçalo Guedes,Real Sociedad,Desc,38,15819365,15979584,Disponible,2026-09-27
Gonzalo Villar,Elche,Desc,85,9480134,9582517,Disponible,2026-09-27
Gorka Carrera,Real Sociedad,Desc,0,507219,507104,Disponible,2026-09-27
Gorka Guruzeta,Athletic,Desc,5,6097167,6279384,Duda,2026-09-27
Grady Diangana,Elche,Desc,0,573941,576606,Disponible,2026-09-27
Grégoire Swiderski,Alavés,Desc,0,470793,469160,Disponible,2026-09-27
Hamza Abdelkarim,Barcelona,Desc,2,2265949,2324403,Disponible,2026-09-27
Héctor Bellerín,Betis,Desc,56,18623440,18445081,Disponible,2026-09-27
Héctor Fort,Real Sociedad,Desc,3,2623369,2687845,Disponible,2026-09-27
Hugo Burcio,Celta,Desc,7,541861,543189,Disponible,2026-09-27
Hugo Duro,Valencia,Desc,21,4309180,4370240,Disponible,2026-09-27
Hugo González,Celta,Desc,56,2930948,2776916,Disponible,2026-09-27
Hugo Novoa,Alavés,Desc,0,528107,528862,Disponible,2026-09-27
Hugo Pérez,Racing,Desc,0,643210,648761,Disponible,2026-09-27
Hugo Rincón,Athletic,Desc,4,1154825,1181694,Disponible,2026-09-27
Hugo Sotelo,Levante,Desc,9,715389,723948,Duda,2026-09-27
Iago Aspas,Celta,Desc,21,4649459,4777481,Duda,2026-09-27
Ibai Aguirre,R. Sociedad B,Desc,0,602257,602257,Disponible,2026-09-27
Ibrahima Konaté,Real Madrid,Desc,12,32757931,33695034,Disponible,2026-09-27
Ifeanyi Ndukwe,Levante,Desc,6,1119263,1144650,Disponible,2026-09-27
Igor Galdin,Levante,Desc,0,484539,483479,Disponible,2026-09-27
Igor Zubeldia,Real Sociedad,Desc,36,8952309,9192939,Disponible,2026-09-27
Iker Córdoba,Valencia,Desc,6,831556,844955,Disponible,2026-09-27
Iker Losada,Betis,Desc,0,882421,897939,Disponible,2026-09-27
Iker Luque,Racing,Desc,10,1054109,1076781,Disponible,2026-09-27
Iker Monreal,Athletic,Desc,0,541861,543189,Disponible,2026-09-27
Iker Muñoz,Sevilla,Desc,41,470479,468833,Disponible,2026-09-27
Iker Muñoz,Osasuna,Desc,41,1751958,1787466,Disponible,2026-09-27
Iker Muñoz,Sevilla,Desc,0,470479,468833,Disponible,2026-09-27
Iker Muñoz,Osasuna,Desc,0,1751958,1787466,Disponible,2026-09-27
Ilaix Moriba,Celta,Desc,66,12353210,11761042,Disponible,2026-09-27
Ilias Akhomach,Villarreal,Desc,26,3755822,3531351,Disponible,2026-09-27
Iñigo Arguibide,Osasuna,Desc,25,2999750,3059816,Disponible,2026-09-27
Íñigo Sainz-Maza,Racing,Desc,12,497201,496669,Disponible,2026-09-27
Iñigo Vicente,Racing,Desc,80,30010601,30526896,Disponible,2026-09-27
Ionut Radu,Celta,Desc,82,45645495,45060185,Disponible,2026-09-27
Isaac Romero,Sevilla,Desc,24,4568419,4668836,Disponible,2026-09-27
Iván Alonso,Rayo,Desc,0,463618,461686,Disponible,2026-09-27
Iván Azón,Getafe,Desc,35,4352698,4306702,Disponible,2026-09-27
Iván Balliu,Rayo,Desc,0,570306,572820,Disponible,2026-09-27
Iván Martín,Racing,Desc,55,6442919,6584585,Disponible,2026-09-27
Iván Romero,Levante,Desc,54,6569875,6511826,Disponible,2026-09-27
Iván Villar,Celta,Desc,0,538105,539277,Disponible,2026-09-27
Izan Merino,Málaga,Desc,31,2991247,3070972,Disponible,2026-09-27
Jan Oblak,Atlético,Desc,59,49893272,49384239,Disponible,2026-09-27
Jaume Durá,Valencia,Desc,0,666871,673408,Disponible,2026-09-27
Javi Galán,Celta,Desc,23,6332142,6479812,Disponible,2026-09-27
Javi Guerra,Valencia,Desc,45,18653229,18930196,Disponible,2026-09-27
Javi Morcillo,Elche,Desc,47,767884,770306,Disponible,2026-09-27
Javi Navarro,Real Madrid,Desc,0,702622,702622,Disponible,2026-09-27
Javi Rodríguez,Celta,Desc,16,6292947,6475039,Disponible,2026-09-27
Javi Rueda,Celta,Desc,42,5390501,5425008,Disponible,2026-09-27
Javier Hernández,Espanyol,Desc,70,16359210,16514553,Disponible,2026-09-27
Jean Ives Valou,Getafe,Desc,-5,470479,468833,Disponible,2026-09-27
Jeanuël Belocian,Racing,Desc,6,2545138,2615766,Disponible,2026-09-27
Jeremy Toljan,Levante,Desc,14,1606343,1638369,Disponible,2026-09-27
Jesús Areso,Athletic,Desc,47,3707103,3778745,Disponible,2026-09-27
Jesús Vázquez,Valencia,Desc,27,1364741,1392112,Disponible,2026-09-27
Jiri Letácek,Getafe,Desc,0,487506,486570,Disponible,2026-09-27
Joan Garcia,Barcelona,Desc,56,58163744,59421032,Duda,2026-09-27
Joao Cancelo,Barcelona,Desc,19,35387070,34647677,Disponible,2026-09-27
Job Ochieng,Real Sociedad,Desc,40,1403612,1370085,Disponible,2026-09-27
Johan Mojica,Getafe,Desc,84,15207110,15080382,Disponible,2026-09-27
Johnny Cardoso,Atlético,Desc,23,3947353,3828793,Disponible,2026-09-27
Jon Ander Olasagasti,Levante,Desc,73,8366169,8514724,Disponible,2026-09-27
Jon Aramburu,Real Sociedad,Desc,58,17763037,18076614,Disponible,2026-09-27
Jon Gorrotxategi,Real Sociedad,Desc,22,2115031,2166267,Disponible,2026-09-27
Jon Guridi,Sevilla,Desc,38,6106697,6214757,Disponible,2026-09-27
Jon Martín,Real Sociedad,Desc,23,20463903,20937887,Disponible,2026-09-27
Jon Moncayola,Osasuna,Desc,50,6211363,6351007,Disponible,2026-09-27
Jon Pacheco,Real Sociedad,Desc,3,1320932,1354722,Disponible,2026-09-27
Jonathan Asp Jensen,Deportivo,Desc,40,3129141,3202070,Disponible,2026-09-27
Jonathan David,Atlético,Desc,57,47348338,45332157,Disponible,2026-09-27
Jonathan Dubasin,Osasuna,Desc,22,5211161,5358223,Disponible,2026-09-27
Jones El-Abdellaoui,Celta,Desc,12,711577,719977,Lesionado,2026-09-27
Jordi Pesquer,Barcelona,Desc,0,600000,600000,Disponible,2026-09-27
Jorge Cabello,Levante,Desc,0,509639,509625,Disponible,2026-09-27
Jorge Castellanos,Racing,Desc,0,484479,483417,Disponible,2026-09-27
Jorge Castillo,Atlético,Desc,0,1000000,1000000,Disponible,2026-09-27
Jorge Cestero,Real Madrid,Desc,0,483198,482082,Disponible,2026-09-27
Jorge Domínguez,Atlético,Desc,2,1575557,1619956,Disponible,2026-09-27
Jorge Herrando,Osasuna,Desc,24,1121184,1146651,Lesionado,2026-09-27
Jorge Salinas,Racing,Desc,60,5888178,6018973,Disponible,2026-09-27
José Ángel Carmona,Sevilla,Desc,2,1508458,1550061,Disponible,2026-09-27
José Antonio Morante,Betis,Desc,0,939026,956903,Disponible,2026-09-27
José Gayà,Valencia,Desc,39,7055270,7174457,Disponible,2026-09-27
José María Giménez,Deportivo,Desc,28,14203714,13713624,Disponible,2026-09-27
José Salinas,Málaga,Desc,19,897584,906346,Disponible,2026-09-27
Joseph Otu,Málaga,Desc,0,587621,590856,Disponible,2026-09-27
Jozhua Vertrouwd,Rayo,Desc,-1,593253,596723,Duda,2026-09-27
Juan Berrocal,Málaga,Desc,12,666180,672688,Disponible,2026-09-27
Juan Carlos Arana,Racing,Desc,1,503616,503351,Disponible,2026-09-27
Juan Cruz,Málaga,Desc,31,5450243,5599867,Disponible,2026-09-27
Juan Foyth,Villarreal,Desc,28,10279117,10522894,Disponible,2026-09-27
Juan Iglesias,Sevilla,Desc,81,19981561,19395462,Disponible,2026-09-27
Juan Musso,Atlético,Desc,0,1592535,1633729,Disponible,2026-09-27
Juani,Málaga,Desc,0,870988,886030,Disponible,2026-09-27
Jude Bellingham,Real Madrid,Desc,130,117978665,118302643,Disponible,2026-09-27
Julen Agirrezabala,Racing,Desc,76,25582898,25231585,Disponible,2026-09-27
Julen Lobete,Málaga,Desc,0,501625,501277,Lesionado,2026-09-27
Jules Koundé,Barcelona,Desc,14,21993355,22515930,Disponible,2026-09-27
Julio Díaz,Sevilla,Desc,1,445274,442578,Disponible,2026-09-27
Karim Adeyemi,Barcelona,Desc,64,74928760,72911941,Disponible,2026-09-27
Karl Etta Eyong,Levante,Desc,10,9387905,9665627,Duda,2026-09-27
Kevin Sánchez,Deportivo,Desc,0,532652,533597,Disponible,2026-09-27
Kike Barja,Osasuna,Desc,32,1294680,1324282,Disponible,2026-09-27
Kike Ribes,Celta Fortuna,Desc,0,600000,600000,Disponible,2026-09-27
Kike Salas,Sevilla,Desc,49,12024479,12137553,Disponible,2026-09-27
Kiko Femenia,Getafe,Desc,2,1482056,1522559,Duda,2026-09-27
Kylian Mbappé,Real Madrid,Desc,147,157206466,157412955,Disponible,2026-09-27
Lamine Yamal,Barcelona,Desc,157,168128993,165406817,Disponible,2026-09-27
Laro Gómez,Racing,Desc,0,602234,602234,Disponible,2026-09-27
Leandro Cabrera,Espanyol,Desc,31,10194423,10361609,Disponible,2026-09-27
Leo Román,Deportivo,Desc,56,35163934,35493835,Disponible,2026-09-27
Logan Costa,Villarreal,Desc,-2,596829,600448,Disponible,2026-09-27
Lorenzo Amatucci,Deportivo,Desc,66,15196753,15513285,Disponible,2026-09-27
Lucas Boyé,Alavés,Desc,77,33863438,33426139,Disponible,2026-09-27
Lucas Cepeda,Elche,Desc,42,1789837,1734900,Disponible,2026-09-27
Lucas Noubi,Deportivo,Desc,47,13423771,13745582,Disponible,2026-09-27
Lucas Stassin,Sevilla,Desc,27,13693132,14098484,Duda,2026-09-27
Lucas Torró,Osasuna,Desc,19,1158467,1185487,Disponible,2026-09-27
Lucien Agoume,Sevilla,Desc,81,14009589,13752479,Disponible,2026-09-27
Luis Rioja,Valencia,Desc,23,4532497,4637096,Disponible,2026-09-27
Luiz Junior,Villarreal,Desc,8,19359995,19921933,Disponible,2026-09-27
Luken Beitia,Real Sociedad,Desc,5,459173,457056,Disponible,2026-09-27
Manel Usedo,Levante,Desc,0,505341,505148,Disponible,2026-09-27
Manu Bueno,Sevilla,Desc,5,508745,508694,Disponible,2026-09-27
Manu González,Betis,Desc,0,581691,581691,Disponible,2026-09-27
Manu Hernando,Racing,Desc,22,1830765,1884607,Disponible,2026-09-27
Manu Sánchez,Levante,Desc,62,4460491,4569155,Disponible,2026-09-27
Manuel Ángel Castillo,Sevilla,Desc,0,900000,900000,Disponible,2026-09-27
Marash Kumbulla,Rayo,Desc,0,1565560,1609543,Disponible,2026-09-27
Marc Aguado,Elche,Desc,32,3059205,3147096,Disponible,2026-09-27
Marc Bartra,Betis,Desc,73,32636402,33586961,Disponible,2026-09-27
Marc Bernal,Barcelona,Desc,54,26713371,27086036,Disponible,2026-09-27
Marc Casadó,Deportivo,Desc,12,5841165,6010423,Lesionado,2026-09-27
Marc Cucurella,Real Madrid,Desc,36,47050942,47858711,Disponible,2026-09-27
Marc Roca,Betis,Desc,61,18048429,17614010,Disponible,2026-09-27
Marc Santos,Levante,Desc,3,526205,526881,Disponible,2026-09-27
Marcão,Sevilla,Desc,0,475425,473985,Disponible,2026-09-27
Marco Román,Rayo,Desc,0,505341,505148,Disponible,2026-09-27
Marcos Navarro,Valencia,Desc,0,501909,501909,Disponible,2026-09-27
Mario Martín,Getafe,Desc,28,2018731,2073038,Disponible,2026-09-27
Mario Rivas,Real Madrid,Desc,0,700000,700000,Disponible,2026-09-27
Marko Dmitrovic,Espanyol,Desc,73,37448143,37875141,Disponible,2026-09-27
Maroan Sannadi,Athletic,Desc,6,442287,439466,Disponible,2026-09-27
Martim Neto,Elche,Desc,13,825899,839062,Disponible,2026-09-27
Martín Satriano,Getafe,Desc,44,18782142,18734810,Disponible,2026-09-27
Mathew Ryan,Levante,Desc,71,28025251,28314201,Disponible,2026-09-27
Matia Barzic,Elche,Desc,3,507422,507315,Disponible,2026-09-27
Matías Dituro,Elche,Desc,25,9791531,9793101,Disponible,2026-09-27
Matteo Prati,Racing,Desc,33,2218245,2281033,Disponible,2026-09-27
Mauro Echegoyen,Osasuna,Desc,0,475165,473714,Disponible,2026-09-27
Miguel Cubo,Atlético,Desc,0,476249,474844,Disponible,2026-09-27
Miguel Loureiro,Deportivo,Desc,30,1823187,1854440,Disponible,2026-09-27
Miguel Román,Celta,Desc,76,18898444,18138929,Disponible,2026-09-27
Miguel Sierra,Sevilla,Desc,82,10453866,9944798,Disponible,2026-09-27
Mikel Jauregizar,Athletic,Desc,35,11147277,11412151,Disponible,2026-09-27
Mikel Oyarzabal,Real Sociedad,Desc,52,46628146,47178125,Disponible,2026-09-27
Mikel Rodriguez,Alavés,Desc,39,1535874,1578620,Lesionado,2026-09-27
Moi Gómez,Osasuna,Desc,37,2713528,2778100,Duda,2026-09-27
Morten Hjulmand,Atlético,Desc,52,17925043,18338508,Disponible,2026-09-27
Mouctar Diakhaby,Valencia,Desc,12,2325427,2391859,Duda,2026-09-27
Nacho Pérez,Levante,Desc,47,1919332,1963834,Disponible,2026-09-27
Nahuel Tenaglia,Alavés,Desc,86,31529766,31906478,Disponible,2026-09-27
Natan,Betis,Desc,85,45201929,43692795,Disponible,2026-09-27
Nathan-Dylan Saliba,Villarreal,Desc,45,6341995,6392111,Disponible,2026-09-27
Nelson Deossa,Betis,Desc,63,6320695,5903719,Disponible,2026-09-27
Nemanja Gudelj,Getafe,Desc,14,5373247,5472850,Disponible,2026-09-27
Nico Guillén,Sevilla,Desc,14,1517286,1559257,Disponible,2026-09-27
Nico Serrano,Athletic,Desc,2,520760,521209,Disponible,2026-09-27
Nicolas Pépé,Villarreal,Desc,67,49490542,50617874,Disponible,2026-09-27
Nicolás Valentini,Alavés,Desc,25,700505,692925,Disponible,2026-09-27
Obed Vargas,Atlético,Desc,0,512603,512712,Disponible,2026-09-27
Odysseas Vlachodimos,Sevilla,Desc,63,32926148,32792018,Disponible,2026-09-27
Oihan Sancet,Athletic,Desc,65,38267610,38971758,Disponible,2026-09-27
Omar El Hilali,Espanyol,Desc,51,15946390,15662752,Disponible,2026-09-27
Orel Mangala,Getafe,Desc,43,9718713,9946775,Disponible,2026-09-27
Oriol Rey,Levante,Desc,42,2233030,2248985,Disponible,2026-09-27
Orri Steinn Óskarsson,Real Sociedad,Desc,17,5436334,5597741,Disponible,2026-09-27
Óscar López,Getafe,Desc,0,666871,673408,Disponible,2026-09-27
Óscar Valentín,Rayo,Desc,50,2881637,2936984,Disponible,2026-09-27
Pablo Barrios,Atlético,Desc,49,36837775,37596489,Duda,2026-09-27
Pablo Durán,Celta,Desc,36,917910,887728,Disponible,2026-09-27
Pablo Fornals,Betis,Desc,47,39306665,39864783,Disponible,2026-09-27
Pablo García,Deportivo,Desc,42,468964,468964,Disponible,2026-09-27
Pablo García,Racing,Desc,42,7849607,7949970,Disponible,2026-09-27
Pablo Gavi,Barcelona,Desc,4,12025180,12330952,Disponible,2026-09-27
Pablo Ibáñez,Alavés,Desc,67,14209550,13934560,Disponible,2026-09-27
Pablo Maffeo,Valencia,Desc,21,5084758,5185808,Disponible,2026-09-27
Pablo Marín,Real Sociedad,Desc,0,646280,651959,Disponible,2026-09-27
Pablo Martínez,Málaga,Desc,47,3931343,4023410,Disponible,2026-09-27
Pablo Ramón,Racing,Desc,49,1809120,1841065,Disponible,2026-09-27
Paco Cortés,Levante,Desc,7,509229,509198,Disponible,2026-09-27
Pape Gueye,Villarreal,Desc,87,34328597,34542456,Disponible,2026-09-27
Pau Cubarsí,Barcelona,Desc,37,58856862,59528357,Disponible,2026-09-27
Pau Navarro,Villarreal,Desc,12,3471191,3519924,Disponible,2026-09-27
Pedro Bigas,Elche,Desc,-7,1678673,1725603,Disponible,2026-09-27
Pedro Díaz,Rayo,Desc,45,1000799,1020521,Disponible,2026-09-27
Pedro Felipe,Racing,Desc,-8,880302,895732,Disponible,2026-09-27
Peio Canales,Athletic,Desc,29,5315944,5438522,Disponible,2026-09-27
Pepelu,Valencia,Desc,81,13123626,12833052,Disponible,2026-09-27
Peque,Sevilla,Desc,21,1821493,1871709,Disponible,2026-09-27
Pere Milla,Espanyol,Desc,4,3242231,3332524,Disponible,2026-09-27
Petar Ratkov,Levante,Desc,2,2184380,2250493,Disponible,2026-09-27
Pierre-Emerick Aubameyang,Deportivo,Desc,106,94950058,97677715,Lesionado,2026-09-27
Pol Lozano,Espanyol,Desc,4,857951,872450,Disponible,2026-09-27
Quilindschy Hartman,Espanyol,Desc,12,2648861,2721819,Disponible,2026-09-27
Rafa Rodríguez,Málaga,Desc,24,1929634,1980852,Disponible,2026-09-27
Rafel Bauzà,Espanyol,Desc,16,526205,526881,Disponible,2026-09-27
Ramón Enríquez,Málaga,Desc,5,510017,510019,Disponible,2026-09-27
Ramón Terrats,Getafe,Desc,84,11988964,11500656,Disponible,2026-09-27
Randy Nteka,Rayo,Desc,10,793373,805181,Duda,2026-09-27
Raphinha,Barcelona,Desc,183,167125715,164251884,Disponible,2026-09-27
Raúl Asencio,Real Madrid,Desc,0,1549945,1574601,Disponible,2026-09-27
Raúl García,Osasuna,Desc,29,1326176,1348051,Disponible,2026-09-27
Raúl Jiménez,Valencia,Desc,0,1561503,0,Disponible,2026-09-27
Raul Moro,Osasuna,Desc,13,6123093,6308986,Lesionado,2026-09-27
Renato Veiga,Villarreal,Desc,29,25558080,25144002,Disponible,2026-09-27
Robbie Ure,Sevilla,Desc,18,8755266,8973715,Disponible,2026-09-27
Robert Navarro,Athletic,Desc,76,14604697,13884146,Disponible,2026-09-27
Robin Le Normand,Atlético,Desc,38,9986159,10145195,Disponible,2026-09-27
Rockson Yeboah,Osasuna,Desc,8,731958,741207,Disponible,2026-09-27
Rodrigo Gamón,Valencia,Desc,0,800000,800000,Disponible,2026-09-27
Rodrigo Mendoza,Atlético,Desc,23,797673,809660,Disponible,2026-09-27
Rodrigo Riquelme,Betis,Desc,66,18331566,18565078,Disponible,2026-09-27
Roger Hinojo,Espanyol,Desc,43,3989065,4090119,Disponible,2026-09-27
Romain Del Castillo,Osasuna,Desc,3,7135465,7351767,Disponible,2026-09-27
Roy Revivo,Elche,Desc,22,3630010,3628694,Disponible,2026-09-27
Rubén Gómez,Villarreal,Desc,0,464399,462500,Disponible,2026-09-27
Rubén Sánchez,Elche,Desc,10,444615,441891,Disponible,2026-09-27
Rubén Vargas,Sevilla,Desc,2,7460209,7680697,Duda,2026-09-27
Ryunosuke Sato,Valencia,Desc,20,5316078,5472093,Disponible,2026-09-27
Saba Sazonov,Getafe,Desc,12,649411,655221,Disponible,2026-09-27
Salvi Esquivel,Atlético,Desc,0,506995,506871,Disponible,2026-09-27
Samu Becerra,Rayo,Desc,0,530266,531111,Disponible,2026-09-27
Santi Comesaña,Villarreal,Desc,39,12223774,12591812,Duda,2026-09-27
Santiago Mouriño,Villarreal,Desc,20,13591879,13970256,Disponible,2026-09-27
Sebastián Boselli,Getafe,Desc,3,949925,968256,Disponible,2026-09-27
Sebastián Cáceres,Celta,Desc,24,4389510,4463376,Disponible,2026-09-27
Selu Diallo,Alavés,Desc,0,542466,543820,Disponible,2026-09-27
Sergio Camello,Rayo,Desc,113,35805624,34040217,Disponible,2026-09-27
Sergio Canales,Racing,Desc,67,24191636,24787177,Disponible,2026-09-27
Sergio Carreira,Celta,Desc,30,7420802,7512534,Disponible,2026-09-27
Sergio Gómez,Real Sociedad,Desc,44,15627165,15798511,Disponible,2026-09-27
Sergio Herrera,Osasuna,Desc,19,26532604,27149035,Disponible,2026-09-27
Sergio José Lozano,Rayo,Desc,0,484479,483417,Disponible,2026-09-27
Sergio Martínez,Real Madrid,Desc,28,1110961,1136002,Disponible,2026-09-27
Sergio Mestre,Real Madrid,Desc,0,677860,677860,Disponible,2026-09-27
Simon Eriksson,Racing,Desc,0,997536,1017851,Duda,2026-09-27
Stole Dimitrievski,Valencia,Desc,68,20885891,21086660,Disponible,2026-09-27
Takefusa Kubo,Real Sociedad,Desc,23,16096677,16502335,Disponible,2026-09-27
Tani Oluwaseyi,Villarreal,Desc,8,983982,1003732,Disponible,2026-09-27
Tete Morente,Elche,Desc,46,3626681,3522116,Disponible,2026-09-27
Theo Folgado,Real Sociedad,Desc,0,702606,702606,Disponible,2026-09-27
Thibaut Courtois,Real Madrid,Desc,59,56825743,57226161,Disponible,2026-09-27
Thomas Lemar,Elche,Desc,28,4036080,4059391,Disponible,2026-09-27
Toni Martinez,Alavés,Desc,31,14965500,15313457,Disponible,2026-09-27
Trent Alexander-Arnold,Real Madrid,Desc,37,18621946,18970001,Disponible,2026-09-27
Tyrhys Dolan,Espanyol,Desc,27,13274599,13574989,Disponible,2026-09-27
Umar Sadiq,Valencia,Desc,19,2377378,2447178,Lesionado,2026-09-27
Unai López,Rayo,Desc,84,18230487,17920415,Disponible,2026-09-27
Unai Marrero,Real Sociedad,Desc,23,702560,710584,Disponible,2026-09-27
Unai Santos,Osasuna,Desc,1,485143,484108,Disponible,2026-09-27
Unai Simón,Athletic,Desc,72,44881703,45417731,Disponible,2026-09-27
Valentín Gómez,Betis,Desc,43,2512365,2386629,Disponible,2026-09-27
Vanja Drkusic,Espanyol,Desc,11,1385865,1422360,Disponible,2026-09-27
Víctor Chust,Elche,Desc,14,3876233,3935129,Disponible,2026-09-27
Víctor García,Levante,Desc,3,791568,803301,Disponible,2026-09-27
Ville Koski,Alavés,Desc,71,21927566,20873650,Disponible,2026-09-27
Williot Swedberg,Celta,Desc,43,3681975,3764798,Disponible,2026-09-27
Wojciech Szczesny,Barcelona,Desc,-5,1164563,1188783,Disponible,2026-09-27
Xanet Oláiz,Alavés,Desc,2,471502,469899,Disponible,2026-09-27
Xavi Espart,Barcelona,Desc,79,43049158,42721781,Disponible,2026-09-27
Yangel Herrera,Real Sociedad,Desc,50,5185844,5219295,Disponible,2026-09-27
Yanis Musuayi,Levante,Desc,0,927759,945167,Disponible,2026-09-27
Yassir Zabiri,Racing,Desc,70,21499680,20769250,Disponible,2026-09-27
Yoel Lago,Celta,Desc,63,10825329,10303231,Disponible,2026-09-27
Youssouf Fofana,Sevilla,Desc,41,19684214,19053959,Disponible,2026-09-27
Zaid Romero,Getafe,Desc,55,30728572,29749066,Disponible,2026-09-27
Zakaria Eddahchouri,Deportivo,Desc,15,809894,821646,Duda,2026-09-27
Llorenç Serred,Espanyol,Desc,0,466408,463634,Disponible,2026-09-28
Aaron Ndive Mayol,Valencia,Desc,24,920453,895451,Disponible,2026-09-28
Abde Rebbach,Alavés,Desc,63,4975339,5021814,Disponible,2026-09-28
Abdel Abqar,Getafe,Desc,6,2750636,2832257,Duda,2026-09-28
Abdoulaye Faye,Celta,Desc,3,1394841,1430752,Disponible,2026-09-28
Abel Bretones,Osasuna,Desc,31,8100988,8289110,Disponible,2026-09-28
Abiel Osorio,Elche,Desc,23,669367,675050,Disponible,2026-09-28
Adam Aznou,Málaga,Desc,0,1017279,0,Disponible,2026-09-28
Adama Timera,Espanyol,Desc,0,486419,484479,Disponible,2026-09-28
Ademola Lookman,Atlético,Desc,37,38534624,39300990,Disponible,2026-09-28
Adrià Altimira,Deportivo,Desc,15,3376110,3465689,Disponible,2026-09-28
Adrià Pedrosa,Rayo,Desc,35,2822390,2780150,Disponible,2026-09-28
Adrián Molina,Rayo,Desc,0,502078,500790,Disponible,2026-09-28
Adrián Niño,Málaga,Desc,11,889887,904758,Disponible,2026-09-28
Aimar Blázquez,Valencia,Desc,3,580962,581656,Disponible,2026-09-28
Aimar Oroz,Osasuna,Desc,17,6393158,6568424,Duda,2026-09-28
Aissa Mandi,Levante,Desc,48,10398038,10665279,Disponible,2026-09-28
Aitor Fraga,Real Sociedad,Desc,0,601574,602234,Disponible,2026-09-28
Aitor Mañas,Alavés,Desc,6,461840,458876,Disponible,2026-09-28
Aitor Paredes,Athletic,Desc,58,16033896,15666499,Disponible,2026-09-28
Alassane Diatta,Villarreal,Desc,0,464453,461598,Disponible,2026-09-28
Alberto Calatrava,Levante,Desc,0,546503,547066,Disponible,2026-09-28
Alberto Moleiro,Villarreal,Desc,97,53619721,51421576,Disponible,2026-09-28
Alberto Risco,Getafe,Desc,3,490308,488530,Disponible,2026-09-28
Aleix Febas,Celta,Desc,19,10932532,11231870,Disponible,2026-09-28
Alejandro Balde,Barcelona,Desc,5,8622591,8860486,Disponible,2026-09-28
Alejandro Catena,Osasuna,Desc,41,25777793,26394970,Disponible,2026-09-28
Alejandro Iturbe,Elche,Desc,0,513307,512487,Disponible,2026-09-28
Alejandro Panach,Valencia,Desc,0,487153,485244,Disponible,2026-09-28
Alejandro Rego,Athletic,Desc,0,1453837,1492206,Disponible,2026-09-28
Alemão,Rayo,Desc,12,1192005,1219464,Disponible,2026-09-28
Álex Baena,Atlético,Desc,105,74662071,73003064,Disponible,2026-09-28
Álex Berenguer,Athletic,Desc,55,9937066,10135496,Disponible,2026-09-28
Álex Calatrava,Espanyol,Desc,51,4840908,4960903,Disponible,2026-09-28
Alex Freeman,Villarreal,Desc,27,1948883,1868978,Disponible,2026-09-28
Álex Grimaldo,Atlético,Desc,76,54928315,52588494,Disponible,2026-09-28
Alex Lebarbier,Real Sociedad,Desc,0,601574,602234,Disponible,2026-09-28
Alex Marchal,Real Sociedad,Desc,11,540298,540603,Disponible,2026-09-28
Alex Padilla,Athletic,Desc,0,654924,660005,Disponible,2026-09-28
Álex Pastor,Málaga,Desc,0,434174,430057,Disponible,2026-09-28
Álex Remiro,Real Sociedad,Desc,62,33412246,33909013,Disponible,2026-09-28
Alexis Ciria,Real Madrid,Desc,0,558105,559152,Disponible,2026-09-28
Alfonso Herrero,Málaga,Desc,69,20140733,19946172,Disponible,2026-09-28
Aliou Dieng,Valencia,Desc,28,1589193,1633202,Disponible,2026-09-28
Altay Bayindir,Celta,Desc,0,872136,886268,Disponible,2026-09-28
Álvaro Djaló,Athletic,Desc,2,549115,549787,Disponible,2026-09-28
Álvaro Fidalgo,Betis,Desc,3,963769,981719,Disponible,2026-09-28
Álvaro García,Rayo,Desc,71,15539306,15847034,Disponible,2026-09-28
Álvaro Mantilla,Racing,Desc,25,1294606,1326340,Disponible,2026-09-28
Álvaro Padilla,Elche,Desc,0,581327,583341,Disponible,2026-09-28
Álvaro Valles,Betis,Desc,127,65238460,64054480,Disponible,2026-09-28
Ander Barrenetxea,Real Sociedad,Desc,43,22157277,21803611,Disponible,2026-09-28
Ander Guevara,Alavés,Desc,17,563229,564489,Disponible,2026-09-28
Andoni Gorosabel,Espanyol,Desc,0,859305,872902,Disponible,2026-09-28
André Almeida,Racing,Desc,9,983112,1001868,Disponible,2026-09-28
Andrei Ratiu,Rayo,Desc,43,19460954,19819833,Disponible,2026-09-28
Andrés Antañón,Celta,Desc,3,530375,530266,Duda,2026-09-28
Andrés Castrín,Sevilla,Desc,54,8409572,8129015,Disponible,2026-09-28
Andrés Céspedes,Málaga,Desc,0,401049,401498,Disponible,2026-09-28
Andrés García,Getafe,Desc,55,7894146,7830986,Disponible,2026-09-28
Andrés Martín,Racing,Desc,30,9043369,9294884,Lesionado,2026-09-28
Andrés Vallecillo,Racing,Desc,0,486050,484095,Disponible,2026-09-28
Andriy Lunin,Real Madrid,Desc,0,974745,993152,Disponible,2026-09-28
Ángel Fortuño,Espanyol,Desc,0,462140,459188,Disponible,2026-09-28
Ángel Ortiz,Betis,Desc,29,810434,821995,Disponible,2026-09-28
Ángel Pérez,Alavés,Desc,75,30740192,29903667,Disponible,2026-09-28
Angel Recio,Málaga,Desc,26,2643254,2607672,Disponible,2026-09-28
Angeliño,Deportivo,Desc,-1,5732952,5903497,Disponible,2026-09-28
Ante Budimir,Osasuna,Desc,94,63572719,62970592,Disponible,2026-09-28
Anthony Gordon,Barcelona,Desc,52,68438139,69578430,Disponible,2026-09-28
Antonio Blanco,Alavés,Desc,56,16311062,16673426,Disponible,2026-09-28
Antonio Rüdiger,Real Madrid,Desc,35,20998822,20594352,Disponible,2026-09-28
Antonio Sivera,Alavés,Desc,98,47037289,46374467,Disponible,2026-09-28
Antony,Betis,Desc,78,62633769,62038785,Disponible,2026-09-28
Arda Güler,Real Madrid,Desc,108,109169097,108160489,Disponible,2026-09-28
Arnau Comas,Deportivo,Desc,0,491325,489589,Disponible,2026-09-28
Arnau Ortiz,Atlético,Desc,15,761664,771193,Disponible,2026-09-28
Arnaut Danjuma,Valencia,Desc,37,4990517,4918646,Disponible,2026-09-28
Arouna Sangante,Sevilla,Desc,16,5985972,6144328,Disponible,2026-09-28
Arsen Zakharyan,Real Sociedad,Desc,3,551122,551878,Disponible,2026-09-28
Asier Bonel,Osasuna,Desc,0,596197,598831,Disponible,2026-09-28
Asier Osambela,Osasuna,Desc,31,463035,460121,Disponible,2026-09-28
Asier Villalibre,Racing,Desc,16,2824673,2904138,Disponible,2026-09-28
Augusto Batalla,Rayo,Desc,21,12319863,12683423,Lesionado,2026-09-28
Aurélien Tchouaméni,Real Madrid,Desc,25,20143948,20361701,Disponible,2026-09-28
Axel Tape,Levante,Desc,0,1369178,1404020,Disponible,2026-09-28
Aymeric Laporte,Athletic,Desc,47,47687738,46731342,Disponible,2026-09-28
Beñat Gerenabarrena,Athletic,Desc,45,3347658,3419480,Disponible,2026-09-28
Beñat Prados,Athletic,Desc,0,628532,632513,Disponible,2026-09-28
Beñat Turrientes,Real Sociedad,Desc,43,5656042,5802483,Disponible,2026-09-28
Bernardo Silva,Real Madrid,Desc,41,32780538,33314466,Disponible,2026-09-28
Bil Nsongo,Deportivo,Desc,33,7559116,7595322,Disponible,2026-09-28
Borja Iglesias,Celta,Desc,2,10018306,10249500,Disponible,2026-09-28
Borja Mayoral,Getafe,Desc,1,1063217,1085310,Disponible,2026-09-28
Boyomo,Osasuna,Desc,16,10645078,10957860,Disponible,2026-09-28
Brian Fariñas,Barcelona,Desc,0,568523,570004,Disponible,2026-09-28
Bright Ede,Deportivo,Desc,22,3223080,3285859,Disponible,2026-09-28
Buba Sangaré,Elche,Desc,23,2861301,2945136,Duda,2026-09-28
Carl Starfelt,Celta,Desc,29,7499262,7703857,Disponible,2026-09-28
Carles Aleñá,Alavés,Desc,24,2421615,2476696,Disponible,2026-09-28
Carlos Dotor,Málaga,Desc,69,5098098,5083404,Disponible,2026-09-28
Carlos Espí,Real Madrid,Desc,27,13015157,13032428,Disponible,2026-09-28
Carlos López,Málaga,Desc,0,435804,431755,Disponible,2026-09-28
Carlos Macià,Villarreal,Desc,13,572128,573759,Disponible,2026-09-28
Carlos Puga,Málaga,Desc,23,2772293,2846497,Disponible,2026-09-28
Carlos Romero,Villarreal,Desc,19,16684533,17137914,Disponible,2026-09-28
Carlos Soler,Real Sociedad,Desc,69,36462157,35369732,Disponible,2026-09-28
César Tárrega,Valencia,Desc,36,6166650,6348470,Duda,2026-09-28
Cheikh Thiam,Villarreal,Desc,0,547356,547955,Disponible,2026-09-28
Chidera Ejuke,Sevilla,Desc,24,5131893,5240540,Disponible,2026-09-28
Chupete,Málaga,Desc,34,19074990,19590177,Disponible,2026-09-28
Clemens Riedel,Espanyol,Desc,30,5141731,5237382,Disponible,2026-09-28
Coke Carrillo,Celta,Desc,0,1567556,0,Disponible,2026-09-28
Couhaib Driouech,Celta,Desc,11,2018229,2076695,Disponible,2026-09-28
Cristian Rivero,Valencia,Desc,0,453709,450406,Disponible,2026-09-28
Cristian Romero,Atlético,Desc,51,46544695,45199262,Disponible,2026-09-28
Dakonam Djené,Getafe,Desc,42,21595650,21182553,Disponible,2026-09-28
Dani Barcia,Deportivo,Desc,0,599766,602549,Disponible,2026-09-28
Dani Cárdenas,Rayo,Desc,13,1033987,1054862,Disponible,2026-09-28
Dani Ceballos,Betis,Desc,17,15589503,15928747,Disponible,2026-09-28
Dani Lorenzo,Málaga,Desc,44,9822414,9938216,Disponible,2026-09-28
Dani Martínez,Atlético,Desc,12,499463,498066,Disponible,2026-09-28
Dani Olmo,Barcelona,Desc,63,47133063,47635295,Disponible,2026-09-28
Dani Requena,Levante,Desc,8,763694,773307,Disponible,2026-09-28
Daniel Raba,Valencia,Desc,2,654441,659502,Disponible,2026-09-28
David Hancko,Atlético,Desc,61,42882006,42249197,Disponible,2026-09-28
David Larrubia,Málaga,Desc,73,19816284,20322597,Disponible,2026-09-28
David Mella,Deportivo,Desc,13,1371610,1406553,Disponible,2026-09-28
David Otorbi,Valencia,Desc,37,597667,600362,Disponible,2026-09-28
David Soria,Getafe,Desc,86,39632398,39295499,Disponible,2026-09-28
Davinchi,Getafe,Desc,4,1094094,1117474,Disponible,2026-09-28
Dean Huijsen,Real Madrid,Desc,56,44087016,45268390,Disponible,2026-09-28
Denis Suárez,Alavés,Desc,46,2830850,2856571,Disponible,2026-09-28
Denzel Dumfries,Real Madrid,Desc,35,25902133,26446951,Disponible,2026-09-28
Diego Conde,Betis,Desc,0,997756,1017122,Disponible,2026-09-28
Diego Ferrer,Getafe,Desc,0,491246,489507,Disponible,2026-09-28
Diego Rico,Osasuna,Desc,2,1632050,1677845,Disponible,2026-09-28
Diego Villares,Deportivo,Desc,25,971666,988010,Disponible,2026-09-28
Dimitri Foulquier,Valencia,Desc,0,778450,788678,Duda,2026-09-28
Dominik Livakovic,Barcelona,Desc,6,2804975,2775060,Disponible,2026-09-28
Eder Aller,Barcelona,Desc,0,701836,702705,Disponible,2026-09-28
Edu Altozano,Sevilla,Desc,0,472979,470479,Disponible,2026-09-28
Edu Expósito,Espanyol,Desc,83,29278271,29680662,Disponible,2026-09-28
Eduardo Camavinga,Real Madrid,Desc,27,6969660,7124627,Disponible,2026-09-28
Einar Galilea,Málaga,Desc,30,4934712,5038554,Disponible,2026-09-28
Emil Audero,Rayo,Desc,32,4926864,4971387,Disponible,2026-09-28
Endrick,Real Madrid,Desc,0,2656971,2713822,Disponible,2026-09-28
Eneko Jauregi,Málaga,Desc,4,597724,600422,Disponible,2026-09-28
Enes Ünal,Getafe,Desc,31,13570366,13895887,Disponible,2026-09-28
Eric Garcia,Barcelona,Desc,49,40772967,41545614,Disponible,2026-09-28
Ezequiel Ponce,Elche,Desc,10,751461,760564,Disponible,2026-09-28
Facundo Bernal,Betis,Desc,54,12129753,12335825,Disponible,2026-09-28
Facundo Buonanotte,Elche,Desc,35,2899573,2976171,Disponible,2026-09-28
Federico Redondo,Elche,Desc,55,1088358,1111499,Disponible,2026-09-28
Federico Valverde,Real Madrid,Desc,69,52769854,54113046,Lesionado,2026-09-28
Félix Correia,Sevilla,Desc,23,5166479,5215136,Disponible,2026-09-28
Ferran Jutglà,Celta,Desc,30,10314956,10236163,Disponible,2026-09-28
Filip Ugrinic,Valencia,Desc,76,2967541,3021046,Disponible,2026-09-28
Florian Lejeune,Rayo,Desc,41,16925169,17174886,Disponible,2026-09-28
Fran García,Betis,Desc,53,27065794,27429486,Disponible,2026-09-28
Fran González,Sevilla,Desc,0,488985,487152,Disponible,2026-09-28
Gabriel Moscardo,Espanyol,Desc,21,2689763,2767630,Disponible,2026-09-28
Gabriel Suazo,Sevilla,Desc,62,7513994,7380607,Disponible,2026-09-28
Georges Mikautadze,Villarreal,Desc,63,45886422,46477601,Disponible,2026-09-28
Georgiy Tsitaishvili,Rayo,Desc,19,1026209,1046760,Disponible,2026-09-28
Gerard Martín,Barcelona,Desc,65,42728675,43472738,Disponible,2026-09-28
Germán Parreño,Deportivo,Desc,0,471606,469049,Disponible,2026-09-28
Germán Valera,Elche,Desc,84,13466031,13456262,Disponible,2026-09-28
Giacomo Quagliata,Deportivo,Desc,38,4683344,4604919,Disponible,2026-09-28
Giorgi Guliashvili,Racing,Desc,2,722574,730474,Disponible,2026-09-28
Giorgi Kochorashvili,Sevilla,Desc,28,5386822,5499533,Disponible,2026-09-28
Giovani Lo Celso,Betis,Desc,4,10642608,10930852,Disponible,2026-09-28
Gnangoro Bouare,Rayo,Desc,28,738740,747313,Disponible,2026-09-28
Gonçalo Guedes,Real Sociedad,Desc,38,15710136,15819365,Disponible,2026-09-28
Gonzalo Villar,Elche,Desc,85,9372195,9480134,Disponible,2026-09-28
Gorka Carrera,Real Sociedad,Desc,0,508249,507219,Disponible,2026-09-28
Gorka Guruzeta,Athletic,Desc,5,5924625,6097167,Duda,2026-09-28
Grady Diangana,Elche,Desc,0,572303,573941,Disponible,2026-09-28
Grégoire Swiderski,Alavés,Desc,0,473280,470793,Disponible,2026-09-28
Hamza Abdelkarim,Barcelona,Desc,2,2210740,2265949,Disponible,2026-09-28
Héctor Bellerín,Betis,Desc,56,18784891,18623440,Disponible,2026-09-28
Héctor Fort,Real Sociedad,Desc,3,2559342,2623369,Disponible,2026-09-28
Hugo Burcio,Celta,Desc,7,541506,541861,Disponible,2026-09-28
Hugo Duro,Valencia,Desc,21,4243026,4309180,Disponible,2026-09-28
Hugo González,Celta,Desc,56,3082200,2930948,Disponible,2026-09-28
Hugo Novoa,Alavés,Desc,0,528302,528107,Disponible,2026-09-28
Hugo Pérez,Racing,Desc,0,638801,643210,Disponible,2026-09-28
Hugo Rincón,Athletic,Desc,4,1129951,1154825,Disponible,2026-09-28
Hugo Sotelo,Levante,Desc,9,708093,715389,Duda,2026-09-28
Iago Aspas,Celta,Desc,21,4526931,4649459,Duda,2026-09-28
Ibai Aguirre,R. Sociedad B,Desc,0,601574,602257,Disponible,2026-09-28
Ibrahima Konaté,Real Madrid,Desc,12,31867417,32757931,Disponible,2026-09-28
Ifeanyi Ndukwe,Levante,Desc,6,1095812,1119263,Disponible,2026-09-28
Igor Galdin,Levante,Desc,0,486477,484539,Disponible,2026-09-28
Igor Zubeldia,Real Sociedad,Desc,36,8720004,8952309,Disponible,2026-09-28
Iker Córdoba,Valencia,Desc,6,819613,831556,Disponible,2026-09-28
Iker Losada,Betis,Desc,0,868443,882421,Disponible,2026-09-28
Iker Luque,Racing,Desc,10,1033264,1054109,Disponible,2026-09-28
Iker Monreal,Athletic,Desc,0,541506,541861,Disponible,2026-09-28
Iker Muñoz,Sevilla,Desc,41,472979,470479,Disponible,2026-09-28
Iker Muñoz,Osasuna,Desc,41,1718196,1751958,Disponible,2026-09-28
Iker Muñoz,Sevilla,Desc,0,472979,470479,Disponible,2026-09-28
Iker Muñoz,Osasuna,Desc,0,1718196,1751958,Disponible,2026-09-28
Ilaix Moriba,Celta,Desc,66,13007930,12353210,Disponible,2026-09-28
Ilias Akhomach,Villarreal,Desc,26,3983205,3755822,Disponible,2026-09-28
Iñigo Arguibide,Osasuna,Desc,25,2943083,2999750,Disponible,2026-09-28
Íñigo Sainz-Maza,Racing,Desc,12,498632,497201,Disponible,2026-09-28
Iñigo Vicente,Racing,Desc,80,29483834,30010601,Disponible,2026-09-28
Ionut Radu,Celta,Desc,82,46133056,45645495,Disponible,2026-09-28
Isaac Romero,Sevilla,Desc,24,4465367,4568419,Disponible,2026-09-28
Iván Alonso,Rayo,Desc,0,466392,463618,Disponible,2026-09-28
Iván Azón,Getafe,Desc,35,4399831,4352698,Disponible,2026-09-28
Iván Balliu,Rayo,Desc,0,568813,570306,Disponible,2026-09-28
Iván Martín,Racing,Desc,55,6309597,6442919,Disponible,2026-09-28
Iván Romero,Levante,Desc,54,6622135,6569875,Disponible,2026-09-28
Iván Villar,Celta,Desc,0,537900,538105,Disponible,2026-09-28
Izan Merino,Málaga,Desc,31,2915421,2991247,Disponible,2026-09-28
Jan Oblak,Atlético,Desc,59,50407087,49893272,Disponible,2026-09-28
Jaume Durá,Valencia,Desc,0,661515,666871,Disponible,2026-09-28
Javi Galán,Celta,Desc,23,6188311,6332142,Disponible,2026-09-28
Javi Guerra,Valencia,Desc,45,18405536,18653229,Disponible,2026-09-28
Javi Morcillo,Elche,Desc,47,765055,767884,Disponible,2026-09-28
Javi Navarro,Real Madrid,Desc,0,701836,702622,Disponible,2026-09-28
Javi Rodríguez,Celta,Desc,16,6119541,6292947,Disponible,2026-09-28
Javi Rueda,Celta,Desc,42,5352654,5390501,Disponible,2026-09-28
Javier Hernández,Espanyol,Desc,70,16099514,16359210,Disponible,2026-09-28
Jean Ives Valou,Getafe,Desc,-5,472979,470479,Disponible,2026-09-28
Jeanuël Belocian,Racing,Desc,6,2478797,2545138,Disponible,2026-09-28
Jeremy Toljan,Levante,Desc,14,1577525,1606343,Disponible,2026-09-28
Jesús Areso,Athletic,Desc,47,3640665,3707103,Disponible,2026-09-28
Jesús Vázquez,Valencia,Desc,27,1333610,1364741,Disponible,2026-09-28
Jiri Letácek,Getafe,Desc,0,489325,487506,Disponible,2026-09-28
Joan Garcia,Barcelona,Desc,56,57021940,58163744,Duda,2026-09-28
Joao Cancelo,Barcelona,Desc,19,36092191,35387070,Disponible,2026-09-28
Job Ochieng,Real Sociedad,Desc,40,1439451,1403612,Disponible,2026-09-28
Johan Mojica,Getafe,Desc,84,15312930,15207110,Disponible,2026-09-28
Johnny Cardoso,Atlético,Desc,23,4080390,3947353,Disponible,2026-09-28
Jon Ander Olasagasti,Levante,Desc,73,8228344,8366169,Disponible,2026-09-28
Jon Aramburu,Real Sociedad,Desc,58,17444936,17763037,Disponible,2026-09-28
Jon Gorrotxategi,Real Sociedad,Desc,22,2065831,2115031,Disponible,2026-09-28
Jon Guridi,Sevilla,Desc,38,6005168,6106697,Disponible,2026-09-28
Jon Martín,Real Sociedad,Desc,23,20034182,20463903,Disponible,2026-09-28
Jon Moncayola,Osasuna,Desc,50,6077400,6211363,Disponible,2026-09-28
Jon Pacheco,Real Sociedad,Desc,3,1289414,1320932,Disponible,2026-09-28
Jonathan Asp Jensen,Deportivo,Desc,40,3060925,3129141,Disponible,2026-09-28
Jonathan David,Atlético,Desc,57,49329660,47348338,Disponible,2026-09-28
Jonathan Dubasin,Osasuna,Desc,22,5069931,5211161,Disponible,2026-09-28
Jones El-Abdellaoui,Celta,Desc,12,704433,711577,Lesionado,2026-09-28
Jordi Pesquer,Barcelona,Desc,0,600000,600000,Disponible,2026-09-28
Jorge Cabello,Levante,Desc,0,510573,509639,Disponible,2026-09-28
Jorge Castellanos,Racing,Desc,0,486419,484479,Disponible,2026-09-28
Jorge Castillo,Atlético,Desc,0,1000000,1000000,Disponible,2026-09-28
Jorge Cestero,Real Madrid,Desc,0,485189,483198,Disponible,2026-09-28
Jorge Domínguez,Atlético,Desc,2,1533854,1575557,Disponible,2026-09-28
Jorge Herrando,Osasuna,Desc,24,1097656,1121184,Lesionado,2026-09-28
Jorge Salinas,Racing,Desc,60,5765738,5888178,Disponible,2026-09-28
José Ángel Carmona,Sevilla,Desc,2,1469439,1508458,Disponible,2026-09-28
José Antonio Morante,Betis,Desc,0,922784,939026,Disponible,2026-09-28
José Gayà,Valencia,Desc,39,6940452,7055270,Disponible,2026-09-28
José María Giménez,Deportivo,Desc,28,14693866,14203714,Disponible,2026-09-28
José Salinas,Málaga,Desc,19,889804,897584,Disponible,2026-09-28
Joseph Otu,Málaga,Desc,0,585435,587621,Disponible,2026-09-28
Jozhua Vertrouwd,Rayo,Desc,-1,590842,593253,Duda,2026-09-28
Juan Berrocal,Málaga,Desc,12,660852,666180,Disponible,2026-09-28
Juan Carlos Arana,Racing,Desc,1,504791,503616,Disponible,2026-09-28
Juan Cruz,Málaga,Desc,31,5308035,5450243,Disponible,2026-09-28
Juan Foyth,Villarreal,Desc,28,10046469,10279117,Disponible,2026-09-28
Juan Iglesias,Sevilla,Desc,81,20506095,19981561,Disponible,2026-09-28
Juan Musso,Atlético,Desc,0,1552136,1592535,Disponible,2026-09-28
Juani,Málaga,Desc,0,857468,870988,Disponible,2026-09-28
Jude Bellingham,Real Madrid,Desc,130,117966313,117978665,Disponible,2026-09-28
Julen Agirrezabala,Racing,Desc,76,25867266,25582898,Disponible,2026-09-28
Julen Lobete,Málaga,Desc,0,502879,501625,Lesionado,2026-09-28
Jules Koundé,Barcelona,Desc,14,21502322,21993355,Disponible,2026-09-28
Julio Díaz,Sevilla,Desc,1,448782,445274,Disponible,2026-09-28
Karim Adeyemi,Barcelona,Desc,64,76925398,74928760,Disponible,2026-09-28
Karl Etta Eyong,Levante,Desc,10,9120339,9387905,Duda,2026-09-28
Kevin Sánchez,Deportivo,Desc,0,532665,532652,Disponible,2026-09-28
Kike Barja,Osasuna,Desc,32,1266197,1294680,Disponible,2026-09-28
Kike Ribes,Celta Fortuna,Desc,0,600000,600000,Disponible,2026-09-28
Kike Salas,Sevilla,Desc,49,11842946,12024479,Disponible,2026-09-28
Kiko Femenia,Getafe,Desc,2,1444093,1482056,Duda,2026-09-28
Kylian Mbappé,Real Madrid,Desc,147,155754893,157206466,Duda,2026-09-28
Lamine Yamal,Barcelona,Desc,157,171416644,168128993,Disponible,2026-09-28
Laro Gómez,Racing,Desc,0,601574,602234,Disponible,2026-09-28
Leandro Cabrera,Espanyol,Desc,31,10030574,10194423,Disponible,2026-09-28
Leo Román,Deportivo,Desc,56,34813696,35163934,Disponible,2026-09-28
Logan Costa,Villarreal,Desc,-2,594275,596829,Disponible,2026-09-28
Lorenzo Amatucci,Deportivo,Desc,66,14896406,15196753,Disponible,2026-09-28
Lucas Boyé,Alavés,Desc,77,34269858,33863438,Disponible,2026-09-28
Lucas Cepeda,Elche,Desc,42,1838699,1789837,Disponible,2026-09-28
Lucas Noubi,Deportivo,Desc,47,13109843,13423771,Disponible,2026-09-28
Lucas Stassin,Sevilla,Desc,27,13306119,13693132,Duda,2026-09-28
Lucas Torró,Osasuna,Desc,19,1133448,1158467,Disponible,2026-09-28
Lucien Agoume,Sevilla,Desc,81,14279669,14009589,Disponible,2026-09-28
Luis Rioja,Valencia,Desc,23,4431155,4532497,Disponible,2026-09-28
Luiz Junior,Villarreal,Desc,8,18836689,19359995,Disponible,2026-09-28
Luken Beitia,Real Sociedad,Desc,5,462125,459173,Disponible,2026-09-28
Manel Usedo,Levante,Desc,0,506447,505341,Disponible,2026-09-28
Manu Bueno,Sevilla,Desc,5,509714,508745,Disponible,2026-09-28
Manu González,Betis,Desc,0,581040,581691,Disponible,2026-09-28
Manu Hernando,Racing,Desc,22,1779972,1830765,Disponible,2026-09-28
Manu Sánchez,Levante,Desc,62,4359160,4460491,Disponible,2026-09-28
Manuel Ángel Castillo,Sevilla,Desc,0,900000,900000,Disponible,2026-09-28
Marash Kumbulla,Rayo,Desc,0,1524257,1565560,Disponible,2026-09-28
Marc Aguado,Elche,Desc,32,2975289,3059205,Disponible,2026-09-28
Marc Bartra,Betis,Desc,73,31744877,32636402,Disponible,2026-09-28
Marc Bernal,Barcelona,Desc,54,26363910,26713371,Disponible,2026-09-28
Marc Casadó,Deportivo,Desc,12,5681978,5841165,Lesionado,2026-09-28
Marc Cucurella,Real Madrid,Desc,36,46224550,47050942,Disponible,2026-09-28
Marc Roca,Betis,Desc,61,18476440,18048429,Disponible,2026-09-28
Marc Santos,Levante,Desc,3,526476,526205,Disponible,2026-09-28
Marcão,Sevilla,Desc,0,477727,475425,Disponible,2026-09-28
Marco Román,Rayo,Desc,0,506447,505341,Disponible,2026-09-28
Marcos Navarro,Valencia,Desc,0,501311,501909,Disponible,2026-09-28
Mario Martín,Getafe,Desc,28,1966384,2018731,Disponible,2026-09-28
Mario Rivas,Real Madrid,Desc,0,700000,700000,Disponible,2026-09-28
Marko Dmitrovic,Espanyol,Desc,73,37004456,37448143,Disponible,2026-09-28
Maroan Sannadi,Athletic,Desc,6,445915,442287,Disponible,2026-09-28
Martim Neto,Elche,Desc,13,814182,825899,Disponible,2026-09-28
Martín Satriano,Getafe,Desc,44,18810092,18782142,Disponible,2026-09-28
Mathew Ryan,Levante,Desc,71,27692369,28025251,Disponible,2026-09-28
Matia Barzic,Elche,Desc,3,508444,507422,Disponible,2026-09-28
Matías Dituro,Elche,Desc,25,9759245,9791531,Disponible,2026-09-28
Matteo Prati,Racing,Desc,33,2157813,2218245,Disponible,2026-09-28
Mauro Echegoyen,Osasuna,Desc,0,477478,475165,Disponible,2026-09-28
Miguel Cubo,Atlético,Desc,0,478518,476249,Disponible,2026-09-28
Miguel Loureiro,Deportivo,Desc,30,1789552,1823187,Disponible,2026-09-28
Miguel Román,Celta,Desc,76,19744268,18898444,Disponible,2026-09-28
Miguel Sierra,Sevilla,Desc,82,10958778,10453866,Disponible,2026-09-28
Mikel Jauregizar,Athletic,Desc,35,10895947,11147277,Disponible,2026-09-28
Mikel Oyarzabal,Real Sociedad,Desc,52,46153346,46628146,Disponible,2026-09-28
Mikel Rodriguez,Alavés,Desc,39,1495758,1535874,Lesionado,2026-09-28
Moi Gómez,Osasuna,Desc,37,2651254,2713528,Duda,2026-09-28
Morten Hjulmand,Atlético,Desc,52,17516189,17925043,Disponible,2026-09-28
Mouctar Diakhaby,Valencia,Desc,12,2260977,2325427,Duda,2026-09-28
Nacho Pérez,Levante,Desc,47,1878633,1919332,Disponible,2026-09-28
Nahuel Tenaglia,Alavés,Desc,86,31131895,31529766,Disponible,2026-09-28
Natan,Betis,Desc,85,46736217,45201929,Disponible,2026-09-28
Nathan-Dylan Saliba,Villarreal,Desc,45,6301063,6341995,Disponible,2026-09-28
Nelson Deossa,Betis,Desc,63,6772264,6320695,Disponible,2026-09-28
Nemanja Gudelj,Getafe,Desc,14,5280304,5373247,Disponible,2026-09-28
Nico Guillén,Sevilla,Desc,14,1477914,1517286,Disponible,2026-09-28
Nico Serrano,Athletic,Desc,2,521249,520760,Disponible,2026-09-28
Nicolas Pépé,Villarreal,Desc,67,48413654,49490542,Disponible,2026-09-28
Nicolás Valentini,Alavés,Desc,25,708301,700505,Disponible,2026-09-28
Obed Vargas,Atlético,Desc,0,513418,512603,Disponible,2026-09-28
Odysseas Vlachodimos,Sevilla,Desc,63,32995259,32926148,Disponible,2026-09-28
Oihan Sancet,Athletic,Desc,65,37572410,38267610,Disponible,2026-09-28
Omar El Hilali,Espanyol,Desc,51,16235590,15946390,Disponible,2026-09-28
Orel Mangala,Getafe,Desc,43,9508231,9718713,Disponible,2026-09-28
Oriol Rey,Levante,Desc,42,2213684,2233030,Disponible,2026-09-28
Orri Steinn Óskarsson,Real Sociedad,Desc,17,5283004,5436334,Disponible,2026-09-28
Óscar López,Getafe,Desc,0,661515,666871,Disponible,2026-09-28
Óscar Valentín,Rayo,Desc,50,2827884,2881637,Disponible,2026-09-28
Pablo Barrios,Atlético,Desc,49,36114035,36837775,Duda,2026-09-28
Pablo Durán,Celta,Desc,36,946201,917910,Disponible,2026-09-28
Pablo Fornals,Betis,Desc,47,38867981,39306665,Disponible,2026-09-28
Pablo García,Racing,Desc,42,7757367,7849607,Disponible,2026-09-28
Pablo García,Deportivo,Desc,42,463623,468964,Disponible,2026-09-28
Pablo Gavi,Barcelona,Desc,4,11739790,12025180,Disponible,2026-09-28
Pablo Ibáñez,Alavés,Desc,67,14438383,14209550,Disponible,2026-09-28
Pablo Maffeo,Valencia,Desc,21,4989308,5084758,Disponible,2026-09-28
Pablo Marín,Real Sociedad,Desc,0,641748,646280,Disponible,2026-09-28
Pablo Martínez,Málaga,Desc,47,3842552,3931343,Disponible,2026-09-28
Pablo Ramón,Racing,Desc,49,1778031,1809120,Disponible,2026-09-28
Paco Cortés,Levante,Desc,7,510179,509229,Disponible,2026-09-28
Pape Gueye,Villarreal,Desc,87,33992471,34328597,Disponible,2026-09-28
Pau Cubarsí,Barcelona,Desc,37,58417428,58856862,Disponible,2026-09-28
Pau Navarro,Villarreal,Desc,12,3421470,3471191,Disponible,2026-09-28
Pedro Bigas,Elche,Desc,-7,1633435,1678673,Disponible,2026-09-28
Pedro Díaz,Rayo,Desc,45,982086,1000799,Disponible,2026-09-28
Pedro Felipe,Racing,Desc,-8,866409,880302,Disponible,2026-09-28
Peio Canales,Athletic,Desc,29,5196072,5315944,Disponible,2026-09-28
Pepelu,Valencia,Desc,81,13430647,13123626,Disponible,2026-09-28
Peque,Sevilla,Desc,21,1773249,1821493,Disponible,2026-09-28
Pere Milla,Espanyol,Desc,4,3156967,3242231,Disponible,2026-09-28
Petar Ratkov,Levante,Desc,2,2121304,2184380,Disponible,2026-09-28
Pierre-Emerick Aubameyang,Deportivo,Desc,106,92328447,94950058,Lesionado,2026-09-28
Pol Lozano,Espanyol,Desc,4,844952,857951,Disponible,2026-09-28
Quilindschy Hartman,Espanyol,Desc,12,2577514,2648861,Disponible,2026-09-28
Rafa Rodríguez,Málaga,Desc,24,1879037,1929634,Disponible,2026-09-28
Rafel Bauzà,Espanyol,Desc,16,526476,526205,Disponible,2026-09-28
Ramón Enríquez,Málaga,Desc,5,510936,510017,Disponible,2026-09-28
Ramón Terrats,Getafe,Desc,84,12418935,11988964,Disponible,2026-09-28
Randy Nteka,Rayo,Desc,10,782957,793373,Disponible,2026-09-28
Raphinha,Barcelona,Desc,183,169996294,167125715,Disponible,2026-09-28
Raúl Asencio,Real Madrid,Desc,0,1524178,1549945,Disponible,2026-09-28
Raúl García,Osasuna,Desc,29,1304792,1326176,Disponible,2026-09-28
Raúl Jiménez,Valencia,Desc,0,1561503,0,Disponible,2026-09-28
Raul Moro,Osasuna,Desc,13,5945048,6123093,Lesionado,2026-09-28
Renato Veiga,Villarreal,Desc,29,25965846,25558080,Disponible,2026-09-28
Robbie Ure,Sevilla,Desc,18,8544582,8755266,Disponible,2026-09-28
Robert Navarro,Athletic,Desc,76,15299734,14604697,Disponible,2026-09-28
Robin Le Normand,Atlético,Desc,38,9824550,9986159,Disponible,2026-09-28
Rockson Yeboah,Osasuna,Desc,8,723999,731958,Disponible,2026-09-28
Rodrigo Gamón,Valencia,Desc,0,800000,800000,Disponible,2026-09-28
Rodrigo Mendoza,Atlético,Desc,23,787085,797673,Disponible,2026-09-28
Rodrigo Riquelme,Betis,Desc,66,18109109,18331566,Disponible,2026-09-28
Roger Hinojo,Espanyol,Desc,43,3892356,3989065,Disponible,2026-09-28
Romain Del Castillo,Osasuna,Desc,3,6929670,7135465,Disponible,2026-09-28
Roy Revivo,Elche,Desc,22,3622729,3630010,Disponible,2026-09-28
Rubén Gómez,Villarreal,Desc,0,467142,464399,Disponible,2026-09-28
Rubén Sánchez,Elche,Desc,10,448150,444615,Disponible,2026-09-28
Rubén Vargas,Sevilla,Desc,2,7246418,7460209,Duda,2026-09-28
Ryunosuke Sato,Valencia,Desc,20,5165341,5316078,Disponible,2026-09-28
Saba Sazonov,Getafe,Desc,12,644754,649411,Disponible,2026-09-28
Salvi Esquivel,Atlético,Desc,0,508034,506995,Disponible,2026-09-28
Samu Becerra,Rayo,Desc,0,530375,530266,Disponible,2026-09-28
Santi Comesaña,Villarreal,Desc,39,11873688,12223774,Duda,2026-09-28
Santiago Mouriño,Villarreal,Desc,20,13233807,13591879,Disponible,2026-09-28
Sebastián Boselli,Getafe,Desc,3,933247,949925,Disponible,2026-09-28
Sebastián Cáceres,Celta,Desc,24,4321821,4389510,Disponible,2026-09-28
Selu Diallo,Alavés,Desc,0,542087,542466,Disponible,2026-09-28
Sergio Camello,Rayo,Desc,113,37810416,35805624,Disponible,2026-09-28
Sergio Canales,Racing,Desc,67,23633669,24191636,Disponible,2026-09-28
Sergio Carreira,Celta,Desc,30,7318674,7420802,Disponible,2026-09-28
Sergio Gómez,Real Sociedad,Desc,44,15449057,15627165,Disponible,2026-09-28
Sergio Herrera,Osasuna,Desc,19,25913545,26532604,Disponible,2026-09-28
Sergio José Lozano,Rayo,Desc,0,486419,484479,Disponible,2026-09-28
Sergio Martínez,Real Madrid,Desc,28,1087842,1110961,Disponible,2026-09-28
Sergio Mestre,Real Madrid,Desc,0,677102,677860,Disponible,2026-09-28
Simon Eriksson,Racing,Desc,0,978954,997536,Duda,2026-09-28
Stole Dimitrievski,Valencia,Desc,68,20698381,20885891,Disponible,2026-09-28
Takefusa Kubo,Real Sociedad,Desc,23,15697940,16096677,Disponible,2026-09-28
Tani Oluwaseyi,Villarreal,Desc,8,965942,983982,Disponible,2026-09-28
Tete Morente,Elche,Desc,46,3736411,3626681,Disponible,2026-09-28
Theo Folgado,Real Sociedad,Desc,0,701836,702606,Disponible,2026-09-28
Thibaut Courtois,Real Madrid,Desc,59,56324991,56825743,Disponible,2026-09-28
Thomas Lemar,Elche,Desc,28,4006862,4036080,Disponible,2026-09-28
Toni Martinez,Alavés,Desc,31,14603780,14965500,Disponible,2026-09-28
Trent Alexander-Arnold,Real Madrid,Desc,37,18261636,18621946,Disponible,2026-09-28
Tyrhys Dolan,Espanyol,Desc,27,12994207,13274599,Disponible,2026-09-28
Umar Sadiq,Valencia,Desc,19,2309930,2377378,Lesionado,2026-09-28
Unai López,Rayo,Desc,84,18481901,18230487,Disponible,2026-09-28
Unai Marrero,Real Sociedad,Desc,23,695777,702560,Disponible,2026-09-28
Unai Santos,Osasuna,Desc,1,487056,485143,Disponible,2026-09-28
Unai Simón,Athletic,Desc,72,44376233,44881703,Disponible,2026-09-28
Valentín Gómez,Betis,Desc,43,2634097,2512365,Disponible,2026-09-28
Vanja Drkusic,Espanyol,Desc,11,1351750,1385865,Disponible,2026-09-28
Víctor Chust,Elche,Desc,14,3814574,3876233,Disponible,2026-09-28
Víctor García,Levante,Desc,3,781224,791568,Disponible,2026-09-28
Ville Koski,Alavés,Desc,71,22901864,21927566,Disponible,2026-09-28
Williot Swedberg,Celta,Desc,43,3605861,3681975,Disponible,2026-09-28
Wojciech Szczesny,Barcelona,Desc,-5,1139845,1164563,Disponible,2026-09-28
Xanet Oláiz,Alavés,Desc,2,473961,471502,Disponible,2026-09-28
Xavi Espart,Barcelona,Desc,79,43317787,43049158,Disponible,2026-09-28
Yangel Herrera,Real Sociedad,Desc,50,5142727,5185844,Disponible,2026-09-28
Yanis Musuayi,Levante,Desc,0,911968,927759,Disponible,2026-09-28
Yassir Zabiri,Racing,Desc,70,22196567,21499680,Disponible,2026-09-28
Yoel Lago,Celta,Desc,63,11332965,10825329,Disponible,2026-09-28
Youssouf Fofana,Sevilla,Desc,41,20269815,19684214,Disponible,2026-09-28
Zaid Romero,Getafe,Desc,55,31707755,30728572,Disponible,2026-09-28
Zakaria Eddahchouri,Deportivo,Desc,15,798817,809894,Duda,2026-09-28
Llorenç Serred,Espanyol,Desc,0,469606,466408,Disponible,2026-09-29
Aaron Ndive Mayol,Valencia,Desc,24,944867,920453,Disponible,2026-09-29
Abde Rebbach,Alavés,Desc,63,4928961,4975339,Disponible,2026-09-29
Abdel Abqar,Getafe,Desc,6,2671834,2750636,Duda,2026-09-29
Abdoulaye Faye,Celta,Desc,3,1360902,1394841,Disponible,2026-09-29
Abel Bretones,Osasuna,Desc,31,7912265,8100988,Disponible,2026-09-29
Abiel Osorio,Elche,Desc,23,664447,669367,Disponible,2026-09-29
Adam Aznou,Málaga,Desc,0,845518,857983,Disponible,2026-09-29
Adama Timera,Espanyol,Desc,0,488817,486419,Disponible,2026-09-29
Ademola Lookman,Atlético,Desc,37,37801808,38534624,Disponible,2026-09-29
Adrià Altimira,Deportivo,Desc,15,3288652,3376110,Disponible,2026-09-29
Adrià Pedrosa,Rayo,Desc,35,2865506,2822390,Disponible,2026-09-29
Adrián Molina,Rayo,Desc,0,503849,502078,Disponible,2026-09-29
Adrián Niño,Málaga,Desc,11,876146,889887,Disponible,2026-09-29
Aimar Blázquez,Valencia,Desc,3,580962,581656,Disponible,2026-09-29
Aimar Oroz,Osasuna,Desc,17,6225029,6393158,Disponible,2026-09-29
Aissa Mandi,Levante,Desc,48,10149066,10398038,Disponible,2026-09-29
Aitor Fraga,Real Sociedad,Desc,0,601574,602234,Disponible,2026-09-29
Aitor Mañas,Alavés,Desc,6,465221,461840,Disponible,2026-09-29
Aitor Paredes,Athletic,Desc,58,16450559,16033896,Disponible,2026-09-29
Alassane Diatta,Villarreal,Desc,0,467729,464453,Disponible,2026-09-29
Alberto Calatrava,Levante,Desc,0,546497,546503,Disponible,2026-09-29
Alberto Moleiro,Villarreal,Desc,97,55781680,53619721,Disponible,2026-09-29
Alberto Risco,Getafe,Desc,3,492550,490308,Disponible,2026-09-29
Aleix Febas,Celta,Desc,19,10645281,10932532,Disponible,2026-09-29
Alejandro Balde,Barcelona,Desc,5,8394511,8622591,Disponible,2026-09-29
Alejandro Catena,Osasuna,Desc,41,25193402,25777793,Disponible,2026-09-29
Alejandro Iturbe,Elche,Desc,0,514629,513307,Disponible,2026-09-29
Alejandro Panach,Valencia,Desc,0,489521,487153,Disponible,2026-09-29
Alejandro Rego,Athletic,Desc,0,1417538,1453837,Disponible,2026-09-29
Alemão,Rayo,Desc,12,1166179,1192005,Disponible,2026-09-29
Álex Baena,Atlético,Desc,105,76335133,74662071,Disponible,2026-09-29
Álex Berenguer,Athletic,Desc,55,9749842,9937066,Disponible,2026-09-29
Álex Calatrava,Espanyol,Desc,51,4724754,4840908,Disponible,2026-09-29
Alex Freeman,Villarreal,Desc,27,2030627,1948883,Disponible,2026-09-29
Álex Grimaldo,Atlético,Desc,76,57299128,54928315,Disponible,2026-09-29
Alex Lebarbier,Real Sociedad,Desc,0,601574,602234,Disponible,2026-09-29
Alex Marchal,Real Sociedad,Desc,11,540540,540298,Disponible,2026-09-29
Alex Padilla,Athletic,Desc,0,650581,654924,Disponible,2026-09-29
Álex Pastor,Málaga,Desc,0,438661,434174,Disponible,2026-09-29
Álex Remiro,Real Sociedad,Desc,62,32912524,33412246,Disponible,2026-09-29
Alexis Ciria,Real Madrid,Desc,0,557635,558105,Disponible,2026-09-29
Alfonso Herrero,Málaga,Desc,69,20311805,20140733,Disponible,2026-09-29
Aliou Dieng,Valencia,Desc,28,1547609,1589193,Disponible,2026-09-29
Altay Bayindir,Celta,Desc,0,859105,872136,Disponible,2026-09-29
Álvaro Djaló,Athletic,Desc,2,549005,549115,Disponible,2026-09-29
Álvaro Fidalgo,Betis,Desc,3,947073,963769,Disponible,2026-09-29
Álvaro García,Rayo,Desc,71,15259486,15539306,Disponible,2026-09-29
Álvaro Mantilla,Racing,Desc,25,1264676,1294606,Disponible,2026-09-29
Álvaro Padilla,Elche,Desc,0,579928,581327,Disponible,2026-09-29
Álvaro Valles,Betis,Desc,127,66235570,65238460,Disponible,2026-09-29
Ander Barrenetxea,Real Sociedad,Desc,43,22547956,22157277,Disponible,2026-09-29
Ander Guevara,Alavés,Desc,17,562554,563229,Disponible,2026-09-29
Andoni Gorosabel,Espanyol,Desc,0,846787,859305,Disponible,2026-09-29
André Almeida,Racing,Desc,9,965642,983112,Disponible,2026-09-29
Andrei Ratiu,Rayo,Desc,43,19150458,19460954,Disponible,2026-09-29
Andrés Antañón,Celta,Desc,3,531014,530375,Duda,2026-09-29
Andrés Castrín,Sevilla,Desc,54,8686861,8409572,Disponible,2026-09-29
Andrés Céspedes,Málaga,Desc,0,401049,401498,Disponible,2026-09-29
Andrés García,Getafe,Desc,55,7970971,7894146,Disponible,2026-09-29
Andrés Martín,Racing,Desc,30,8796777,9043369,Lesionado,2026-09-29
Andrés Vallecillo,Racing,Desc,0,488462,486050,Disponible,2026-09-29
Andriy Lunin,Real Madrid,Desc,0,957610,974745,Disponible,2026-09-29
Ángel Fortuño,Espanyol,Desc,0,465509,462140,Disponible,2026-09-29
Ángel Ortiz,Betis,Desc,29,799871,810434,Disponible,2026-09-29
Ángel Pérez,Alavés,Desc,75,31404078,30740192,Disponible,2026-09-29
Angel Recio,Málaga,Desc,26,2683063,2643254,Disponible,2026-09-29
Angeliño,Deportivo,Desc,-1,5569883,5732952,Disponible,2026-09-29
Ante Budimir,Osasuna,Desc,94,64271521,63572719,Disponible,2026-09-29
Anthony Gordon,Barcelona,Desc,52,67427981,68438139,Disponible,2026-09-29
Antonio Blanco,Alavés,Desc,56,15985551,16311062,Disponible,2026-09-29
Antonio Rüdiger,Real Madrid,Desc,35,21416524,20998822,Disponible,2026-09-29
Antonio Sivera,Alavés,Desc,98,47581538,47037289,Disponible,2026-09-29
Antony,Betis,Desc,78,63136867,62633769,Disponible,2026-09-29
Arda Güler,Real Madrid,Desc,108,110258809,109169097,Disponible,2026-09-29
Arnau Comas,Deportivo,Desc,0,493526,491325,Disponible,2026-09-29
Arnau Ortiz,Atlético,Desc,15,753052,761664,Disponible,2026-09-29
Arnaut Danjuma,Valencia,Desc,37,5062409,4990517,Disponible,2026-09-29
Arouna Sangante,Sevilla,Desc,16,5839054,5985972,Disponible,2026-09-29
Arsen Zakharyan,Real Sociedad,Desc,3,550931,551122,Disponible,2026-09-29
Asier Bonel,Osasuna,Desc,0,594203,596197,Disponible,2026-09-29
Asier Osambela,Osasuna,Desc,31,466368,463035,Disponible,2026-09-29
Asier Villalibre,Racing,Desc,16,2748603,2824673,Disponible,2026-09-29
Augusto Batalla,Rayo,Desc,21,11970009,12319863,Lesionado,2026-09-29
Aurélien Tchouaméni,Real Madrid,Desc,25,19965648,20143948,Disponible,2026-09-29
Axel Tape,Levante,Desc,0,1336265,1369178,Disponible,2026-09-29
Aymeric Laporte,Athletic,Desc,47,48489603,47687738,Disponible,2026-09-29
Beñat Gerenabarrena,Athletic,Desc,45,3281347,3347658,Disponible,2026-09-29
Beñat Prados,Athletic,Desc,0,625245,628532,Disponible,2026-09-29
Beñat Turrientes,Real Sociedad,Desc,43,5515965,5656042,Disponible,2026-09-29
Bernardo Silva,Real Madrid,Desc,41,32227373,32780538,Disponible,2026-09-29
Bil Nsongo,Deportivo,Desc,33,7530147,7559116,Disponible,2026-09-29
Borja Iglesias,Celta,Desc,2,9795732,10018306,Disponible,2026-09-29
Borja Mayoral,Getafe,Desc,1,1042543,1063217,Disponible,2026-09-29
Boyomo,Osasuna,Desc,16,10342486,10645078,Disponible,2026-09-29
Brian Fariñas,Barcelona,Desc,0,567636,568523,Disponible,2026-09-29
Bright Ede,Deportivo,Desc,22,3162409,3223080,Disponible,2026-09-29
Buba Sangaré,Elche,Desc,23,2782233,2861301,Duda,2026-09-29
Carl Starfelt,Celta,Desc,29,7303138,7499262,Disponible,2026-09-29
Carles Aleñá,Alavés,Desc,24,2368530,2421615,Disponible,2026-09-29
Carlos Dotor,Málaga,Desc,69,5114061,5098098,Disponible,2026-09-29
Carlos Espí,Real Madrid,Desc,27,12980161,13015157,Disponible,2026-09-29
Carlos López,Málaga,Desc,0,440226,435804,Disponible,2026-09-29
Carlos Macià,Villarreal,Desc,13,571097,572128,Disponible,2026-09-29
Carlos Puga,Málaga,Desc,23,2702677,2772293,Disponible,2026-09-29
Carlos Romero,Villarreal,Desc,19,16255556,16684533,Disponible,2026-09-29
Carlos Soler,Real Sociedad,Desc,69,37607483,36462157,Disponible,2026-09-29
César Tárrega,Valencia,Desc,36,5990409,6166650,Duda,2026-09-29
Cheikh Thiam,Villarreal,Desc,0,547316,547356,Disponible,2026-09-29
Chidera Ejuke,Sevilla,Desc,24,5025183,5131893,Disponible,2026-09-29
Chupete,Málaga,Desc,34,18576474,19074990,Disponible,2026-09-29
Clemens Riedel,Espanyol,Desc,30,5057479,5141731,Disponible,2026-09-29
Coke Carrillo,Celta,Desc,0,1567556,0,Disponible,2026-09-29
Couhaib Driouech,Celta,Desc,11,1961668,2018229,Disponible,2026-09-29
Cristian Rivero,Valencia,Desc,0,457415,453709,Disponible,2026-09-29
Cristian Romero,Atlético,Desc,51,47943310,46544695,Disponible,2026-09-29
Dakonam Djené,Getafe,Desc,42,22044157,21595650,Disponible,2026-09-29
Dani Barcia,Deportivo,Desc,0,597630,599766,Disponible,2026-09-29
Dani Cárdenas,Rayo,Desc,13,1014482,1033987,Disponible,2026-09-29
Dani Ceballos,Betis,Desc,17,15246979,15589503,Disponible,2026-09-29
Dani Lorenzo,Málaga,Desc,44,9742851,9822414,Disponible,2026-09-29
Dani Martínez,Atlético,Desc,12,501339,499463,Disponible,2026-09-29
Dani Olmo,Barcelona,Desc,63,46617292,47133063,Disponible,2026-09-29
Dani Requena,Levante,Desc,8,755001,763694,Disponible,2026-09-29
Daniel Raba,Valencia,Desc,2,650118,654441,Disponible,2026-09-29
David Hancko,Atlético,Desc,61,43458671,42882006,Disponible,2026-09-29
David Larrubia,Málaga,Desc,73,19337300,19816284,Disponible,2026-09-29
David Mella,Deportivo,Desc,13,1338600,1371610,Disponible,2026-09-29
David Otorbi,Valencia,Desc,37,595615,597667,Disponible,2026-09-29
David Soria,Getafe,Desc,86,39912140,39632398,Disponible,2026-09-29
Davinchi,Getafe,Desc,4,1072185,1094094,Disponible,2026-09-29
Dean Huijsen,Real Madrid,Desc,56,42922732,44087016,Disponible,2026-09-29
Denis Suárez,Alavés,Desc,46,2806546,2830850,Disponible,2026-09-29
Denzel Dumfries,Real Madrid,Desc,35,25381637,25902133,Disponible,2026-09-29
Diego Conde,Betis,Desc,0,979700,997756,Disponible,2026-09-29
Diego Ferrer,Getafe,Desc,0,493451,491246,Disponible,2026-09-29
Diego Rico,Osasuna,Desc,2,1588622,1632050,Disponible,2026-09-29
Diego Villares,Deportivo,Desc,25,957621,971666,Disponible,2026-09-29
Dimitri Foulquier,Valencia,Desc,0,769166,778450,Duda,2026-09-29
Dominik Livakovic,Barcelona,Desc,6,2836378,2804975,Disponible,2026-09-29
Eder Aller,Barcelona,Desc,0,701836,702705,Disponible,2026-09-29
Edu Altozano,Sevilla,Desc,0,475914,472979,Disponible,2026-09-29
Edu Expósito,Espanyol,Desc,83,28871129,29278271,Disponible,2026-09-29
Eduardo Camavinga,Real Madrid,Desc,27,6824613,6969660,Disponible,2026-09-29
Einar Galilea,Málaga,Desc,30,4834560,4934712,Disponible,2026-09-29
Emil Audero,Rayo,Desc,32,4885516,4926864,Disponible,2026-09-29
Endrick,Real Madrid,Desc,0,2601572,2656971,Disponible,2026-09-29
Eneko Jauregi,Málaga,Desc,4,595669,597724,Disponible,2026-09-29
Enes Ünal,Getafe,Desc,31,13273753,13570366,Disponible,2026-09-29
Eric Garcia,Barcelona,Desc,49,39893353,40772967,Disponible,2026-09-29
Ezequiel Ponce,Elche,Desc,10,743257,751461,Disponible,2026-09-29
Facundo Bernal,Betis,Desc,54,11932783,12129753,Disponible,2026-09-29
Facundo Buonanotte,Elche,Desc,35,2828411,2899573,Disponible,2026-09-29
Federico Redondo,Elche,Desc,55,1066678,1088358,Disponible,2026-09-29
Federico Valverde,Real Madrid,Desc,69,51436223,52769854,Lesionado,2026-09-29
Félix Correia,Sevilla,Desc,23,5127019,5166479,Disponible,2026-09-29
Ferran Jutglà,Celta,Desc,30,10383809,10314956,Disponible,2026-09-29
Filip Ugrinic,Valencia,Desc,76,2914418,2967541,Disponible,2026-09-29
Florian Lejeune,Rayo,Desc,41,16709556,16925169,Disponible,2026-09-29
Fran García,Betis,Desc,53,26731126,27065794,Disponible,2026-09-29
Fran González,Sevilla,Desc,0,491280,488985,Lesionado,2026-09-29
Gabriel Moscardo,Espanyol,Desc,21,2614104,2689763,Disponible,2026-09-29
Gabriel Suazo,Sevilla,Desc,62,7632273,7513994,Disponible,2026-09-29
Georges Mikautadze,Villarreal,Desc,63,45229488,45886422,Disponible,2026-09-29
Georgiy Tsitaishvili,Rayo,Desc,19,1007015,1026209,Disponible,2026-09-29
Gerard Martín,Barcelona,Desc,65,42046629,42728675,Disponible,2026-09-29
Germán Parreño,Deportivo,Desc,0,474596,471606,Disponible,2026-09-29
Germán Valera,Elche,Desc,84,13474278,13466031,Disponible,2026-09-29
Giacomo Quagliata,Deportivo,Desc,38,4759704,4683344,Disponible,2026-09-29
Giorgi Guliashvili,Racing,Desc,2,715525,722574,Disponible,2026-09-29
Giorgi Kochorashvili,Sevilla,Desc,28,5278542,5386822,Disponible,2026-09-29
Giovani Lo Celso,Betis,Desc,4,10363245,10642608,Disponible,2026-09-29
Gnangoro Bouare,Rayo,Desc,28,731045,738740,Disponible,2026-09-29
Gonçalo Guedes,Real Sociedad,Desc,38,15624489,15710136,Disponible,2026-09-29
Gonzalo Villar,Elche,Desc,85,9280627,9372195,Disponible,2026-09-29
Gorka Carrera,Real Sociedad,Desc,0,509773,508249,Disponible,2026-09-29
Gorka Guruzeta,Athletic,Desc,5,5757465,5924625,Duda,2026-09-29
Grady Diangana,Elche,Desc,0,571265,572303,Disponible,2026-09-29
Grégoire Swiderski,Alavés,Desc,0,476203,473280,Disponible,2026-09-29
Hamza Abdelkarim,Barcelona,Desc,2,2156477,2210740,Disponible,2026-09-29
Héctor Bellerín,Betis,Desc,56,18927988,18784891,Disponible,2026-09-29
Héctor Fort,Real Sociedad,Desc,3,2498444,2559342,Disponible,2026-09-29
Hugo Burcio,Celta,Desc,7,541700,541506,Disponible,2026-09-29
Hugo Duro,Valencia,Desc,21,4186417,4243026,Disponible,2026-09-29
Hugo González,Celta,Desc,56,3250200,3082200,Disponible,2026-09-29
Hugo Novoa,Alavés,Desc,0,529024,528302,Disponible,2026-09-29
Hugo Pérez,Racing,Desc,0,635103,638801,Disponible,2026-09-29
Hugo Rincón,Athletic,Desc,4,1106607,1129951,Disponible,2026-09-29
Hugo Sotelo,Levante,Desc,9,701624,708093,Duda,2026-09-29
Iago Aspas,Celta,Desc,21,4406689,4526931,Duda,2026-09-29
Ibai Aguirre,R. Sociedad B,Desc,0,601574,602257,Disponible,2026-09-29
Ibrahima Konaté,Real Madrid,Desc,12,31000838,31867417,Disponible,2026-09-29
Ifeanyi Ndukwe,Levante,Desc,6,1073834,1095812,Disponible,2026-09-29
Igor Galdin,Levante,Desc,0,488872,486477,Disponible,2026-09-29
Igor Zubeldia,Real Sociedad,Desc,36,8497804,8720004,Disponible,2026-09-29
Iker Córdoba,Valencia,Desc,6,808683,819613,Disponible,2026-09-29
Iker Losada,Betis,Desc,0,855560,868443,Disponible,2026-09-29
Iker Luque,Racing,Desc,10,1013788,1033264,Disponible,2026-09-29
Iker Monreal,Athletic,Desc,0,541700,541506,Disponible,2026-09-29
Iker Muñoz,Sevilla,Desc,41,475914,472979,Disponible,2026-09-29
Iker Muñoz,Osasuna,Desc,41,1688363,1718196,Disponible,2026-09-29
Iker Muñoz,Sevilla,Desc,0,475914,472979,Disponible,2026-09-29
Iker Muñoz,Osasuna,Desc,0,1688363,1718196,Disponible,2026-09-29
Ilaix Moriba,Celta,Desc,66,13639623,13007930,Disponible,2026-09-29
Ilias Akhomach,Villarreal,Desc,26,4214242,3983205,Disponible,2026-09-29
Iñigo Arguibide,Osasuna,Desc,25,2892618,2943083,Disponible,2026-09-29
Íñigo Sainz-Maza,Racing,Desc,12,500541,498632,Disponible,2026-09-29
Iñigo Vicente,Racing,Desc,80,28986901,29483834,Disponible,2026-09-29
Ionut Radu,Celta,Desc,82,46558874,46133056,Disponible,2026-09-29
Isaac Romero,Sevilla,Desc,24,4368092,4465367,Disponible,2026-09-29
Iván Alonso,Rayo,Desc,0,469591,466392,Disponible,2026-09-29
Iván Azón,Getafe,Desc,35,4449527,4399831,Disponible,2026-09-29
Iván Balliu,Rayo,Desc,0,567915,568813,Disponible,2026-09-29
Iván Martín,Racing,Desc,55,6187882,6309597,Disponible,2026-09-29
Iván Romero,Levante,Desc,54,6689008,6622135,Disponible,2026-09-29
Iván Villar,Celta,Desc,0,538238,537900,Disponible,2026-09-29
Izan Merino,Málaga,Desc,31,2844462,2915421,Disponible,2026-09-29
Jan Oblak,Atlético,Desc,59,50968331,50407087,Disponible,2026-09-29
Jaume Durá,Valencia,Desc,0,656909,661515,Disponible,2026-09-29
Javi Galán,Celta,Desc,23,6043554,6188311,Disponible,2026-09-29
Javi Guerra,Valencia,Desc,45,18172511,18405536,Disponible,2026-09-29
Javi Morcillo,Elche,Desc,47,762140,765055,Disponible,2026-09-29
Javi Navarro,Real Madrid,Desc,0,701836,702622,Disponible,2026-09-29
Javi Rodríguez,Celta,Desc,16,5953017,6119541,Disponible,2026-09-29
Javi Rueda,Celta,Desc,42,5321753,5352654,Disponible,2026-09-29
Javier Gil,Atlético,Desc,0,845024,857468,Disponible,2026-09-29
Javier Hernández,Espanyol,Desc,70,15747900,16099514,Disponible,2026-09-29
Jean Ives Valou,Getafe,Desc,-5,475914,472979,Disponible,2026-09-29
Jeanuël Belocian,Racing,Desc,6,2416060,2478797,Disponible,2026-09-29
Jens Cajuste,Málaga,Desc,2,4024732,4144838,Duda,2026-09-29
Jeremy Toljan,Levante,Desc,14,1548099,1577525,Disponible,2026-09-29
Jesús Areso,Athletic,Desc,47,3582296,3640665,Disponible,2026-09-29
Jesús Vázquez,Valencia,Desc,27,1303547,1333610,Disponible,2026-09-29
Jiri Letácek,Getafe,Desc,0,491606,489325,Disponible,2026-09-29
Joan Garcia,Barcelona,Desc,56,55955898,57021940,Duda,2026-09-29
Joao Cancelo,Barcelona,Desc,19,36685848,36092191,Disponible,2026-09-29
Job Ochieng,Real Sociedad,Desc,40,1469140,1439451,Disponible,2026-09-29
Johan Mojica,Getafe,Desc,84,15392952,15312930,Disponible,2026-09-29
Johnny Cardoso,Atlético,Desc,23,4220644,4080390,Disponible,2026-09-29
Jon Ander Olasagasti,Levante,Desc,73,8090403,8228344,Disponible,2026-09-29
Jon Aramburu,Real Sociedad,Desc,58,17158887,17444936,Disponible,2026-09-29
Jon Gorrotxategi,Real Sociedad,Desc,22,2017084,2065831,Disponible,2026-09-29
Jon Guridi,Sevilla,Desc,38,5901882,6005168,Disponible,2026-09-29
Jon Martín,Real Sociedad,Desc,23,19615053,20034182,Disponible,2026-09-29
Jon Moncayola,Osasuna,Desc,50,5949094,6077400,Disponible,2026-09-29
Jon Pacheco,Real Sociedad,Desc,3,1259692,1289414,Disponible,2026-09-29
Jonathan Asp Jensen,Deportivo,Desc,40,2994471,3060925,Disponible,2026-09-29
Jonathan David,Atlético,Desc,57,51312783,49329660,Disponible,2026-09-29
Jonathan Dubasin,Osasuna,Desc,22,4932442,5069931,Disponible,2026-09-29
Jones El-Abdellaoui,Celta,Desc,12,698110,704433,Lesionado,2026-09-29
Jordi Pesquer,Barcelona,Desc,0,600000,600000,Disponible,2026-09-29
Jorge Cabello,Levante,Desc,0,512004,510573,Disponible,2026-09-29
Jorge Castellanos,Racing,Desc,0,488817,486419,Disponible,2026-09-29
Jorge Castillo,Atlético,Desc,0,1000000,1000000,Disponible,2026-09-29
Jorge Cestero,Real Madrid,Desc,0,487636,485189,Disponible,2026-09-29
Jorge Domínguez,Atlético,Desc,2,1494354,1533854,Disponible,2026-09-29
Jorge Herrando,Osasuna,Desc,24,1075604,1097656,Lesionado,2026-09-29
Jorge Salinas,Racing,Desc,60,5650831,5765738,Disponible,2026-09-29
José Ángel Carmona,Sevilla,Desc,2,1432516,1469439,Disponible,2026-09-29
José Antonio Morante,Betis,Desc,0,907727,922784,Disponible,2026-09-29
José Gayà,Valencia,Desc,39,6831472,6940452,Disponible,2026-09-29
José María Giménez,Deportivo,Desc,28,15208899,14693866,Disponible,2026-09-29
José Salinas,Málaga,Desc,19,881710,889804,Disponible,2026-09-29
Joseph Otu,Málaga,Desc,0,583872,585435,Disponible,2026-09-29
Jozhua Vertrouwd,Rayo,Desc,-1,589063,590842,Duda,2026-09-29
Juan Berrocal,Málaga,Desc,12,656272,660852,Disponible,2026-09-29
Juan Carlos Arana,Racing,Desc,1,506454,504791,Disponible,2026-09-29
Juan Cruz,Málaga,Desc,31,5171125,5308035,Disponible,2026-09-29
Juan Foyth,Villarreal,Desc,28,9823254,10046469,Disponible,2026-09-29
Juan Iglesias,Sevilla,Desc,81,21014761,20506095,Disponible,2026-09-29
Juan Musso,Atlético,Desc,0,1513572,1552136,Disponible,2026-09-29
Juani,Málaga,Desc,0,845024,857468,Disponible,2026-09-29
Jude Bellingham,Real Madrid,Desc,130,118292744,117966313,Disponible,2026-09-29
Julen Agirrezabala,Racing,Desc,76,26180644,25867266,Disponible,2026-09-29
Julen Lobete,Málaga,Desc,0,504618,502879,Lesionado,2026-09-29
Jules Koundé,Barcelona,Desc,14,21028769,21502322,Disponible,2026-09-29
Julio Díaz,Sevilla,Desc,1,452685,448782,Disponible,2026-09-29
Karim Adeyemi,Barcelona,Desc,64,78862746,76925398,Disponible,2026-09-29
Karl Etta Eyong,Levante,Desc,10,8865319,9120339,Duda,2026-09-29
Kevin Sánchez,Deportivo,Desc,0,533213,532665,Disponible,2026-09-29
Kike Barja,Osasuna,Desc,32,1239887,1266197,Disponible,2026-09-29
Kike Ribes,Celta Fortuna,Desc,0,600000,600000,Disponible,2026-09-29
Kike Salas,Sevilla,Desc,49,11647386,11842946,Disponible,2026-09-29
Kiko Femenia,Getafe,Desc,2,1408184,1444093,Duda,2026-09-29
Kylian Mbappé,Real Madrid,Desc,147,153991909,155754893,Duda,2026-09-29
Lamine Yamal,Barcelona,Desc,157,174034633,171416644,Disponible,2026-09-29
Laro Gómez,Racing,Desc,0,601574,602234,Disponible,2026-09-29
Leandro Cabrera,Espanyol,Desc,31,9891546,10030574,Disponible,2026-09-29
Leo Román,Deportivo,Desc,56,34450687,34813696,Disponible,2026-09-29
Logan Costa,Villarreal,Desc,-2,592358,594275,Disponible,2026-09-29
Lorenzo Amatucci,Deportivo,Desc,66,14605731,14896406,Disponible,2026-09-29
Lucas Boyé,Alavés,Desc,77,34593053,34269858,Disponible,2026-09-29
Lucas Cepeda,Elche,Desc,42,1883467,1838699,Disponible,2026-09-29
Lucas Noubi,Deportivo,Desc,47,12805703,13109843,Disponible,2026-09-29
Lucas Stassin,Sevilla,Desc,27,12935566,13306119,Duda,2026-09-29
Lucas Torró,Osasuna,Desc,19,1109964,1133448,Disponible,2026-09-29
Lucien Agoume,Sevilla,Desc,81,14554983,14279669,Disponible,2026-09-29
Luis Rioja,Valencia,Desc,23,4336020,4431155,Disponible,2026-09-29
Luiz Junior,Villarreal,Desc,8,18320145,18836689,Disponible,2026-09-29
Luken Beitia,Real Sociedad,Desc,5,465494,462125,Disponible,2026-09-29
Manel Usedo,Levante,Desc,0,508043,506447,Disponible,2026-09-29
Manu Bueno,Sevilla,Desc,5,511180,509714,Disponible,2026-09-29
Manu González,Betis,Desc,0,581040,581691,Disponible,2026-09-29
Manu Hernando,Racing,Desc,22,1730941,1779972,Disponible,2026-09-29
Manu Sánchez,Levante,Desc,62,4260363,4359160,Disponible,2026-09-29
Manuel Ángel Castillo,Sevilla,Desc,0,900000,900000,Disponible,2026-09-29
Marash Kumbulla,Rayo,Desc,0,1485141,1524257,Disponible,2026-09-29
Marc Aguado,Elche,Desc,32,2894486,2975289,Disponible,2026-09-29
Marc Bartra,Betis,Desc,73,30868155,31744877,Disponible,2026-09-29
Marc Bernal,Barcelona,Desc,54,25991648,26363910,Disponible,2026-09-29
Marc Casadó,Deportivo,Desc,12,5527204,5681978,Lesionado,2026-09-29
Marc Cucurella,Real Madrid,Desc,36,45393201,46224550,Disponible,2026-09-29
Marc Roca,Betis,Desc,61,18968627,18476440,Disponible,2026-09-29
Marc Santos,Levante,Desc,3,527271,526476,Disponible,2026-09-29
Marcão,Sevilla,Desc,0,480472,477727,Disponible,2026-09-29
Marco Román,Rayo,Desc,0,508043,506447,Disponible,2026-09-29
Marcos Navarro,Valencia,Desc,0,501311,501909,Disponible,2026-09-29
Mario Martín,Getafe,Desc,28,1915041,1966384,Disponible,2026-09-29
Mario Rivas,Real Madrid,Desc,0,700000,700000,Disponible,2026-09-29
Marko Dmitrovic,Espanyol,Desc,73,36529044,37004456,Disponible,2026-09-29
Maroan Sannadi,Athletic,Desc,6,449933,445915,Disponible,2026-09-29
Martim Neto,Elche,Desc,13,803469,814182,Disponible,2026-09-29
Martín Satriano,Getafe,Desc,44,18796013,18810092,Disponible,2026-09-29
Mathew Ryan,Levante,Desc,71,27361937,27692369,Disponible,2026-09-29
Matia Barzic,Elche,Desc,3,509961,508444,Disponible,2026-09-29
Matías Dituro,Elche,Desc,25,9732759,9759245,Disponible,2026-09-29
Matteo Prati,Racing,Desc,33,2100717,2157813,Disponible,2026-09-29
Mauro Echegoyen,Osasuna,Desc,0,480233,477478,Disponible,2026-09-29
Miguel Cubo,Atlético,Desc,0,481232,478518,Disponible,2026-09-29
Miguel Loureiro,Deportivo,Desc,30,1757011,1789552,Disponible,2026-09-29
Miguel Román,Celta,Desc,76,20532295,19744268,Disponible,2026-09-29
Miguel Sierra,Sevilla,Desc,82,11451824,10958778,Disponible,2026-09-29
Mikel Jauregizar,Athletic,Desc,35,10651068,10895947,Disponible,2026-09-29
Mikel Oyarzabal,Real Sociedad,Desc,52,45821164,46153346,Disponible,2026-09-29
Mikel Rodriguez,Alavés,Desc,39,1457782,1495758,Lesionado,2026-09-29
Moha Achraf,Getafe,Desc,0,970432,988102,Disponible,2026-09-29
Moi Gómez,Osasuna,Desc,37,2592418,2651254,Disponible,2026-09-29
Morten Hjulmand,Atlético,Desc,52,17118149,17516189,Disponible,2026-09-29
Mouctar Diakhaby,Valencia,Desc,12,2199762,2260977,Duda,2026-09-29
Nacho Pérez,Levante,Desc,47,1837248,1878633,Disponible,2026-09-29
Nahuel Tenaglia,Alavés,Desc,86,30749177,31131895,Disponible,2026-09-29
Natan,Betis,Desc,85,48213688,46736217,Disponible,2026-09-29
Nathan-Dylan Saliba,Villarreal,Desc,45,6266014,6301063,Disponible,2026-09-29
Nelson Deossa,Betis,Desc,63,7233462,6772264,Disponible,2026-09-29
Nemanja Gudelj,Getafe,Desc,14,5191050,5280304,Disponible,2026-09-29
Nico Guillén,Sevilla,Desc,14,1440652,1477914,Disponible,2026-09-29
Nico Serrano,Athletic,Desc,2,522253,521249,Disponible,2026-09-29
Nicolas Pépé,Villarreal,Desc,67,47400087,48413654,Disponible,2026-09-29
Nicolás Valentini,Alavés,Desc,25,715810,708301,Disponible,2026-09-29
Obed Vargas,Atlético,Desc,0,514736,513418,Disponible,2026-09-29
Odysseas Vlachodimos,Sevilla,Desc,63,32971892,32995259,Disponible,2026-09-29
Oihan Sancet,Athletic,Desc,65,36899190,37572410,Disponible,2026-09-29
Omar El Hilali,Espanyol,Desc,51,16565136,16235590,Disponible,2026-09-29
Orel Mangala,Getafe,Desc,43,9314479,9508231,Disponible,2026-09-29
Oriol Rey,Levante,Desc,42,2196168,2213684,Disponible,2026-09-29
Orri Steinn Óskarsson,Real Sociedad,Desc,17,5138117,5283004,Disponible,2026-09-29
Óscar López,Getafe,Desc,0,656909,661515,Disponible,2026-09-29
Óscar Valentín,Rayo,Desc,50,2778332,2827884,Disponible,2026-09-29
Pablo Barrios,Atlético,Desc,49,35394906,36114035,Duda,2026-09-29
Pablo Durán,Celta,Desc,36,975098,946201,Disponible,2026-09-29
Pablo Fornals,Betis,Desc,47,38504937,38867981,Disponible,2026-09-29
Pablo García,Racing,Desc,42,7671747,7757367,Disponible,2026-09-29
Pablo García,Deportivo,Desc,42,463623,468964,Disponible,2026-09-29
Pablo Gavi,Barcelona,Desc,4,11454364,11739790,Disponible,2026-09-29
Pablo Ibáñez,Alavés,Desc,67,14656794,14438383,Disponible,2026-09-29
Pablo Maffeo,Valencia,Desc,21,4897652,4989308,Disponible,2026-09-29
Pablo Marín,Real Sociedad,Desc,0,637932,641748,Disponible,2026-09-29
Pablo Martínez,Málaga,Desc,47,3762543,3842552,Disponible,2026-09-29
Pablo Ramón,Racing,Desc,49,1749234,1778031,Disponible,2026-09-29
Paco Cortés,Levante,Desc,7,511626,510179,Disponible,2026-09-29
Pape Gueye,Villarreal,Desc,87,33497726,33992471,Disponible,2026-09-29
Pau Cubarsí,Barcelona,Desc,37,57940991,58417428,Disponible,2026-09-29
Pau Navarro,Villarreal,Desc,12,3374721,3421470,Disponible,2026-09-29
Pedro Bigas,Elche,Desc,-7,1590534,1633435,Disponible,2026-09-29
Pedro Díaz,Rayo,Desc,45,964700,982086,Disponible,2026-09-29
Pedro Felipe,Racing,Desc,-8,853607,866409,Disponible,2026-09-29
Peio Canales,Athletic,Desc,29,5081142,5196072,Disponible,2026-09-29
Pepelu,Valencia,Desc,81,13713012,13430647,Disponible,2026-09-29
Peque,Sevilla,Desc,21,1726592,1773249,Disponible,2026-09-29
Pere Milla,Espanyol,Desc,4,3072727,3156967,Disponible,2026-09-29
Petar Ratkov,Levante,Desc,2,2060920,2121304,Disponible,2026-09-29
Pierre-Emerick Aubameyang,Deportivo,Desc,106,89770157,92328447,Lesionado,2026-09-29
Pol Lozano,Espanyol,Desc,4,833008,844952,Disponible,2026-09-29
Quilindschy Hartman,Espanyol,Desc,12,2508977,2577514,Disponible,2026-09-29
Rafa Rodríguez,Málaga,Desc,24,1829686,1879037,Disponible,2026-09-29
Rafel Bauzà,Espanyol,Desc,16,527271,526476,Disponible,2026-09-29
Ramón Enríquez,Málaga,Desc,5,512353,510936,Disponible,2026-09-29
Ramón Terrats,Getafe,Desc,84,12906305,12418935,Disponible,2026-09-29
Randy Nteka,Rayo,Desc,10,773493,782957,Disponible,2026-09-29
Raphinha,Barcelona,Desc,183,172554218,169996294,Disponible,2026-09-29
Raúl Asencio,Real Madrid,Desc,0,1505556,1524178,Disponible,2026-09-29
Raúl García,Osasuna,Desc,29,1282311,1304792,Disponible,2026-09-29
Raúl Jiménez,Valencia,Desc,0,1561503,0,Disponible,2026-09-29
Raul Moro,Osasuna,Desc,13,5773843,5945048,Lesionado,2026-09-29
Renato Veiga,Villarreal,Desc,29,26329175,25965846,Disponible,2026-09-29
Robbie Ure,Sevilla,Desc,18,8341967,8544582,Disponible,2026-09-29
Robert Navarro,Athletic,Desc,76,16045939,15299734,Disponible,2026-09-29
Robin Le Normand,Atlético,Desc,38,9694113,9824550,Disponible,2026-09-29
Rockson Yeboah,Osasuna,Desc,8,716893,723999,Disponible,2026-09-29
Rodrigo Gamón,Valencia,Desc,0,800000,800000,Disponible,2026-09-29
Rodrigo Mendoza,Atlético,Desc,23,777456,787085,Disponible,2026-09-29
Rodrigo Riquelme,Betis,Desc,66,17877583,18109109,Disponible,2026-09-29
Roger Hinojo,Espanyol,Desc,43,3804676,3892356,Disponible,2026-09-29
Romain Del Castillo,Osasuna,Desc,3,6730420,6929670,Disponible,2026-09-29
Roy Revivo,Elche,Desc,22,3612120,3622729,Disponible,2026-09-29
Rubén Gómez,Villarreal,Desc,0,470311,467142,Disponible,2026-09-29
Rubén Sánchez,Elche,Desc,10,452078,448150,Disponible,2026-09-29
Rubén Vargas,Sevilla,Desc,2,7044941,7246418,Duda,2026-09-29
Ryunosuke Sato,Valencia,Desc,20,5020916,5165341,Disponible,2026-09-29
Saba Sazonov,Getafe,Desc,12,640818,644754,Disponible,2026-09-29
Salvi Esquivel,Atlético,Desc,0,509567,508034,Disponible,2026-09-29
Samu Becerra,Rayo,Desc,0,531014,530375,Disponible,2026-09-29
Santi Comesaña,Villarreal,Desc,39,11537490,11873688,Duda,2026-09-29
Santiago Mouriño,Villarreal,Desc,20,12877686,13233807,Disponible,2026-09-29
Sebastián Boselli,Getafe,Desc,3,917771,933247,Disponible,2026-09-29
Sebastián Cáceres,Celta,Desc,24,4255838,4321821,Disponible,2026-09-29
Selu Diallo,Alavés,Desc,0,542258,542087,Disponible,2026-09-29
Sergio Camello,Rayo,Desc,113,39725505,37810416,Disponible,2026-09-29
Sergio Canales,Racing,Desc,67,23107636,23633669,Disponible,2026-09-29
Sergio Carreira,Celta,Desc,30,7218860,7318674,Disponible,2026-09-29
Sergio Gómez,Real Sociedad,Desc,44,15292361,15449057,Disponible,2026-09-29
Sergio Herrera,Osasuna,Desc,19,25312181,25913545,Disponible,2026-09-29
Sergio José Lozano,Rayo,Desc,0,488817,486419,Disponible,2026-09-29
Sergio Martínez,Real Madrid,Desc,28,1066183,1087842,Disponible,2026-09-29
Sergio Mestre,Real Madrid,Desc,0,677102,677860,Disponible,2026-09-29
Simon Eriksson,Racing,Desc,0,961650,978954,Duda,2026-09-29
Stole Dimitrievski,Valencia,Desc,68,20506685,20698381,Disponible,2026-09-29
Takefusa Kubo,Real Sociedad,Desc,23,15315429,15697940,Disponible,2026-09-29
Tani Oluwaseyi,Villarreal,Desc,8,949159,965942,Disponible,2026-09-29
Tete Morente,Elche,Desc,46,3838646,3736411,Disponible,2026-09-29
Theo Folgado,Real Sociedad,Desc,0,701836,702606,Disponible,2026-09-29
Thibaut Courtois,Real Madrid,Desc,59,55813327,56324991,Disponible,2026-09-29
Thomas Lemar,Elche,Desc,28,3978359,4006862,Disponible,2026-09-29
Toni Martinez,Alavés,Desc,31,14257919,14603780,Disponible,2026-09-29
Trent Alexander-Arnold,Real Madrid,Desc,37,17934221,18261636,Disponible,2026-09-29
Tyrhys Dolan,Espanyol,Desc,27,12698338,12994207,Disponible,2026-09-29
Umar Sadiq,Valencia,Desc,19,2245851,2309930,Lesionado,2026-09-29
Unai López,Rayo,Desc,84,18767954,18481901,Disponible,2026-09-29
Unai Marrero,Real Sociedad,Desc,23,689800,695777,Disponible,2026-09-29
Unai Santos,Osasuna,Desc,1,489428,487056,Disponible,2026-09-29
Unai Simón,Athletic,Desc,72,43849214,44376233,Disponible,2026-09-29
Valentín Gómez,Betis,Desc,43,2762554,2634097,Disponible,2026-09-29
Vanja Drkusic,Espanyol,Desc,11,1319534,1351750,Disponible,2026-09-29
Víctor Chust,Elche,Desc,14,3760816,3814574,Disponible,2026-09-29
Víctor García,Levante,Desc,3,771829,781224,Disponible,2026-09-29
Ville Koski,Alavés,Desc,71,23799316,22901864,Disponible,2026-09-29
Williot Swedberg,Celta,Desc,43,3531468,3605861,Disponible,2026-09-29
Wojciech Szczesny,Barcelona,Desc,-5,1116968,1139845,Disponible,2026-09-29
Xanet Oláiz,Alavés,Desc,2,476857,473961,Disponible,2026-09-29
Xavi Espart,Barcelona,Desc,79,43420182,43317787,Disponible,2026-09-29
Yangel Herrera,Real Sociedad,Desc,50,5109881,5142727,Disponible,2026-09-29
Yanis Musuayi,Levante,Desc,0,897344,911968,Disponible,2026-09-29
Yassir Zabiri,Racing,Desc,70,22910254,22196567,Disponible,2026-09-29
Yoel Lago,Celta,Desc,63,11874532,11332965,Disponible,2026-09-29
Youssouf Fofana,Sevilla,Desc,41,20902019,20269815,Disponible,2026-09-29
Zaid Romero,Getafe,Desc,55,32645841,31707755,Disponible,2026-09-29
Zakaria Eddahchouri,Deportivo,Desc,15,788719,798817,Duda,2026-09-29
Llorenç Serred,Espanyol,Desc,0,473196,469606,Disponible,2026-09-30
Aaron Ndive Mayol,Valencia,Desc,24,968251,944867,Disponible,2026-09-30
Abde Rebbach,Alavés,Desc,63,4889987,4928961,Disponible,2026-09-30
Abdel Abqar,Getafe,Desc,6,2595865,2671834,Duda,2026-09-30
Abdoulaye Faye,Celta,Desc,3,1328840,1360902,Disponible,2026-09-30
Abel Bretones,Osasuna,Desc,31,7733807,7912265,Disponible,2026-09-30
Abiel Osorio,Elche,Desc,23,660243,664447,Disponible,2026-09-30
Adam Aznou,Málaga,Desc,0,834071,845518,Disponible,2026-09-30
Adama Timera,Espanyol,Desc,0,491638,488817,Disponible,2026-09-30
Ademola Lookman,Atlético,Desc,37,37049692,37801808,Disponible,2026-09-30
Adrià Altimira,Deportivo,Desc,15,3203777,3288652,Disponible,2026-09-30
Adrià Pedrosa,Rayo,Desc,35,2906474,2865506,Disponible,2026-09-30
Adrián Molina,Rayo,Desc,0,506069,503849,Disponible,2026-09-30
Adrián Niño,Málaga,Desc,11,863474,876146,Disponible,2026-09-30
Aimar Blázquez,Valencia,Desc,3,581656,581656,Disponible,2026-09-30
Aimar Oroz,Osasuna,Desc,17,6083088,6225029,Disponible,2026-09-30
Aissa Mandi,Levante,Desc,48,9907347,10149066,Disponible,2026-09-30
Aitor Fraga,Real Sociedad,Desc,0,602234,602234,Disponible,2026-09-30
Aitor Mañas,Alavés,Desc,6,468986,465221,Disponible,2026-09-30
Aitor Paredes,Athletic,Desc,58,16788922,16450559,Disponible,2026-09-30
Alassane Diatta,Villarreal,Desc,0,471394,467729,Disponible,2026-09-30
Alberto Calatrava,Levante,Desc,0,547011,546497,Disponible,2026-09-30
Alberto Moleiro,Villarreal,Desc,97,57921188,55781680,Disponible,2026-09-30
Alberto Risco,Getafe,Desc,3,495222,492550,Disponible,2026-09-30
Aleix Febas,Celta,Desc,19,10390749,10645281,Disponible,2026-09-30
Alejandro Balde,Barcelona,Desc,5,8173166,8394511,Disponible,2026-09-30
Alejandro Catena,Osasuna,Desc,41,24614733,25193402,Disponible,2026-09-30
Alejandro Iturbe,Elche,Desc,0,516418,514629,Disponible,2026-09-30
Alejandro Panach,Valencia,Desc,0,492314,489521,Disponible,2026-09-30
Alejandro Rego,Athletic,Desc,0,1383211,1417538,Disponible,2026-09-30
Alemão,Rayo,Desc,12,1141906,1166179,Disponible,2026-09-30
Álex Baena,Atlético,Desc,105,78054873,76335133,Disponible,2026-09-30
Álex Berenguer,Athletic,Desc,55,9573466,9749842,Disponible,2026-09-30
Álex Calatrava,Espanyol,Desc,51,4615190,4724754,Disponible,2026-09-30
Alex Freeman,Villarreal,Desc,27,2117853,2030627,Disponible,2026-09-30
Álex Grimaldo,Atlético,Desc,76,59635218,57299128,Duda,2026-09-30
Alex Lebarbier,Real Sociedad,Desc,0,602234,602234,Disponible,2026-09-30
Alex Marchal,Real Sociedad,Desc,11,541293,540540,Disponible,2026-09-30
Alex Padilla,Athletic,Desc,0,646932,650581,Disponible,2026-09-30
Álex Pastor,Málaga,Desc,0,443489,438661,Disponible,2026-09-30
Álex Remiro,Real Sociedad,Desc,62,32416745,32912524,Disponible,2026-09-30
Alexis Ciria,Real Madrid,Desc,0,557704,557635,Disponible,2026-09-30
Alfonso Herrero,Málaga,Desc,69,20368252,20311805,Disponible,2026-09-30
Aliou Dieng,Valencia,Desc,28,1508079,1547609,Disponible,2026-09-30
Altay Bayindir,Celta,Desc,0,847115,859105,Disponible,2026-09-30
Álvaro Djaló,Athletic,Desc,2,549419,549005,Disponible,2026-09-30
Álvaro Fidalgo,Betis,Desc,3,931564,947073,Disponible,2026-09-30
Álvaro García,Rayo,Desc,71,14978832,15259486,Disponible,2026-09-30
Álvaro Mantilla,Racing,Desc,25,1236463,1264676,Disponible,2026-09-30
Álvaro Padilla,Elche,Desc,0,579105,579928,Disponible,2026-09-30
Álvaro Valles,Betis,Desc,127,67249432,66235570,Disponible,2026-09-30
Ander Barrenetxea,Real Sociedad,Desc,43,22919034,22547956,Disponible,2026-09-30
Ander Guevara,Alavés,Desc,17,562426,562554,Disponible,2026-09-30
Andoni Gorosabel,Espanyol,Desc,0,835290,846787,Disponible,2026-09-30
André Almeida,Racing,Desc,9,949390,965642,Disponible,2026-09-30
Andrei Ratiu,Rayo,Desc,43,18862542,19150458,Disponible,2026-09-30
Andrés Antañón,Celta,Desc,3,532148,531014,Duda,2026-09-30
Andrés Castrín,Sevilla,Desc,54,8953836,8686861,Disponible,2026-09-30
Andrés Céspedes,Málaga,Desc,0,401498,401498,Disponible,2026-09-30
Andrés García,Getafe,Desc,55,8042863,7970971,Disponible,2026-09-30
Andrés Martín,Racing,Desc,30,8561923,8796777,Lesionado,2026-09-30
Andrés Vallecillo,Racing,Desc,0,491298,488462,Disponible,2026-09-30
Andriy Lunin,Real Madrid,Desc,0,941680,957610,Disponible,2026-09-30
Ángel Fortuño,Espanyol,Desc,0,469263,465509,Disponible,2026-09-30
Ángel Ortiz,Betis,Desc,29,790250,799871,Disponible,2026-09-30
Ángel Pérez,Alavés,Desc,75,32003932,31404078,Disponible,2026-09-30
Angel Recio,Málaga,Desc,26,2714996,2683063,Disponible,2026-09-30
Angeliño,Deportivo,Desc,-1,5411522,5569883,Disponible,2026-09-30
Ante Budimir,Osasuna,Desc,94,64903167,64271521,Disponible,2026-09-30
Anthony Gordon,Barcelona,Desc,52,66529377,67427981,Disponible,2026-09-30
Antonio Blanco,Alavés,Desc,56,15663081,15985551,Disponible,2026-09-30
Antonio Rüdiger,Real Madrid,Desc,35,21874920,21416524,Disponible,2026-09-30
Antonio Sivera,Alavés,Desc,98,48041541,47581538,Disponible,2026-09-30
Antony,Betis,Desc,78,63576982,63136867,Disponible,2026-09-30
Arda Güler,Real Madrid,Desc,108,111011822,110258809,Disponible,2026-09-30
Arnau Comas,Deportivo,Desc,0,496159,493526,Disponible,2026-09-30
Arnau Ortiz,Atlético,Desc,15,745304,753052,Disponible,2026-09-30
Arnaut Danjuma,Valencia,Desc,37,5142961,5062409,Disponible,2026-09-30
Arouna Sangante,Sevilla,Desc,16,5693759,5839054,Disponible,2026-09-30
Arsen Zakharyan,Real Sociedad,Desc,3,551268,550931,Disponible,2026-09-30
Asier Bonel,Osasuna,Desc,0,592809,594203,Disponible,2026-09-30
Asier Osambela,Osasuna,Desc,31,470087,466368,Disponible,2026-09-30
Asier Villalibre,Racing,Desc,16,2673966,2748603,Disponible,2026-09-30
Augusto Batalla,Rayo,Desc,21,11634807,11970009,Lesionado,2026-09-30
Aurélien Tchouaméni,Real Madrid,Desc,25,19818443,19965648,Disponible,2026-09-30
Axel Tape,Levante,Desc,0,1305189,1336265,Disponible,2026-09-30
Aymeric Laporte,Athletic,Desc,47,49356474,48489603,Disponible,2026-09-30
Beñat Gerenabarrena,Athletic,Desc,45,3216090,3281347,Disponible,2026-09-30
Beñat Prados,Athletic,Desc,0,622609,625245,Disponible,2026-09-30
Beñat Turrientes,Real Sociedad,Desc,43,5382674,5515965,Disponible,2026-09-30
Bernardo Silva,Real Madrid,Desc,41,31692047,32227373,Disponible,2026-09-30
Bil Nsongo,Deportivo,Desc,33,7488935,7530147,Disponible,2026-09-30
Borja Iglesias,Celta,Desc,2,9588111,9795732,Disponible,2026-09-30
Borja Mayoral,Getafe,Desc,1,1023215,1042543,Disponible,2026-09-30
Boyomo,Osasuna,Desc,16,10055556,10342486,Disponible,2026-09-30
Brian Fariñas,Barcelona,Desc,0,567305,567636,Disponible,2026-09-30
Bright Ede,Deportivo,Desc,22,3102501,3162409,Disponible,2026-09-30
Buba Sangaré,Elche,Desc,23,2706044,2782233,Duda,2026-09-30
Carl Starfelt,Celta,Desc,29,7122520,7303138,Disponible,2026-09-30
Carles Aleñá,Alavés,Desc,24,2319023,2368530,Disponible,2026-09-30
Carlos Dotor,Málaga,Desc,69,5146221,5114061,Disponible,2026-09-30
Carlos Espí,Real Madrid,Desc,27,12929757,12980161,Disponible,2026-09-30
Carlos López,Málaga,Desc,0,444991,440226,Disponible,2026-09-30
Carlos Macià,Villarreal,Desc,13,570627,571097,Disponible,2026-09-30
Carlos Puga,Málaga,Desc,23,2636262,2702677,Disponible,2026-09-30
Carlos Romero,Villarreal,Desc,19,15836847,16255556,Disponible,2026-09-30
Carlos Soler,Real Sociedad,Desc,69,38635654,37607483,Disponible,2026-09-30
César Tárrega,Valencia,Desc,36,5820694,5990409,Duda,2026-09-30
Cheikh Thiam,Villarreal,Desc,0,547797,547316,Disponible,2026-09-30
Chidera Ejuke,Sevilla,Desc,24,4921751,5025183,Disponible,2026-09-30
Chupete,Málaga,Desc,34,18097289,18576474,Disponible,2026-09-30
Clemens Riedel,Espanyol,Desc,30,4974192,5057479,Disponible,2026-09-30
Coke Carrillo,Celta,Desc,0,1567556,0,Disponible,2026-09-30
Couhaib Driouech,Celta,Desc,11,1907826,1961668,Disponible,2026-09-30
Cristian Rivero,Valencia,Desc,0,461493,457415,Disponible,2026-09-30
Cristian Romero,Atlético,Desc,51,49296812,47943310,Disponible,2026-09-30
Dakonam Djené,Getafe,Desc,42,22449231,22044157,Disponible,2026-09-30
Dani Barcia,Deportivo,Desc,0,596099,597630,Disponible,2026-09-30
Dani Cárdenas,Rayo,Desc,13,996277,1014482,Disponible,2026-09-30
Dani Ceballos,Betis,Desc,17,14914039,15246979,Disponible,2026-09-30
Dani Lorenzo,Málaga,Desc,44,9665296,9742851,Disponible,2026-09-30
Dani Martínez,Atlético,Desc,12,503660,501339,Disponible,2026-09-30
Dani Olmo,Barcelona,Desc,63,46033945,46617292,Disponible,2026-09-30
Dani Requena,Levante,Desc,8,747175,755001,Disponible,2026-09-30
Daniel Raba,Valencia,Desc,2,646487,650118,Disponible,2026-09-30
David Hancko,Atlético,Desc,61,43937085,43458671,Disponible,2026-09-30
David Larrubia,Málaga,Desc,73,18898211,19337300,Disponible,2026-09-30
David Mella,Deportivo,Desc,13,1307430,1338600,Disponible,2026-09-30
David Otorbi,Valencia,Desc,37,594165,595615,Disponible,2026-09-30
David Soria,Getafe,Desc,86,40120092,39912140,Disponible,2026-09-30
Davinchi,Getafe,Desc,4,1051672,1072185,Disponible,2026-09-30
Dean Huijsen,Real Madrid,Desc,56,41836992,42922732,Disponible,2026-09-30
Denis Suárez,Alavés,Desc,46,2781535,2806546,Disponible,2026-09-30
Denzel Dumfries,Real Madrid,Desc,35,24891969,25381637,Disponible,2026-09-30
Diego Conde,Betis,Desc,0,962886,979700,Disponible,2026-09-30
Diego Ferrer,Getafe,Desc,0,496087,493451,Disponible,2026-09-30
Diego Rico,Osasuna,Desc,2,1547451,1588622,Disponible,2026-09-30
Diego Villares,Deportivo,Desc,25,944892,957621,Disponible,2026-09-30
Dimitri Foulquier,Valencia,Desc,0,760773,769166,Duda,2026-09-30
Dominik Livakovic,Barcelona,Desc,6,2866070,2836378,Disponible,2026-09-30
Eder Aller,Barcelona,Desc,0,702705,702705,Disponible,2026-09-30
Edu Altozano,Sevilla,Desc,0,479252,475914,Disponible,2026-09-30
Edu Expósito,Espanyol,Desc,83,28520185,28871129,Disponible,2026-09-30
Eduardo Camavinga,Real Madrid,Desc,27,6692787,6824613,Disponible,2026-09-30
Einar Galilea,Málaga,Desc,30,4742127,4834560,Disponible,2026-09-30
Emil Audero,Rayo,Desc,32,4842395,4885516,Disponible,2026-09-30
Endrick,Real Madrid,Desc,0,2546782,2601572,Disponible,2026-09-30
Eneko Jauregi,Málaga,Desc,4,594216,595669,Disponible,2026-09-30
Enes Ünal,Getafe,Desc,31,13006808,13273753,Disponible,2026-09-30
Eric Garcia,Barcelona,Desc,49,39053301,39893353,Disponible,2026-09-30
Ezequiel Ponce,Elche,Desc,10,735901,743257,Disponible,2026-09-30
Facundo Bernal,Betis,Desc,54,11748524,11932783,Disponible,2026-09-30
Facundo Buonanotte,Elche,Desc,35,2760347,2828411,Disponible,2026-09-30
Federico Redondo,Elche,Desc,55,1046385,1066678,Disponible,2026-09-30
Federico Valverde,Real Madrid,Desc,69,50181163,51436223,Lesionado,2026-09-30
Félix Correia,Sevilla,Desc,23,5084442,5127019,Disponible,2026-09-30
Ferran Jutglà,Celta,Desc,30,10445787,10383809,Disponible,2026-09-30
Filip Ugrinic,Valencia,Desc,76,2865223,2914418,Disponible,2026-09-30
Florian Lejeune,Rayo,Desc,41,16530681,16709556,Disponible,2026-09-30
Fran García,Betis,Desc,53,26388651,26731126,Disponible,2026-09-30
Fran González,Sevilla,Desc,0,494003,491280,Duda,2026-09-30
Gabriel Moscardo,Espanyol,Desc,21,2543014,2614104,Disponible,2026-09-30
Gabriel Suazo,Sevilla,Desc,62,7755309,7632273,Disponible,2026-09-30
Georges Mikautadze,Villarreal,Desc,63,44621553,45229488,Disponible,2026-09-30
Georgiy Tsitaishvili,Rayo,Desc,19,989109,1007015,Disponible,2026-09-30
Gerard Martín,Barcelona,Desc,65,41339698,42046629,Disponible,2026-09-30
Germán Parreño,Deportivo,Desc,0,477986,474596,Disponible,2026-09-30
Germán Valera,Elche,Desc,84,13488943,13474278,Disponible,2026-09-30
Giacomo Quagliata,Deportivo,Desc,38,4835565,4759704,Disponible,2026-09-30
Giorgi Guliashvili,Racing,Desc,2,709278,715525,Disponible,2026-09-30
Giorgi Kochorashvili,Sevilla,Desc,28,5176026,5278542,Disponible,2026-09-30
Giovani Lo Celso,Betis,Desc,4,10094225,10363245,Disponible,2026-09-30
Gnangoro Bouare,Rayo,Desc,28,724177,731045,Disponible,2026-09-30
Gonçalo Guedes,Real Sociedad,Desc,38,15532768,15624489,Disponible,2026-09-30
Gonzalo Villar,Elche,Desc,85,9183038,9280627,Disponible,2026-09-30
Gorka Carrera,Real Sociedad,Desc,0,511756,509773,Disponible,2026-09-30
Gorka Guruzeta,Athletic,Desc,5,5596224,5757465,Disponible,2026-09-30
Grady Diangana,Elche,Desc,0,570789,571265,Disponible,2026-09-30
Grégoire Swiderski,Alavés,Desc,0,479529,476203,Disponible,2026-09-30
Hamza Abdelkarim,Barcelona,Desc,2,2106279,2156477,Disponible,2026-09-30
Héctor Bellerín,Betis,Desc,56,19036117,18927988,Disponible,2026-09-30
Héctor Fort,Real Sociedad,Desc,3,2439258,2498444,Disponible,2026-09-30
Hugo Burcio,Celta,Desc,7,542406,541700,Disponible,2026-09-30
Hugo Duro,Valencia,Desc,21,4127639,4186417,Disponible,2026-09-30
Hugo González,Celta,Desc,56,3421110,3250200,Disponible,2026-09-30
Hugo Novoa,Alavés,Desc,0,530237,529024,Disponible,2026-09-30
Hugo Pérez,Racing,Desc,0,632073,635103,Disponible,2026-09-30
Hugo Rincón,Athletic,Desc,4,1084717,1106607,Disponible,2026-09-30
Hugo Sotelo,Levante,Desc,9,695933,701624,Duda,2026-09-30
Iago Aspas,Celta,Desc,21,4293119,4406689,Duda,2026-09-30
Ibai Aguirre,R. Sociedad B,Desc,0,602257,602257,Disponible,2026-09-30
Ibrahima Konaté,Real Madrid,Desc,12,30168192,31000838,Disponible,2026-09-30
Ifeanyi Ndukwe,Levante,Desc,6,1053255,1073834,Disponible,2026-09-30
Igor Galdin,Levante,Desc,0,491691,488872,Disponible,2026-09-30
Igor Zubeldia,Real Sociedad,Desc,36,8283976,8497804,Duda,2026-09-30
Iker Córdoba,Valencia,Desc,6,798710,808683,Disponible,2026-09-30
Iker Losada,Betis,Desc,0,843712,855560,Disponible,2026-09-30
Iker Luque,Racing,Desc,10,995611,1013788,Disponible,2026-09-30
Iker Monreal,Athletic,Desc,0,542406,541700,Disponible,2026-09-30
Iker Muñoz,Sevilla,Desc,41,479252,475914,Disponible,2026-09-30
Iker Muñoz,Osasuna,Desc,41,1658846,1688363,Disponible,2026-09-30
Iker Muñoz,Sevilla,Desc,0,479252,475914,Disponible,2026-09-30
Iker Muñoz,Osasuna,Desc,0,1658846,1688363,Disponible,2026-09-30
Ilaix Moriba,Celta,Desc,66,14293797,13639623,Disponible,2026-09-30
Ilias Akhomach,Villarreal,Desc,26,4482838,4214242,Disponible,2026-09-30
Iñigo Arguibide,Osasuna,Desc,25,2844258,2892618,Disponible,2026-09-30
Íñigo Sainz-Maza,Racing,Desc,12,502893,500541,Disponible,2026-09-30
Iñigo Vicente,Racing,Desc,80,28519722,28986901,Disponible,2026-09-30
Ionut Radu,Celta,Desc,82,46885667,46558874,Disponible,2026-09-30
Isaac Romero,Sevilla,Desc,24,4278295,4368092,Disponible,2026-09-30
Iván Alonso,Rayo,Desc,0,473181,469591,Disponible,2026-09-30
Iván Azón,Getafe,Desc,35,4493919,4449527,Disponible,2026-09-30
Iván Balliu,Rayo,Desc,0,567573,567915,Disponible,2026-09-30
Iván Martín,Racing,Desc,55,6070624,6187882,Disponible,2026-09-30
Iván Romero,Levante,Desc,54,6737680,6689008,Disponible,2026-09-30
Iván Villar,Celta,Desc,0,539083,538238,Disponible,2026-09-30
Izan Merino,Málaga,Desc,31,2774713,2844462,Disponible,2026-09-30
Jan Oblak,Atlético,Desc,59,51428655,50968331,Disponible,2026-09-30
Jaume Durá,Valencia,Desc,0,653007,656909,Disponible,2026-09-30
Javi Galán,Celta,Desc,23,5911224,6043554,Disponible,2026-09-30
Javi Guerra,Valencia,Desc,45,17918437,18172511,Disponible,2026-09-30
Javi Morcillo,Elche,Desc,47,759972,762140,Disponible,2026-09-30
Javi Navarro,Real Madrid,Desc,0,702622,702622,Disponible,2026-09-30
Javi Rodríguez,Celta,Desc,16,5792161,5953017,Disponible,2026-09-30
Javi Rueda,Celta,Desc,42,5288036,5321753,Disponible,2026-09-30
Javier Gil,Atlético,Desc,0,833597,845024,Disponible,2026-09-30
Javier Hernández,Espanyol,Desc,70,15455151,15747900,Disponible,2026-09-30
Jean Ives Valou,Getafe,Desc,-5,479252,475914,Disponible,2026-09-30
Jeanuël Belocian,Racing,Desc,6,2353730,2416060,Disponible,2026-09-30
Jens Cajuste,Málaga,Desc,2,3909442,4024732,Duda,2026-09-30
Jeremy Toljan,Levante,Desc,14,1519189,1548099,Disponible,2026-09-30
Jesús Areso,Athletic,Desc,47,3520486,3582296,Disponible,2026-09-30
Jesús Vázquez,Valencia,Desc,27,1274377,1303547,Disponible,2026-09-30
Jiri Letácek,Getafe,Desc,0,494316,491606,Disponible,2026-09-30
Joan Garcia,Barcelona,Desc,56,54924146,55955898,Duda,2026-09-30
Joao Cancelo,Barcelona,Desc,19,37324215,36685848,Disponible,2026-09-30
Job Ochieng,Real Sociedad,Desc,40,1507964,1469140,Disponible,2026-09-30
Johan Mojica,Getafe,Desc,84,15468252,15392952,Disponible,2026-09-30
Johnny Cardoso,Atlético,Desc,23,4366901,4220644,Disponible,2026-09-30
Jon Ander Olasagasti,Levante,Desc,73,7962006,8090403,Disponible,2026-09-30
Jon Aramburu,Real Sociedad,Desc,58,16863861,17158887,Disponible,2026-09-30
Jon Gorrotxategi,Real Sociedad,Desc,22,1970543,2017084,Disponible,2026-09-30
Jon Guridi,Sevilla,Desc,38,5807251,5901882,Disponible,2026-09-30
Jon Martín,Real Sociedad,Desc,23,19213557,19615053,Disponible,2026-09-30
Jon Moncayola,Osasuna,Desc,50,5825806,5949094,Disponible,2026-09-30
Jon Pacheco,Real Sociedad,Desc,3,1231678,1259692,Disponible,2026-09-30
Jonathan Asp Jensen,Deportivo,Desc,40,2929648,2994471,Disponible,2026-09-30
Jonathan David,Atlético,Desc,57,53312221,51312783,Disponible,2026-09-30
Jonathan Dubasin,Osasuna,Desc,22,4802983,4932442,Disponible,2026-09-30
Jones El-Abdellaoui,Celta,Desc,12,692560,698110,Lesionado,2026-09-30
Jordi Pesquer,Barcelona,Desc,0,600000,600000,Disponible,2026-09-30
Jorge Cabello,Levante,Desc,0,513898,512004,Disponible,2026-09-30
Jorge Castellanos,Racing,Desc,0,491638,488817,Disponible,2026-09-30
Jorge Castillo,Atlético,Desc,0,1000000,1000000,Disponible,2026-09-30
Jorge Cestero,Real Madrid,Desc,0,490505,487636,Disponible,2026-09-30
Jorge Domínguez,Atlético,Desc,2,1456954,1494354,Disponible,2026-09-30
Jorge Herrando,Osasuna,Desc,24,1054954,1075604,Lesionado,2026-09-30
Jorge Salinas,Racing,Desc,60,5543200,5650831,Disponible,2026-09-30
José Ángel Carmona,Sevilla,Desc,2,1397589,1432516,Disponible,2026-09-30
José Antonio Morante,Betis,Desc,0,893792,907727,Disponible,2026-09-30
José Gayà,Valencia,Desc,39,6748607,6831472,Disponible,2026-09-30
José María Giménez,Deportivo,Desc,28,15721649,15208899,Disponible,2026-09-30
José Salinas,Málaga,Desc,19,873033,881710,Disponible,2026-09-30
Joseph Otu,Málaga,Desc,0,582891,583872,Disponible,2026-09-30
Jozhua Vertrouwd,Rayo,Desc,-1,587875,589063,Duda,2026-09-30
Juan Berrocal,Málaga,Desc,12,652395,656272,Disponible,2026-09-30
Juan Carlos Arana,Racing,Desc,1,508570,506454,Disponible,2026-09-30
Juan Cruz,Málaga,Desc,31,5043015,5171125,Disponible,2026-09-30
Juan Foyth,Villarreal,Desc,28,9616943,9823254,Disponible,2026-09-30
Juan Iglesias,Sevilla,Desc,81,21465383,21014761,Disponible,2026-09-30
Juan Musso,Atlético,Desc,0,1475403,1513572,Disponible,2026-09-30
Juani,Málaga,Desc,0,833597,845024,Disponible,2026-09-30
Jude Bellingham,Real Madrid,Desc,130,119337905,118292744,Disponible,2026-09-30
Julen Agirrezabala,Racing,Desc,76,26424867,26180644,Disponible,2026-09-30
Julen Lobete,Málaga,Desc,0,506807,504618,Lesionado,2026-09-30
Jules Koundé,Barcelona,Desc,14,20566019,21028769,Disponible,2026-09-30
Julio Díaz,Sevilla,Desc,1,456952,452685,Disponible,2026-09-30
Karim Adeyemi,Barcelona,Desc,64,80656419,78862746,Disponible,2026-09-30
Karl Etta Eyong,Levante,Desc,10,8614238,8865319,Duda,2026-09-30
Kevin Sánchez,Deportivo,Desc,0,534259,533213,Disponible,2026-09-30
Kike Barja,Osasuna,Desc,32,1212666,1239887,Disponible,2026-09-30
Kike Ribes,Celta Fortuna,Desc,0,600000,600000,Disponible,2026-09-30
Kike Salas,Sevilla,Desc,49,11469231,11647386,Disponible,2026-09-30
Kiko Femenia,Getafe,Desc,2,1374231,1408184,Duda,2026-09-30
Kylian Mbappé,Real Madrid,Desc,147,152154876,153991909,Duda,2026-09-30
Lamine Yamal,Barcelona,Desc,157,176258457,174034633,Disponible,2026-09-30
Laro Gómez,Racing,Desc,0,602234,602234,Disponible,2026-09-30
Leandro Cabrera,Espanyol,Desc,31,9753873,9891546,Disponible,2026-09-30
Leo Román,Deportivo,Desc,56,34081967,34450687,Disponible,2026-09-30
Logan Costa,Villarreal,Desc,-2,591038,592358,Disponible,2026-09-30
Lorenzo Amatucci,Deportivo,Desc,66,14322678,14605731,Disponible,2026-09-30
Lucas Boyé,Alavés,Desc,77,34808703,34593053,Disponible,2026-09-30
Lucas Cepeda,Elche,Desc,42,1929663,1883467,Disponible,2026-09-30
Lucas Noubi,Deportivo,Desc,47,12499709,12805703,Disponible,2026-09-30
Lucas Stassin,Sevilla,Desc,27,12577206,12935566,Duda,2026-09-30
Lucas Torró,Osasuna,Desc,19,1087940,1109964,Disponible,2026-09-30
Lucien Agoume,Sevilla,Desc,81,14839487,14554983,Disponible,2026-09-30
Luis Rioja,Valencia,Desc,23,4245947,4336020,Disponible,2026-09-30
Luiz Junior,Villarreal,Desc,8,17829870,18320145,Disponible,2026-09-30
Luken Beitia,Real Sociedad,Desc,5,469248,465494,Disponible,2026-09-30
Manel Usedo,Levante,Desc,0,510095,508043,Disponible,2026-09-30
Manu Bueno,Sevilla,Desc,5,513107,511180,Disponible,2026-09-30
Manu González,Betis,Desc,0,581691,581691,Disponible,2026-09-30
Manu Hernando,Racing,Desc,22,1684077,1730941,Disponible,2026-09-30
Manu Sánchez,Levante,Desc,62,4165320,4260363,Disponible,2026-09-30
Manuel Ángel Castillo,Sevilla,Desc,0,900000,900000,Disponible,2026-09-30
Marash Kumbulla,Rayo,Desc,0,1448109,1485141,Disponible,2026-09-30
Marc Aguado,Elche,Desc,32,2819248,2894486,Disponible,2026-09-30
Marc Bartra,Betis,Desc,73,30025928,30868155,Disponible,2026-09-30
Marc Bernal,Barcelona,Desc,54,25662060,25991648,Disponible,2026-09-30
Marc Casadó,Deportivo,Desc,12,5377454,5527204,Lesionado,2026-09-30
Marc Cucurella,Real Madrid,Desc,36,44599515,45393201,Disponible,2026-09-30
Marc Roca,Betis,Desc,61,19323945,18968627,Disponible,2026-09-30
Marc Santos,Levante,Desc,3,528554,527271,Disponible,2026-09-30
Marcão,Sevilla,Desc,0,483627,480472,Disponible,2026-09-30
Marco Román,Rayo,Desc,0,510095,508043,Disponible,2026-09-30
Marcos Navarro,Valencia,Desc,0,501909,501909,Disponible,2026-09-30
Mario Martín,Getafe,Desc,28,1867194,1915041,Disponible,2026-09-30
Mario Rivas,Real Madrid,Desc,0,700000,700000,Disponible,2026-09-30
Marko Dmitrovic,Espanyol,Desc,73,36092655,36529044,Disponible,2026-09-30
Maroan Sannadi,Athletic,Desc,6,454310,449933,Disponible,2026-09-30
Martim Neto,Elche,Desc,13,793704,803469,Disponible,2026-09-30
Martín Satriano,Getafe,Desc,44,18712614,18796013,Disponible,2026-09-30
Mathew Ryan,Levante,Desc,71,27055089,27361937,Disponible,2026-09-30
Matia Barzic,Elche,Desc,3,511937,509961,Disponible,2026-09-30
Matías Dituro,Elche,Desc,25,9713003,9732759,Disponible,2026-09-30
Matteo Prati,Racing,Desc,33,2045962,2100717,Disponible,2026-09-30
Mauro Echegoyen,Osasuna,Desc,0,483398,480233,Disponible,2026-09-30
Miguel Cubo,Atlético,Desc,0,484357,481232,Disponible,2026-09-30
Miguel Loureiro,Deportivo,Desc,30,1726336,1757011,Disponible,2026-09-30
Miguel Román,Celta,Desc,76,21217771,20532295,Lesionado,2026-09-30
Miguel Sierra,Sevilla,Desc,82,11958222,11451824,Disponible,2026-09-30
Mikel Jauregizar,Athletic,Desc,35,10428064,10651068,Disponible,2026-09-30
Mikel Oyarzabal,Real Sociedad,Desc,52,45586087,45821164,Disponible,2026-09-30
Mikel Rodriguez,Alavés,Desc,39,1421845,1457782,Lesionado,2026-09-30
Moha Achraf,Getafe,Desc,0,953989,970432,Disponible,2026-09-30
Moi Gómez,Osasuna,Desc,37,2540868,2592418,Disponible,2026-09-30
Morten Hjulmand,Atlético,Desc,52,16751229,17118149,Disponible,2026-09-30
Mouctar Diakhaby,Valencia,Desc,12,2141278,2199762,Disponible,2026-09-30
Nacho Pérez,Levante,Desc,47,1797467,1837248,Disponible,2026-09-30
Nahuel Tenaglia,Alavés,Desc,86,30338484,30749177,Disponible,2026-09-30
Natan,Betis,Desc,85,49751075,48213688,Disponible,2026-09-30
Nathan-Dylan Saliba,Villarreal,Desc,45,6233659,6266014,Disponible,2026-09-30
Nelson Deossa,Betis,Desc,63,7700475,7233462,Disponible,2026-09-30
Nemanja Gudelj,Getafe,Desc,14,5108658,5191050,Disponible,2026-09-30
Nico Guillén,Sevilla,Desc,14,1405400,1440652,Disponible,2026-09-30
Nico Serrano,Athletic,Desc,2,523737,522253,Disponible,2026-09-30
Nicolas Pépé,Villarreal,Desc,67,46426622,47400087,Disponible,2026-09-30
Nicolás Valentini,Alavés,Desc,25,724472,715810,Disponible,2026-09-30
Obed Vargas,Atlético,Desc,0,516521,514736,Disponible,2026-09-30
Odysseas Vlachodimos,Sevilla,Desc,63,32941155,32971892,Disponible,2026-09-30
Oihan Sancet,Athletic,Desc,65,36282594,36899190,Disponible,2026-09-30
Omar El Hilali,Espanyol,Desc,51,16923344,16565136,Disponible,2026-09-30
Orel Mangala,Getafe,Desc,43,9118749,9314479,Disponible,2026-09-30
Oriol Rey,Levante,Desc,42,2183828,2196168,Disponible,2026-09-30
Orri Steinn Óskarsson,Real Sociedad,Desc,17,4996664,5138117,Disponible,2026-09-30
Óscar López,Getafe,Desc,0,653007,656909,Disponible,2026-09-30
Óscar Valentín,Rayo,Desc,50,2732798,2778332,Disponible,2026-09-30
Pablo Barrios,Atlético,Desc,49,34750729,35394906,Disponible,2026-09-30
Pablo Durán,Celta,Desc,36,1001856,975098,Disponible,2026-09-30
Pablo Fornals,Betis,Desc,47,38227429,38504937,Disponible,2026-09-30
Pablo García,Deportivo,Desc,42,468964,468964,Disponible,2026-09-30
Pablo García,Racing,Desc,42,7588447,7671747,Disponible,2026-09-30
Pablo Gavi,Barcelona,Desc,4,11175166,11454364,Disponible,2026-09-30
Pablo Ibáñez,Alavés,Desc,67,14879718,14656794,Disponible,2026-09-30
Pablo Maffeo,Valencia,Desc,21,4811425,4897652,Disponible,2026-09-30
Pablo Marín,Real Sociedad,Desc,0,634789,637932,Disponible,2026-09-30
Pablo Martínez,Málaga,Desc,47,3685980,3762543,Disponible,2026-09-30
Pablo Ramón,Racing,Desc,49,1721323,1749234,Disponible,2026-09-30
Paco Cortés,Levante,Desc,7,513535,511626,Disponible,2026-09-30
Pape Gueye,Villarreal,Desc,87,33030528,33497726,Disponible,2026-09-30
Pau Cubarsí,Barcelona,Desc,37,57440407,57940991,Disponible,2026-09-30
Pau Navarro,Villarreal,Desc,12,3327421,3374721,Disponible,2026-09-30
Pedro Bigas,Elche,Desc,-7,1549287,1590534,Disponible,2026-09-30
Pedro Díaz,Rayo,Desc,45,948486,964700,Disponible,2026-09-30
Pedro Felipe,Racing,Desc,-8,841837,853607,Disponible,2026-09-30
Peio Canales,Athletic,Desc,29,4978608,5081142,Disponible,2026-09-30
Pepelu,Valencia,Desc,81,13990786,13713012,Disponible,2026-09-30
Peque,Sevilla,Desc,21,1680111,1726592,Disponible,2026-09-30
Pere Milla,Espanyol,Desc,4,2995228,3072727,Disponible,2026-09-30
Petar Ratkov,Levante,Desc,2,2002481,2060920,Disponible,2026-09-30
Pierre-Emerick Aubameyang,Deportivo,Desc,106,87321257,89770157,Lesionado,2026-09-30
Pol Lozano,Espanyol,Desc,4,822062,833008,Disponible,2026-09-30
Quilindschy Hartman,Espanyol,Desc,12,2443918,2508977,Disponible,2026-09-30
Rafa Rodríguez,Málaga,Desc,24,1782359,1829686,Disponible,2026-09-30
Rafel Bauzà,Espanyol,Desc,16,528554,527271,Disponible,2026-09-30
Ramón Enríquez,Málaga,Desc,5,514233,512353,Disponible,2026-09-30
Ramón Terrats,Getafe,Desc,84,13385033,12906305,Disponible,2026-09-30
Randy Nteka,Rayo,Desc,10,764927,773493,Disponible,2026-09-30
Raphinha,Barcelona,Desc,183,174212368,172554218,Disponible,2026-09-30
Raúl Asencio,Real Madrid,Desc,0,1482282,1505556,Disponible,2026-09-30
Raúl García,Osasuna,Desc,29,1262044,1282311,Disponible,2026-09-30
Raúl Jiménez,Valencia,Desc,0,1561503,0,Disponible,2026-09-30
Raul Moro,Osasuna,Desc,13,5609742,5773843,Lesionado,2026-09-30
Renato Veiga,Villarreal,Desc,29,26779394,26329175,Disponible,2026-09-30
Robbie Ure,Sevilla,Desc,18,8159670,8341967,Disponible,2026-09-30
Robert Navarro,Athletic,Desc,76,16821171,16045939,Disponible,2026-09-30
Robin Le Normand,Atlético,Desc,38,9570541,9694113,Disponible,2026-09-30
Rockson Yeboah,Osasuna,Desc,8,710591,716893,Disponible,2026-09-30
Rodrigo Gamón,Valencia,Desc,0,800000,800000,Disponible,2026-09-30
Rodrigo Mendoza,Atlético,Desc,23,768732,777456,Disponible,2026-09-30
Rodrigo Riquelme,Betis,Desc,66,17663420,17877583,Disponible,2026-09-30
Roger Hinojo,Espanyol,Desc,43,3720088,3804676,Disponible,2026-09-30
Romain Del Castillo,Osasuna,Desc,3,6539041,6730420,Disponible,2026-09-30
Roy Revivo,Elche,Desc,22,3593867,3612120,Disponible,2026-09-30
Rubén Gómez,Villarreal,Desc,0,473873,470311,Disponible,2026-09-30
Rubén Sánchez,Elche,Desc,10,456369,452078,Disponible,2026-09-30
Rubén Vargas,Sevilla,Desc,2,6851426,7044941,Disponible,2026-09-30
Ryunosuke Sato,Valencia,Desc,20,4882851,5020916,Disponible,2026-09-30
Saba Sazonov,Getafe,Desc,12,637559,640818,Disponible,2026-09-30
Salvi Esquivel,Atlético,Desc,0,511558,509567,Disponible,2026-09-30
Samu Becerra,Rayo,Desc,0,532148,531014,Disponible,2026-09-30
Santi Comesaña,Villarreal,Desc,39,11211733,11537490,Duda,2026-09-30
Santiago Mouriño,Villarreal,Desc,20,12533033,12877686,Disponible,2026-09-30
Sebastián Boselli,Getafe,Desc,3,903434,917771,Disponible,2026-09-30
Sebastián Cáceres,Celta,Desc,24,4185430,4255838,Duda,2026-09-30
Selu Diallo,Alavés,Desc,0,542942,542258,Disponible,2026-09-30
Sergio Camello,Rayo,Desc,113,41630454,39725505,Disponible,2026-09-30
Sergio Canales,Racing,Desc,67,22592116,23107636,Disponible,2026-09-30
Sergio Carreira,Celta,Desc,30,7122243,7218860,Disponible,2026-09-30
Sergio Gómez,Real Sociedad,Desc,44,15130235,15292361,Disponible,2026-09-30
Sergio Herrera,Osasuna,Desc,19,24721054,25312181,Disponible,2026-09-30
Sergio José Lozano,Rayo,Desc,0,491638,488817,Disponible,2026-09-30
Sergio Martínez,Real Madrid,Desc,28,1045910,1066183,Disponible,2026-09-30
Sergio Mestre,Real Madrid,Desc,0,677860,677860,Disponible,2026-09-30
Simon Eriksson,Racing,Desc,0,945558,961650,Duda,2026-09-30
Stole Dimitrievski,Valencia,Desc,68,20342611,20506685,Disponible,2026-09-30
Takefusa Kubo,Real Sociedad,Desc,23,14952298,15315429,Disponible,2026-09-30
Tani Oluwaseyi,Villarreal,Desc,8,933567,949159,Disponible,2026-09-30
Tete Morente,Elche,Desc,46,3935695,3838646,Disponible,2026-09-30
Theo Folgado,Real Sociedad,Desc,0,702606,702606,Disponible,2026-09-30
Thibaut Courtois,Real Madrid,Desc,59,55349548,55813327,Disponible,2026-09-30
Thomas Lemar,Elche,Desc,28,3961254,3978359,Disponible,2026-09-30
Toni Martinez,Alavés,Desc,31,13926732,14257919,Disponible,2026-09-30
Trent Alexander-Arnold,Real Madrid,Desc,37,17594771,17934221,Disponible,2026-09-30
Tyrhys Dolan,Espanyol,Desc,27,12437078,12698338,Disponible,2026-09-30
Umar Sadiq,Valencia,Desc,19,2183611,2245851,Lesionado,2026-09-30
Unai López,Rayo,Desc,84,18949798,18767954,Disponible,2026-09-30
Unai Marrero,Real Sociedad,Desc,23,684582,689800,Disponible,2026-09-30
Unai Santos,Osasuna,Desc,1,492225,489428,Disponible,2026-09-30
Unai Simón,Athletic,Desc,72,43332778,43849214,Disponible,2026-09-30
Valentín Gómez,Betis,Desc,43,2895810,2762554,Disponible,2026-09-30
Vanja Drkusic,Espanyol,Desc,11,1289127,1319534,Disponible,2026-09-30
Víctor Chust,Elche,Desc,14,3709239,3760816,Disponible,2026-09-30
Víctor García,Levante,Desc,3,763330,771829,Disponible,2026-09-30
Ville Koski,Alavés,Desc,71,24772929,23799316,Disponible,2026-09-30
Williot Swedberg,Celta,Desc,43,3462169,3531468,Disponible,2026-09-30
Wojciech Szczesny,Barcelona,Desc,-5,1095214,1116968,Disponible,2026-09-30
Xanet Oláiz,Alavés,Desc,2,480157,476857,Disponible,2026-09-30
Xavi Espart,Barcelona,Desc,79,43283983,43420182,Disponible,2026-09-30
Yangel Herrera,Real Sociedad,Desc,50,5072370,5109881,Disponible,2026-09-30
Yanis Musuayi,Levante,Desc,0,883824,897344,Disponible,2026-09-30
Yassir Zabiri,Racing,Desc,70,23602186,22910254,Disponible,2026-09-30
Yoel Lago,Celta,Desc,63,12396660,11874532,Disponible,2026-09-30
Youssouf Fofana,Sevilla,Desc,41,21485668,20902019,Disponible,2026-09-30
Zaid Romero,Getafe,Desc,55,33506519,32645841,Disponible,2026-09-30
Zakaria Eddahchouri,Deportivo,Desc,15,779544,788719,Duda,2026-09-30
Llorenç Serred,Espanyol,Desc,0,477338,473196,Disponible,2026-10-01
Aaron Ndive Mayol,Valencia,Desc,24,990640,968251,Disponible,2026-10-01
Abde Rebbach,Alavés,Desc,63,4868408,4889987,Disponible,2026-10-01
Abdel Abqar,Getafe,Desc,6,2522894,2595865,Duda,2026-10-01
Abdoulaye Faye,Celta,Desc,3,1298757,1328840,Disponible,2026-10-01
Abel Bretones,Osasuna,Desc,31,7569855,7733807,Disponible,2026-10-01
Abiel Osorio,Elche,Desc,23,656904,660243,Disponible,2026-10-01
Adam Aznou,Málaga,Desc,0,823778,834071,Disponible,2026-10-01
Adama Timera,Espanyol,Desc,0,495043,491638,Disponible,2026-10-01
Ademola Lookman,Atlético,Desc,37,36360991,37049692,Disponible,2026-10-01
Adrià Altimira,Deportivo,Desc,15,3123141,3203777,Disponible,2026-10-01
Adrià Pedrosa,Rayo,Desc,35,2949902,2906474,Disponible,2026-10-01
Adrián Molina,Rayo,Desc,0,508896,506069,Disponible,2026-10-01
Adrián Niño,Málaga,Desc,11,852005,863474,Disponible,2026-10-01
Aimar Blázquez,Valencia,Desc,3,581656,581656,Disponible,2026-10-01
Aimar Oroz,Osasuna,Desc,17,5955416,6083088,Disponible,2026-10-01
Aissa Mandi,Levante,Desc,48,9681214,9907347,Disponible,2026-10-01
Aitor Fraga,Real Sociedad,Desc,0,602234,602234,Disponible,2026-10-01
Aitor Mañas,Alavés,Desc,6,473297,468986,Disponible,2026-10-01
Aitor Paredes,Athletic,Desc,58,17134210,16788922,Disponible,2026-10-01
Alassane Diatta,Villarreal,Desc,0,475608,471394,Disponible,2026-10-01
Alberto Calatrava,Levante,Desc,0,548201,547011,Disponible,2026-10-01
Alberto Moleiro,Villarreal,Desc,97,60146617,57921188,Disponible,2026-10-01
Alberto Risco,Getafe,Desc,3,498483,495222,Disponible,2026-10-01
Aleix Febas,Celta,Desc,19,10197407,10390749,Disponible,2026-10-01
Alejandro Balde,Barcelona,Desc,5,7959118,8173166,Disponible,2026-10-01
Alejandro Catena,Osasuna,Desc,41,24057446,24614733,Disponible,2026-10-01
Alejandro Iturbe,Elche,Desc,0,518832,516418,Disponible,2026-10-01
Alejandro Panach,Valencia,Desc,0,495692,492314,Disponible,2026-10-01
Alejandro Rego,Athletic,Desc,0,1350953,1383211,Disponible,2026-10-01
Alemão,Rayo,Desc,12,1119300,1141906,Disponible,2026-10-01
Álex Baena,Atlético,Desc,105,79663258,78054873,Disponible,2026-10-01
Álex Berenguer,Athletic,Desc,55,9402976,9573466,Disponible,2026-10-01
Álex Calatrava,Espanyol,Desc,51,4511384,4615190,Disponible,2026-10-01
Alex Freeman,Villarreal,Desc,27,2204339,2117853,Disponible,2026-10-01
Álex Grimaldo,Atlético,Desc,76,61475923,59635218,Duda,2026-10-01
Alex Lebarbier,Real Sociedad,Desc,0,602234,602234,Disponible,2026-10-01
Alex Marchal,Real Sociedad,Desc,11,542712,541293,Disponible,2026-10-01
Alex Padilla,Athletic,Desc,0,644125,646932,Disponible,2026-10-01
Álex Pastor,Málaga,Desc,0,448820,443489,Disponible,2026-10-01
Álex Remiro,Real Sociedad,Desc,62,31928140,32416745,Disponible,2026-10-01
Alexis Ciria,Real Madrid,Desc,0,558466,557704,Disponible,2026-10-01
Alfonso Herrero,Málaga,Desc,69,20460130,20368252,Disponible,2026-10-01
Aliou Dieng,Valencia,Desc,28,1470897,1508079,Disponible,2026-10-01
Altay Bayindir,Celta,Desc,0,836301,847115,Disponible,2026-10-01
Álvaro Djaló,Athletic,Desc,2,550512,549419,Disponible,2026-10-01
Álvaro Fidalgo,Betis,Desc,3,917372,931564,Disponible,2026-10-01
Álvaro García,Rayo,Desc,71,14721643,14978832,Disponible,2026-10-01
Álvaro Mantilla,Racing,Desc,25,1210075,1236463,Disponible,2026-10-01
Álvaro Padilla,Elche,Desc,0,579011,579105,Disponible,2026-10-01
Álvaro Valles,Betis,Desc,127,68071754,67249432,Disponible,2026-10-01
Ander Barrenetxea,Real Sociedad,Desc,43,23331426,22919034,Disponible,2026-10-01
Ander Guevara,Alavés,Desc,17,562999,562426,Disponible,2026-10-01
Andoni Gorosabel,Espanyol,Desc,0,824949,835290,Disponible,2026-10-01
André Almeida,Racing,Desc,9,934485,949390,Disponible,2026-10-01
Andrei Ratiu,Rayo,Desc,43,18587469,18862542,Disponible,2026-10-01
Andrés Antañón,Celta,Desc,3,533932,532148,Duda,2026-10-01
Andrés Castrín,Sevilla,Desc,54,9237445,8953836,Disponible,2026-10-01
Andrés Céspedes,Málaga,Desc,0,401498,401498,Disponible,2026-10-01
Andrés García,Getafe,Desc,55,8131158,8042863,Disponible,2026-10-01
Andrés Martín,Racing,Desc,30,8338535,8561923,Lesionado,2026-10-01
Andrés Vallecillo,Racing,Desc,0,494716,491298,Disponible,2026-10-01
Andriy Lunin,Real Madrid,Desc,0,927083,941680,Disponible,2026-10-01
Ángel Fortuño,Espanyol,Desc,0,473563,469263,Disponible,2026-10-01
Ángel Ortiz,Betis,Desc,29,781710,790250,Disponible,2026-10-01
Ángel Pérez,Alavés,Desc,75,32643533,32003932,Disponible,2026-10-01
Angel Recio,Málaga,Desc,26,2751413,2714996,Disponible,2026-10-01
Angeliño,Deportivo,Desc,-1,5262057,5411522,Disponible,2026-10-01
Ante Budimir,Osasuna,Desc,94,65633653,64903167,Disponible,2026-10-01
Anthony Gordon,Barcelona,Desc,52,65674864,66529377,Disponible,2026-10-01
Antonio Blanco,Alavés,Desc,56,15354099,15663081,Disponible,2026-10-01
Antonio Rüdiger,Real Madrid,Desc,35,22261207,21874920,Disponible,2026-10-01
Antonio Sivera,Alavés,Desc,98,48403682,48041541,Disponible,2026-10-01
Antony,Betis,Desc,78,63893536,63576982,Disponible,2026-10-01
Arda Güler,Real Madrid,Desc,108,111766939,111011822,Disponible,2026-10-01
Arnau Comas,Deportivo,Desc,0,499383,496159,Disponible,2026-10-01
Arnau Ortiz,Atlético,Desc,15,738562,745304,Disponible,2026-10-01
Arnaut Danjuma,Valencia,Desc,37,5217487,5142961,Disponible,2026-10-01
Arouna Sangante,Sevilla,Desc,16,5555530,5693759,Disponible,2026-10-01
Arsen Zakharyan,Real Sociedad,Desc,3,552288,551268,Disponible,2026-10-01
Asier Bonel,Osasuna,Desc,0,592167,592809,Disponible,2026-10-01
Asier Osambela,Osasuna,Desc,31,474354,470087,Disponible,2026-10-01
Asier Villalibre,Racing,Desc,16,2602998,2673966,Disponible,2026-10-01
Augusto Batalla,Rayo,Desc,21,11309791,11634807,Lesionado,2026-10-01
Aurélien Tchouaméni,Real Madrid,Desc,25,19735882,19818443,Disponible,2026-10-01
Axel Tape,Levante,Desc,0,1276052,1305189,Disponible,2026-10-01
Aymeric Laporte,Athletic,Desc,47,50193664,49356474,Disponible,2026-10-01
Beñat Gerenabarrena,Athletic,Desc,45,3157380,3216090,Disponible,2026-10-01
Beñat Prados,Athletic,Desc,0,620775,622609,Disponible,2026-10-01
Beñat Turrientes,Real Sociedad,Desc,43,5255155,5382674,Disponible,2026-10-01
Bernardo Silva,Real Madrid,Desc,41,31161817,31692047,Disponible,2026-10-01
Bil Nsongo,Deportivo,Desc,33,7444150,7488935,Disponible,2026-10-01
Borja Iglesias,Celta,Desc,2,9392080,9588111,Disponible,2026-10-01
Borja Mayoral,Getafe,Desc,1,1005357,1023215,Disponible,2026-10-01
Boyomo,Osasuna,Desc,16,9776073,10055556,Disponible,2026-10-01
Brian Fariñas,Barcelona,Desc,0,567683,567305,Disponible,2026-10-01
Bright Ede,Deportivo,Desc,22,3047568,3102501,Disponible,2026-10-01
Buba Sangaré,Elche,Desc,23,2631937,2706044,Duda,2026-10-01
Carl Starfelt,Celta,Desc,29,6945736,7122520,Disponible,2026-10-01
Carles Aleñá,Alavés,Desc,24,2270857,2319023,Disponible,2026-10-01
Carlos Dotor,Málaga,Desc,69,5172365,5146221,Disponible,2026-10-01
Carlos Espí,Real Madrid,Desc,27,12858274,12929757,Disponible,2026-10-01
Carlos López,Málaga,Desc,0,450262,444991,Disponible,2026-10-01
Carlos Macià,Villarreal,Desc,13,570872,570627,Disponible,2026-10-01
Carlos Puga,Málaga,Desc,23,2575017,2636262,Disponible,2026-10-01
Carlos Romero,Villarreal,Desc,19,15441573,15836847,Disponible,2026-10-01
Carlos Soler,Real Sociedad,Desc,69,39899639,38635654,Disponible,2026-10-01
César Tárrega,Valencia,Desc,36,5658947,5820694,Duda,2026-10-01
Cheikh Thiam,Villarreal,Desc,0,548955,547797,Disponible,2026-10-01
Chidera Ejuke,Sevilla,Desc,24,4817413,4921751,Disponible,2026-10-01
Chupete,Málaga,Desc,34,17650589,18097289,Disponible,2026-10-01
Clemens Riedel,Espanyol,Desc,30,4895464,4974192,Disponible,2026-10-01
Coke Carrillo,Celta,Desc,0,1567556,0,Disponible,2026-10-01
Couhaib Driouech,Celta,Desc,11,1857270,1907826,Disponible,2026-10-01
Cristian Rivero,Valencia,Desc,0,466104,461493,Disponible,2026-10-01
Cristian Romero,Atlético,Desc,51,50553709,49296812,Disponible,2026-10-01
Dakonam Djené,Getafe,Desc,42,22838574,22449231,Disponible,2026-10-01
Dani Barcia,Deportivo,Desc,0,595325,596099,Disponible,2026-10-01
Dani Cárdenas,Rayo,Desc,13,979496,996277,Disponible,2026-10-01
Dani Ceballos,Betis,Desc,17,14596423,14914039,Disponible,2026-10-01
Dani Lorenzo,Málaga,Desc,44,9576668,9665296,Disponible,2026-10-01
Dani Martínez,Atlético,Desc,12,506584,503660,Disponible,2026-10-01
Dani Olmo,Barcelona,Desc,63,45561139,46033945,Disponible,2026-10-01
Dani Requena,Levante,Desc,8,740358,747175,Disponible,2026-10-01
Daniel Raba,Valencia,Desc,2,643698,646487,Disponible,2026-10-01
David Hancko,Atlético,Desc,61,44427804,43937085,Disponible,2026-10-01
David Larrubia,Málaga,Desc,73,18477637,18898211,Disponible,2026-10-01
David Mella,Deportivo,Desc,13,1278203,1307430,Disponible,2026-10-01
David Otorbi,Valencia,Desc,37,593469,594165,Disponible,2026-10-01
David Soria,Getafe,Desc,86,40202377,40120092,Disponible,2026-10-01
Davinchi,Getafe,Desc,4,1032675,1051672,Disponible,2026-10-01
Dean Huijsen,Real Madrid,Desc,56,40808928,41836992,Disponible,2026-10-01
Denis Suárez,Alavés,Desc,46,2762066,2781535,Disponible,2026-10-01
Denzel Dumfries,Real Madrid,Desc,35,24400669,24891969,Disponible,2026-10-01
Diego Conde,Betis,Desc,0,947441,962886,Disponible,2026-10-01
Diego Ferrer,Getafe,Desc,0,499314,496087,Disponible,2026-10-01
Diego Rico,Osasuna,Desc,2,1508623,1547451,Disponible,2026-10-01
Diego Villares,Deportivo,Desc,25,932513,944892,Disponible,2026-10-01
Dimitri Foulquier,Valencia,Desc,0,753412,760773,Duda,2026-10-01
Dominik Livakovic,Barcelona,Desc,6,2894752,2866070,Disponible,2026-10-01
Eder Aller,Barcelona,Desc,0,702705,702705,Disponible,2026-10-01
Edu Altozano,Sevilla,Desc,0,483152,479252,Disponible,2026-10-01
Edu Expósito,Espanyol,Desc,83,28305362,28520185,Disponible,2026-10-01
Eduardo Camavinga,Real Madrid,Desc,27,6577149,6692787,Disponible,2026-10-01
Einar Galilea,Málaga,Desc,30,4655800,4742127,Disponible,2026-10-01
Emil Audero,Rayo,Desc,32,4808010,4842395,Disponible,2026-10-01
Endrick,Real Madrid,Desc,0,2494659,2546782,Disponible,2026-10-01
Eneko Jauregi,Málaga,Desc,4,593518,594216,Disponible,2026-10-01
Enes Ünal,Getafe,Desc,31,12747324,13006808,Disponible,2026-10-01
Eric Garcia,Barcelona,Desc,49,38394936,39053301,Disponible,2026-10-01
Ezequiel Ponce,Elche,Desc,10,729535,735901,Disponible,2026-10-01
Facundo Bernal,Betis,Desc,54,11580316,11748524,Disponible,2026-10-01
Facundo Buonanotte,Elche,Desc,35,2694790,2760347,Disponible,2026-10-01
Federico Redondo,Elche,Desc,55,1027600,1046385,Disponible,2026-10-01
Federico Valverde,Real Madrid,Desc,69,48982793,50181163,Lesionado,2026-10-01
Félix Correia,Sevilla,Desc,23,5043330,5084442,Disponible,2026-10-01
Ferran Jutglà,Celta,Desc,30,10504085,10445787,Disponible,2026-10-01
Filip Ugrinic,Valencia,Desc,76,2821105,2865223,Disponible,2026-10-01
Florian Lejeune,Rayo,Desc,41,16371630,16530681,Disponible,2026-10-01
Fran García,Betis,Desc,53,26076852,26388651,Disponible,2026-10-01
Fran González,Sevilla,Desc,0,497313,494003,Duda,2026-10-01
Gabriel Moscardo,Espanyol,Desc,21,2474933,2543014,Disponible,2026-10-01
Gabriel Suazo,Sevilla,Desc,62,7886149,7755309,Disponible,2026-10-01
Georges Mikautadze,Villarreal,Desc,63,44056295,44621553,Disponible,2026-10-01
Georgiy Tsitaishvili,Rayo,Desc,19,972615,989109,Disponible,2026-10-01
Gerard Martín,Barcelona,Desc,65,40663162,41339698,Disponible,2026-10-01
Germán Parreño,Deportivo,Desc,0,481937,477986,Disponible,2026-10-01
Germán Valera,Elche,Desc,84,13506322,13488943,Disponible,2026-10-01
Giacomo Quagliata,Deportivo,Desc,38,4901239,4835565,Disponible,2026-10-01
Giorgi Guliashvili,Racing,Desc,2,703977,709278,Disponible,2026-10-01
Giorgi Kochorashvili,Sevilla,Desc,28,5080641,5176026,Disponible,2026-10-01
Giovani Lo Celso,Betis,Desc,4,9836439,10094225,Disponible,2026-10-01
Gnangoro Bouare,Rayo,Desc,28,718280,724177,Disponible,2026-10-01
Gonçalo Guedes,Real Sociedad,Desc,38,15485387,15532768,Disponible,2026-10-01
Gonzalo Villar,Elche,Desc,85,9113383,9183038,Disponible,2026-10-01
Gorka Carrera,Real Sociedad,Desc,0,514356,511756,Disponible,2026-10-01
Gorka Guruzeta,Athletic,Desc,5,5443671,5596224,Disponible,2026-10-01
Grady Diangana,Elche,Desc,0,571028,570789,Disponible,2026-10-01
Grégoire Swiderski,Alavés,Desc,0,483418,479529,Disponible,2026-10-01
Hamza Abdelkarim,Barcelona,Desc,2,2060822,2106279,Disponible,2026-10-01
Héctor Bellerín,Betis,Desc,56,19122188,19036117,Disponible,2026-10-01
Héctor Fort,Real Sociedad,Desc,3,2381754,2439258,Disponible,2026-10-01
Hugo Burcio,Celta,Desc,7,543780,542406,Disponible,2026-10-01
Hugo Duro,Valencia,Desc,21,4080720,4127639,Disponible,2026-10-01
Hugo González,Celta,Desc,56,3605005,3421110,Disponible,2026-10-01
Hugo Novoa,Alavés,Desc,0,532098,530237,Disponible,2026-10-01
Hugo Pérez,Racing,Desc,0,629860,632073,Disponible,2026-10-01
Hugo Rincón,Athletic,Desc,4,1064399,1084717,Disponible,2026-10-01
Hugo Sotelo,Levante,Desc,9,691166,695933,Duda,2026-10-01
Iago Aspas,Celta,Desc,21,4182048,4293119,Duda,2026-10-01
Ibai Aguirre,R. Sociedad B,Desc,0,602257,602257,Disponible,2026-10-01
Ibrahima Konaté,Real Madrid,Desc,12,29372659,30168192,Disponible,2026-10-01
Ifeanyi Ndukwe,Levante,Desc,6,1034195,1053255,Disponible,2026-10-01
Igor Galdin,Levante,Desc,0,495094,491691,Disponible,2026-10-01
Igor Zubeldia,Real Sociedad,Desc,36,8076478,8283976,Duda,2026-10-01
Iker Córdoba,Valencia,Desc,6,789832,798710,Disponible,2026-10-01
Iker Losada,Betis,Desc,0,833034,843712,Disponible,2026-10-01
Iker Luque,Racing,Desc,10,978857,995611,Disponible,2026-10-01
Iker Monreal,Athletic,Desc,0,543780,542406,Disponible,2026-10-01
Iker Muñoz,Sevilla,Desc,41,483152,479252,Disponible,2026-10-01
Iker Muñoz,Osasuna,Desc,41,1632143,1658846,Disponible,2026-10-01
Iker Muñoz,Sevilla,Desc,0,483152,479252,Disponible,2026-10-01
Iker Muñoz,Osasuna,Desc,0,1632143,1658846,Disponible,2026-10-01
Ilaix Moriba,Celta,Desc,66,14966337,14293797,Disponible,2026-10-01
Ilias Akhomach,Villarreal,Desc,26,4716341,4482838,Disponible,2026-10-01
Iñigo Arguibide,Osasuna,Desc,25,2798921,2844258,Disponible,2026-10-01
Íñigo Sainz-Maza,Racing,Desc,12,505848,502893,Disponible,2026-10-01
Iñigo Vicente,Racing,Desc,80,28113982,28519722,Disponible,2026-10-01
Ionut Radu,Celta,Desc,82,47106198,46885667,Disponible,2026-10-01
Isaac Romero,Sevilla,Desc,24,4184896,4278295,Disponible,2026-10-01
Iván Alonso,Rayo,Desc,0,477324,473181,Disponible,2026-10-01
Iván Azón,Getafe,Desc,35,4530153,4493919,Disponible,2026-10-01
Iván Balliu,Rayo,Desc,0,567940,567573,Disponible,2026-10-01
Iván Martín,Racing,Desc,55,5966482,6070624,Disponible,2026-10-01
Iván Romero,Levante,Desc,54,6789283,6737680,Disponible,2026-10-01
Iván Villar,Celta,Desc,0,540590,539083,Disponible,2026-10-01
Izan Merino,Málaga,Desc,31,2709738,2774713,Disponible,2026-10-01
Jan Oblak,Atlético,Desc,59,51644650,51428655,Disponible,2026-10-01
Jaume Durá,Valencia,Desc,0,649957,653007,Disponible,2026-10-01
Javi Galán,Celta,Desc,23,5779643,5911224,Disponible,2026-10-01
Javi Guerra,Valencia,Desc,45,17703877,17918437,Disponible,2026-10-01
Javi Morcillo,Elche,Desc,47,756771,759972,Disponible,2026-10-01
Javi Navarro,Real Madrid,Desc,0,702622,702622,Disponible,2026-10-01
Javi Rodríguez,Celta,Desc,16,5636846,5792161,Disponible,2026-10-01
Javi Rueda,Celta,Desc,42,5252138,5288036,Disponible,2026-10-01
Javier Gil,Atlético,Desc,0,823323,833597,Disponible,2026-10-01
Javier Hernández,Espanyol,Desc,70,15201149,15455151,Disponible,2026-10-01
Jean Ives Valou,Getafe,Desc,-5,483152,479252,Disponible,2026-10-01
Jeanuël Belocian,Racing,Desc,6,2294168,2353730,Disponible,2026-10-01
Jens Cajuste,Málaga,Desc,2,3799169,3909442,Duda,2026-10-01
Jeremy Toljan,Levante,Desc,14,1492863,1519189,Disponible,2026-10-01
Jesús Areso,Athletic,Desc,47,3464404,3520486,Disponible,2026-10-01
Jesús Vázquez,Valencia,Desc,27,1246472,1274377,Disponible,2026-10-01
Jiri Letácek,Getafe,Desc,0,497614,494316,Disponible,2026-10-01
Joan Garcia,Barcelona,Desc,56,54034831,54924146,Duda,2026-10-01
Joao Cancelo,Barcelona,Desc,19,37935259,37324215,Disponible,2026-10-01
Job Ochieng,Real Sociedad,Desc,40,1542113,1507964,Disponible,2026-10-01
Johan Mojica,Getafe,Desc,84,15485012,15468252,Disponible,2026-10-01
Johnny Cardoso,Atlético,Desc,23,4502479,4366901,Disponible,2026-10-01
Jon Ander Olasagasti,Levante,Desc,73,7836956,7962006,Disponible,2026-10-01
Jon Aramburu,Real Sociedad,Desc,58,16593211,16863861,Disponible,2026-10-01
Jon Gorrotxategi,Real Sociedad,Desc,22,1928724,1970543,Disponible,2026-10-01
Jon Guridi,Sevilla,Desc,38,5717859,5807251,Disponible,2026-10-01
Jon Martín,Real Sociedad,Desc,23,18881159,19213557,Disponible,2026-10-01
Jon Moncayola,Osasuna,Desc,50,5713917,5825806,Disponible,2026-10-01
Jon Pacheco,Real Sociedad,Desc,3,1205481,1231678,Disponible,2026-10-01
Jonathan Asp Jensen,Deportivo,Desc,40,2871096,2929648,Disponible,2026-10-01
Jonathan David,Atlético,Desc,57,55162953,53312221,Disponible,2026-10-01
Jonathan Dubasin,Osasuna,Desc,22,4677824,4802983,Disponible,2026-10-01
Jones El-Abdellaoui,Celta,Desc,12,687928,692560,Lesionado,2026-10-01
Jordi Pesquer,Barcelona,Desc,0,600000,600000,Disponible,2026-10-01
Jorge Cabello,Levante,Desc,0,516412,513898,Disponible,2026-10-01
Jorge Castellanos,Racing,Desc,0,495043,491638,Disponible,2026-10-01
Jorge Castillo,Atlético,Desc,0,1000000,1000000,Disponible,2026-10-01
Jorge Cestero,Real Madrid,Desc,0,493955,490505,Disponible,2026-10-01
Jorge Domínguez,Atlético,Desc,2,1421746,1456954,Disponible,2026-10-01
Jorge Herrando,Osasuna,Desc,24,1035826,1054954,Lesionado,2026-10-01
Jorge Salinas,Racing,Desc,60,5441380,5543200,Disponible,2026-10-01
José Ángel Carmona,Sevilla,Desc,2,1364756,1397589,Disponible,2026-10-01
José Antonio Morante,Betis,Desc,0,881111,893792,Disponible,2026-10-01
José Gayà,Valencia,Desc,39,6667949,6748607,Disponible,2026-10-01
José María Giménez,Deportivo,Desc,28,16213842,15721649,Disponible,2026-10-01
José Salinas,Málaga,Desc,19,865546,873033,Disponible,2026-10-01
Joseph Otu,Málaga,Desc,0,582646,582891,Disponible,2026-10-01
Jozhua Vertrouwd,Rayo,Desc,-1,587430,587875,Duda,2026-10-01
Juan Berrocal,Málaga,Desc,12,649369,652395,Disponible,2026-10-01
Juan Carlos Arana,Racing,Desc,1,511297,508570,Disponible,2026-10-01
Juan Cruz,Málaga,Desc,31,4916530,5043015,Disponible,2026-10-01
Juan Foyth,Villarreal,Desc,28,9424001,9616943,Disponible,2026-10-01
Juan Iglesias,Sevilla,Desc,81,21865260,21465383,Disponible,2026-10-01
Juan Musso,Atlético,Desc,0,1440542,1475403,Disponible,2026-10-01
Juani,Málaga,Desc,0,823323,833597,Disponible,2026-10-01
Jude Bellingham,Real Madrid,Desc,130,120893765,119337905,Disponible,2026-10-01
Julen Agirrezabala,Racing,Desc,76,26688369,26424867,Disponible,2026-10-01
Julen Lobete,Málaga,Desc,0,509605,506807,Lesionado,2026-10-01
Jules Koundé,Barcelona,Desc,14,20104519,20566019,Disponible,2026-10-01
Julio Díaz,Sevilla,Desc,1,461744,456952,Disponible,2026-10-01
Karim Adeyemi,Barcelona,Desc,64,82388048,80656419,Disponible,2026-10-01
Karl Etta Eyong,Levante,Desc,10,8377599,8614238,Duda,2026-10-01
Kevin Sánchez,Deportivo,Desc,0,535959,534259,Disponible,2026-10-01
Kike Barja,Osasuna,Desc,32,1187230,1212666,Disponible,2026-10-01
Kike Ribes,Celta Fortuna,Desc,0,600000,600000,Disponible,2026-10-01
Kike Salas,Sevilla,Desc,49,11455968,11469231,Disponible,2026-10-01
Kiko Femenia,Getafe,Desc,2,1342332,1374231,Duda,2026-10-01
Kylian Mbappé,Real Madrid,Desc,147,150570261,152154876,Duda,2026-10-01
Lamine Yamal,Barcelona,Desc,157,178690909,176258457,Disponible,2026-10-01
Laro Gómez,Racing,Desc,0,602234,602234,Disponible,2026-10-01
Leandro Cabrera,Espanyol,Desc,31,9646873,9753873,Disponible,2026-10-01
Leo Román,Deportivo,Desc,56,33739131,34081967,Disponible,2026-10-01
Logan Costa,Villarreal,Desc,-2,590467,591038,Disponible,2026-10-01
Lorenzo Amatucci,Deportivo,Desc,66,14061567,14322678,Disponible,2026-10-01
Lucas Boyé,Alavés,Desc,77,34974757,34808703,Disponible,2026-10-01
Lucas Cepeda,Elche,Desc,42,1983888,1929663,Disponible,2026-10-01
Lucas Noubi,Deportivo,Desc,47,12207193,12499709,Disponible,2026-10-01
Lucas Stassin,Sevilla,Desc,27,12235175,12577206,Duda,2026-10-01
Lucas Torró,Osasuna,Desc,19,1067493,1087940,Disponible,2026-10-01
Lucien Agoume,Sevilla,Desc,81,15128733,14839487,Disponible,2026-10-01
Luis Rioja,Valencia,Desc,23,4157327,4245947,Duda,2026-10-01
Luiz Junior,Villarreal,Desc,8,17357177,17829870,Disponible,2026-10-01
Luken Beitia,Real Sociedad,Desc,5,473548,469248,Disponible,2026-10-01
Manel Usedo,Levante,Desc,0,512761,510095,Disponible,2026-10-01
Manu Bueno,Sevilla,Desc,5,515653,513107,Disponible,2026-10-01
Manu González,Betis,Desc,0,581691,581691,Disponible,2026-10-01
Manu Hernando,Racing,Desc,22,1639784,1684077,Disponible,2026-10-01
Manu Sánchez,Levante,Desc,62,4072292,4165320,Disponible,2026-10-01
Manuel Ángel Castillo,Sevilla,Desc,0,900000,900000,Disponible,2026-10-01
Marash Kumbulla,Rayo,Desc,0,1413255,1448109,Disponible,2026-10-01
Marc Aguado,Elche,Desc,32,2745696,2819248,Disponible,2026-10-01
Marc Bartra,Betis,Desc,73,29211252,30025928,Disponible,2026-10-01
Marc Bernal,Barcelona,Desc,54,25330784,25662060,Disponible,2026-10-01
Marc Casadó,Deportivo,Desc,12,5233916,5377454,Lesionado,2026-10-01
Marc Cucurella,Real Madrid,Desc,36,43833801,44599515,Disponible,2026-10-01
Marc Roca,Betis,Desc,61,19694954,19323945,Disponible,2026-10-01
Marc Santos,Levante,Desc,3,530482,528554,Disponible,2026-10-01
Marcão,Sevilla,Desc,0,487352,483627,Disponible,2026-10-01
Marco Román,Rayo,Desc,0,512761,510095,Disponible,2026-10-01
Marcos Navarro,Valencia,Desc,0,501909,501909,Disponible,2026-10-01
Mario Martín,Getafe,Desc,28,1821140,1867194,Disponible,2026-10-01
Mario Rivas,Real Madrid,Desc,0,700000,700000,Disponible,2026-10-01
Marko Dmitrovic,Espanyol,Desc,73,35693989,36092655,Disponible,2026-10-01
Maroan Sannadi,Athletic,Desc,6,459208,454310,Disponible,2026-10-01
Martim Neto,Elche,Desc,13,785026,793704,Disponible,2026-10-01
Martín Satriano,Getafe,Desc,44,18621249,18712614,Disponible,2026-10-01
Mathew Ryan,Levante,Desc,71,26727514,27055089,Disponible,2026-10-01
Matia Barzic,Elche,Desc,3,514530,511937,Disponible,2026-10-01
Matías Dituro,Elche,Desc,25,9664073,9713003,Disponible,2026-10-01
Matteo Prati,Racing,Desc,33,1994138,2045962,Disponible,2026-10-01
Mauro Echegoyen,Osasuna,Desc,0,487132,483398,Disponible,2026-10-01
Miguel Cubo,Atlético,Desc,0,488053,484357,Disponible,2026-10-01
Miguel Loureiro,Deportivo,Desc,30,1695837,1726336,Disponible,2026-10-01
Miguel Román,Celta,Desc,76,21011043,21217771,Lesionado,2026-10-01
Miguel Sierra,Sevilla,Desc,82,12393464,11958222,Disponible,2026-10-01
Mikel Jauregizar,Athletic,Desc,35,10205564,10428064,Disponible,2026-10-01
Mikel Oyarzabal,Real Sociedad,Desc,52,45337428,45586087,Disponible,2026-10-01
Mikel Rodriguez,Alavés,Desc,39,1388041,1421845,Lesionado,2026-10-01
Moha Achraf,Getafe,Desc,0,938900,953989,Disponible,2026-10-01
Moi Gómez,Osasuna,Desc,37,2508579,2540868,Disponible,2026-10-01
Morten Hjulmand,Atlético,Desc,52,16382801,16751229,Disponible,2026-10-01
Mouctar Diakhaby,Valencia,Desc,12,2084768,2141278,Disponible,2026-10-01
Nacho Pérez,Levante,Desc,47,1759081,1797467,Disponible,2026-10-01
Nahuel Tenaglia,Alavés,Desc,86,29962870,30338484,Disponible,2026-10-01
Natan,Betis,Desc,85,51161714,49751075,Disponible,2026-10-01
Nathan-Dylan Saliba,Villarreal,Desc,45,6212026,6233659,Disponible,2026-10-01
Nelson Deossa,Betis,Desc,63,8211588,7700475,Disponible,2026-10-01
Nemanja Gudelj,Getafe,Desc,14,5035345,5108658,Disponible,2026-10-01
Nico Guillén,Sevilla,Desc,14,1372254,1405400,Disponible,2026-10-01
Nico Serrano,Athletic,Desc,2,525858,523737,Disponible,2026-10-01
Nicolas Pépé,Villarreal,Desc,67,45494507,46426622,Disponible,2026-10-01
Nicolás Valentini,Alavés,Desc,25,731203,724472,Disponible,2026-10-01
Obed Vargas,Atlético,Desc,0,518930,516521,Disponible,2026-10-01
Odysseas Vlachodimos,Sevilla,Desc,63,32785711,32941155,Disponible,2026-10-01
Oihan Sancet,Athletic,Desc,65,35706475,36282594,Disponible,2026-10-01
Omar El Hilali,Espanyol,Desc,51,17286728,16923344,Disponible,2026-10-01
Orel Mangala,Getafe,Desc,43,8942882,9118749,Disponible,2026-10-01
Oriol Rey,Levante,Desc,42,2167690,2183828,Disponible,2026-10-01
Orri Steinn Óskarsson,Real Sociedad,Desc,17,4861095,4996664,Disponible,2026-10-01
Óscar López,Getafe,Desc,0,649957,653007,Disponible,2026-10-01
Óscar Valentín,Rayo,Desc,50,2691138,2732798,Disponible,2026-10-01
Pablo Barrios,Atlético,Desc,49,34221395,34750729,Disponible,2026-10-01
Pablo Durán,Celta,Desc,36,1030943,1001856,Disponible,2026-10-01
Pablo Fornals,Betis,Desc,47,38000222,38227429,Disponible,2026-10-01
Pablo García,Deportivo,Desc,42,468964,468964,Disponible,2026-10-01
Pablo García,Racing,Desc,42,7504545,7588447,Disponible,2026-10-01
Pablo Gavi,Barcelona,Desc,4,10915342,11175166,Disponible,2026-10-01
Pablo Ibáñez,Alavés,Desc,67,15105350,14879718,Disponible,2026-10-01
Pablo Maffeo,Valencia,Desc,21,4735212,4811425,Disponible,2026-10-01
Pablo Marín,Real Sociedad,Desc,0,632468,634789,Disponible,2026-10-01
Pablo Martínez,Málaga,Desc,47,3614117,3685980,Disponible,2026-10-01
Pablo Ramón,Racing,Desc,49,1697023,1721323,Disponible,2026-10-01
Paco Cortés,Levante,Desc,7,516064,513535,Disponible,2026-10-01
Pape Gueye,Villarreal,Desc,87,32581996,33030528,Disponible,2026-10-01
Pau Cubarsí,Barcelona,Desc,37,57013763,57440407,Disponible,2026-10-01
Pau Navarro,Villarreal,Desc,12,3288548,3327421,Disponible,2026-10-01
Pedro Bigas,Elche,Desc,-7,1510386,1549287,Disponible,2026-10-01
Pedro Díaz,Rayo,Desc,45,935700,948486,Disponible,2026-10-01
Pedro Felipe,Racing,Desc,-8,831234,841837,Disponible,2026-10-01
Peio Canales,Athletic,Desc,29,4877754,4978608,Disponible,2026-10-01
Pepelu,Valencia,Desc,81,14315459,13990786,Disponible,2026-10-01
Peque,Sevilla,Desc,21,1636514,1680111,Disponible,2026-10-01
Pere Milla,Espanyol,Desc,4,2916933,2995228,Disponible,2026-10-01
Petar Ratkov,Levante,Desc,2,1946967,2002481,Disponible,2026-10-01
Pierre-Emerick Aubameyang,Deportivo,Desc,106,84965119,87321257,Lesionado,2026-10-01
Pol Lozano,Espanyol,Desc,4,812250,822062,Disponible,2026-10-01
Quilindschy Hartman,Espanyol,Desc,12,2383492,2443918,Disponible,2026-10-01
Rafa Rodríguez,Málaga,Desc,24,1737359,1782359,Disponible,2026-10-01
Rafel Bauzà,Espanyol,Desc,16,530482,528554,Disponible,2026-10-01
Ramón Enríquez,Málaga,Desc,5,516734,514233,Disponible,2026-10-01
Ramón Terrats,Getafe,Desc,84,13875127,13385033,Disponible,2026-10-01
Randy Nteka,Rayo,Desc,10,757400,764927,Disponible,2026-10-01
Raphinha,Barcelona,Desc,183,174165821,174212368,Duda,2026-10-01
Raúl Asencio,Real Madrid,Desc,0,1449343,1482282,Lesionado,2026-10-01
Raúl García,Osasuna,Desc,29,1241212,1262044,Disponible,2026-10-01
Raúl Jiménez,Valencia,Desc,0,1561503,0,Disponible,2026-10-01
Raul Moro,Osasuna,Desc,13,5451998,5609742,Lesionado,2026-10-01
Renato Veiga,Villarreal,Desc,29,27183662,26779394,Disponible,2026-10-01
Robbie Ure,Sevilla,Desc,18,7972546,8159670,Disponible,2026-10-01
Robert Navarro,Athletic,Desc,76,17585414,16821171,Disponible,2026-10-01
Robin Le Normand,Atlético,Desc,38,9439217,9570541,Disponible,2026-10-01
Rockson Yeboah,Osasuna,Desc,8,705238,710591,Disponible,2026-10-01
Rodrigo Gamón,Valencia,Desc,0,800000,800000,Disponible,2026-10-01
Rodrigo Mendoza,Atlético,Desc,23,761053,768732,Disponible,2026-10-01
Rodrigo Riquelme,Betis,Desc,66,17443171,17663420,Disponible,2026-10-01
Roger Hinojo,Espanyol,Desc,43,3636759,3720088,Disponible,2026-10-01
Romain Del Castillo,Osasuna,Desc,3,6354815,6539041,Disponible,2026-10-01
Roy Revivo,Elche,Desc,22,3573163,3593867,Disponible,2026-10-01
Rubén Gómez,Villarreal,Desc,0,477988,473873,Disponible,2026-10-01
Rubén Sánchez,Elche,Desc,10,461184,456369,Disponible,2026-10-01
Rubén Vargas,Sevilla,Desc,2,6669562,6851426,Disponible,2026-10-01
Ryunosuke Sato,Valencia,Desc,20,4750833,4882851,Disponible,2026-10-01
Saba Sazonov,Getafe,Desc,12,635127,637559,Disponible,2026-10-01
Salvi Esquivel,Atlético,Desc,0,514166,511558,Disponible,2026-10-01
Samu Becerra,Rayo,Desc,0,533932,532148,Disponible,2026-10-01
Santi Comesaña,Villarreal,Desc,39,10899291,11211733,Duda,2026-10-01
Santiago Mouriño,Villarreal,Desc,20,12205307,12533033,Disponible,2026-10-01
Sebastián Boselli,Getafe,Desc,3,890367,903434,Disponible,2026-10-01
Sebastián Cáceres,Celta,Desc,24,4092035,4185430,Duda,2026-10-01
Selu Diallo,Alavés,Desc,0,544295,542942,Disponible,2026-10-01
Sergio Camello,Rayo,Desc,113,43617821,41630454,Disponible,2026-10-01
Sergio Canales,Racing,Desc,67,22106487,22592116,Disponible,2026-10-01
Sergio Carreira,Celta,Desc,30,7030030,7122243,Disponible,2026-10-01
Sergio Gómez,Real Sociedad,Desc,44,14986062,15130235,Disponible,2026-10-01
Sergio Herrera,Osasuna,Desc,19,24170706,24721054,Disponible,2026-10-01
Sergio José Lozano,Rayo,Desc,0,495043,491638,Disponible,2026-10-01
Sergio Martínez,Real Madrid,Desc,28,1027144,1045910,Disponible,2026-10-01
Sergio Mestre,Real Madrid,Desc,0,677860,677860,Disponible,2026-10-01
Simon Eriksson,Racing,Desc,0,930806,945558,Duda,2026-10-01
Stole Dimitrievski,Valencia,Desc,68,20135438,20342611,Disponible,2026-10-01
Takefusa Kubo,Real Sociedad,Desc,23,14602326,14952298,Disponible,2026-10-01
Tani Oluwaseyi,Villarreal,Desc,8,919295,933567,Disponible,2026-10-01
Tete Morente,Elche,Desc,46,4039608,3935695,Disponible,2026-10-01
Theo Folgado,Real Sociedad,Desc,0,702606,702606,Disponible,2026-10-01
Thibaut Courtois,Real Madrid,Desc,59,54875210,55349548,Disponible,2026-10-01
Thomas Lemar,Elche,Desc,28,3949261,3961254,Disponible,2026-10-01
Toni Martinez,Alavés,Desc,31,13614941,13926732,Disponible,2026-10-01
Trent Alexander-Arnold,Real Madrid,Desc,37,17261035,17594771,Disponible,2026-10-01
Tyrhys Dolan,Espanyol,Desc,27,12167174,12437078,Disponible,2026-10-01
Umar Sadiq,Valencia,Desc,19,2124028,2183611,Lesionado,2026-10-01
Unai López,Rayo,Desc,84,19183518,18949798,Disponible,2026-10-01
Unai Marrero,Real Sociedad,Desc,23,680269,684582,Disponible,2026-10-01
Unai Santos,Osasuna,Desc,1,495606,492225,Disponible,2026-10-01
Unai Simón,Athletic,Desc,72,42844033,43332778,Disponible,2026-10-01
Valentín Gómez,Betis,Desc,43,3025080,2895810,Disponible,2026-10-01
Vanja Drkusic,Espanyol,Desc,11,1260632,1289127,Disponible,2026-10-01
Víctor Chust,Elche,Desc,14,3662069,3709239,Disponible,2026-10-01
Víctor García,Levante,Desc,3,755867,763330,Disponible,2026-10-01
Ville Koski,Alavés,Desc,71,25720335,24772929,Disponible,2026-10-01
Williot Swedberg,Celta,Desc,43,3401110,3462169,Disponible,2026-10-01
Wojciech Szczesny,Barcelona,Desc,-5,1074476,1095214,Disponible,2026-10-01
Xanet Oláiz,Alavés,Desc,2,484021,480157,Disponible,2026-10-01
Xavi Espart,Barcelona,Desc,79,42999601,43283983,Disponible,2026-10-01
Yangel Herrera,Real Sociedad,Desc,50,5048910,5072370,Disponible,2026-10-01
Yanis Musuayi,Levante,Desc,0,871541,883824,Disponible,2026-10-01
Yassir Zabiri,Racing,Desc,70,24298833,23602186,Disponible,2026-10-01
Yoel Lago,Celta,Desc,63,12863838,12396660,Disponible,2026-10-01
Youssouf Fofana,Sevilla,Desc,41,22047353,21485668,Disponible,2026-10-01
Zaid Romero,Getafe,Desc,55,34330181,33506519,Disponible,2026-10-01
Zakaria Eddahchouri,Deportivo,Desc,15,771432,779544,Duda,2026-10-01
Llorenç Serred,Espanyol,Desc,0,482126,477338,Disponible,2026-10-02
Aaron Ndive Mayol,Valencia,Desc,24,1012997,990640,Disponible,2026-10-02
Abde Rebbach,Alavés,Desc,63,4876997,4868408,Disponible,2026-10-02
Abdel Abqar,Getafe,Desc,6,2452925,2522894,Duda,2026-10-02
Abdoulaye Faye,Celta,Desc,3,1270689,1298757,Disponible,2026-10-02
Abel Bretones,Osasuna,Desc,31,7404965,7569855,Disponible,2026-10-02
Abiel Osorio,Elche,Desc,23,654510,656904,Disponible,2026-10-02
Adam Aznou,Málaga,Desc,0,814709,823778,Disponible,2026-10-02
Adama Timera,Espanyol,Desc,0,499123,495043,Disponible,2026-10-02
Ademola Lookman,Atlético,Desc,37,35713857,36360991,Disponible,2026-10-02
Adrià Altimira,Deportivo,Desc,15,3044795,3123141,Disponible,2026-10-02
Adrià Pedrosa,Rayo,Desc,35,2984483,2949902,Disponible,2026-10-02
Adrián Molina,Rayo,Desc,0,512422,508896,Disponible,2026-10-02
Adrián Niño,Málaga,Desc,11,841807,852005,Disponible,2026-10-02
Aimar Blázquez,Valencia,Desc,3,581656,581656,Disponible,2026-10-02
Aimar Oroz,Osasuna,Desc,17,5841013,5955416,Disponible,2026-10-02
Aissa Mandi,Levante,Desc,48,9469128,9681214,Disponible,2026-10-02
Aitor Fraga,Real Sociedad,Desc,0,602234,602234,Disponible,2026-10-02
Aitor Mañas,Alavés,Desc,6,478247,473297,Disponible,2026-10-02
Aitor Paredes,Athletic,Desc,58,17494317,17134210,Disponible,2026-10-02
Alassane Diatta,Villarreal,Desc,0,480465,475608,Disponible,2026-10-02
Alberto Calatrava,Levante,Desc,0,550155,548201,Disponible,2026-10-02
Alberto Moleiro,Villarreal,Desc,97,62477956,60146617,Disponible,2026-10-02
Alberto Risco,Getafe,Desc,3,502425,498483,Disponible,2026-10-02
Aleix Febas,Celta,Desc,19,10069868,10197407,Disponible,2026-10-02
Alejandro Balde,Barcelona,Desc,5,7755215,7959118,Disponible,2026-10-02
Alejandro Catena,Osasuna,Desc,41,23528065,24057446,Disponible,2026-10-02
Alejandro Iturbe,Elche,Desc,0,521961,518832,Disponible,2026-10-02
Alejandro Panach,Valencia,Desc,0,499746,495692,Disponible,2026-10-02
Alejandro Rego,Athletic,Desc,0,1320797,1350953,Disponible,2026-10-02
Alemão,Rayo,Desc,12,1098410,1119300,Disponible,2026-10-02
Álex Baena,Atlético,Desc,105,81201189,79663258,Disponible,2026-10-02
Álex Berenguer,Athletic,Desc,55,9253124,9402976,Disponible,2026-10-02
Álex Calatrava,Espanyol,Desc,51,4409034,4511384,Disponible,2026-10-02
Alex Freeman,Villarreal,Desc,27,2289310,2204339,Disponible,2026-10-02
Álex Grimaldo,Atlético,Desc,76,63105769,61475923,Duda,2026-10-02
Alex Lebarbier,Real Sociedad,Desc,0,602234,602234,Disponible,2026-10-02
Alex Marchal,Real Sociedad,Desc,11,544885,542712,Disponible,2026-10-02
Alex Padilla,Athletic,Desc,0,642242,644125,Disponible,2026-10-02
Álex Pastor,Málaga,Desc,0,454749,448820,Disponible,2026-10-02
Álex Remiro,Real Sociedad,Desc,62,31443452,31928140,Disponible,2026-10-02
Alexis Ciria,Real Madrid,Desc,0,560009,558466,Disponible,2026-10-02
Alfonso Herrero,Málaga,Desc,69,20528815,20460130,Disponible,2026-10-02
Aliou Dieng,Valencia,Desc,28,1435943,1470897,Disponible,2026-10-02
Altay Bayindir,Celta,Desc,0,826731,836301,Disponible,2026-10-02
Álvaro Djaló,Athletic,Desc,2,552373,550512,Disponible,2026-10-02
Álvaro Fidalgo,Betis,Desc,3,904559,917372,Disponible,2026-10-02
Álvaro García,Rayo,Desc,71,14493391,14721643,Disponible,2026-10-02
Álvaro Mantilla,Racing,Desc,25,1185554,1210075,Disponible,2026-10-02
Álvaro Padilla,Elche,Desc,0,579732,579011,Disponible,2026-10-02
Álvaro Valles,Betis,Desc,127,68684636,68071754,Disponible,2026-10-02
Ander Barrenetxea,Real Sociedad,Desc,43,23671168,23331426,Disponible,2026-10-02
Ander Guevara,Alavés,Desc,17,564361,562999,Disponible,2026-10-02
Andoni Gorosabel,Espanyol,Desc,0,815833,824949,Disponible,2026-10-02
André Almeida,Racing,Desc,9,920987,934485,Disponible,2026-10-02
Andrei Ratiu,Rayo,Desc,43,18341688,18587469,Disponible,2026-10-02
Andrés Antañón,Celta,Desc,3,536457,533932,Duda,2026-10-02
Andrés Castrín,Sevilla,Desc,54,9495416,9237445,Disponible,2026-10-02
Andrés Céspedes,Málaga,Desc,0,401498,401498,Disponible,2026-10-02
Andrés García,Getafe,Desc,55,8237221,8131158,Disponible,2026-10-02
Andrés Martín,Racing,Desc,30,8134180,8338535,Disponible,2026-10-02
Andrés Vallecillo,Racing,Desc,0,498809,494716,Disponible,2026-10-02
Andriy Lunin,Real Madrid,Desc,0,913881,927083,Disponible,2026-10-02
Ángel Fortuño,Espanyol,Desc,0,478502,473563,Disponible,2026-10-02
Ángel Ortiz,Betis,Desc,29,774323,781710,Disponible,2026-10-02
Ángel Pérez,Alavés,Desc,75,33419462,32643533,Disponible,2026-10-02
Angel Recio,Málaga,Desc,26,2782555,2751413,Disponible,2026-10-02
Angeliño,Deportivo,Desc,-1,5118643,5262057,Disponible,2026-10-02
Ante Budimir,Osasuna,Desc,94,66426640,65633653,Disponible,2026-10-02
Anthony Gordon,Barcelona,Desc,52,65001478,65674864,Disponible,2026-10-02
Antonio Blanco,Alavés,Desc,56,15052272,15354099,Disponible,2026-10-02
Antonio Rüdiger,Real Madrid,Desc,35,22716698,22261207,Disponible,2026-10-02
Antonio Sivera,Alavés,Desc,98,48687977,48403682,Disponible,2026-10-02
Antony,Betis,Desc,78,64064266,63893536,Disponible,2026-10-02
Arda Güler,Real Madrid,Desc,108,112022484,111766939,Disponible,2026-10-02
Arnau Comas,Deportivo,Desc,0,503289,499383,Disponible,2026-10-02
Arnau Ortiz,Atlético,Desc,15,732901,738562,Disponible,2026-10-02
Arnaut Danjuma,Valencia,Desc,37,5295758,5217487,Disponible,2026-10-02
Arouna Sangante,Sevilla,Desc,16,5421959,5555530,Disponible,2026-10-02
Arsen Zakharyan,Real Sociedad,Desc,3,554078,552288,Disponible,2026-10-02
Asier Bonel,Osasuna,Desc,0,592362,592167,Disponible,2026-10-02
Asier Osambela,Osasuna,Desc,31,479262,474354,Disponible,2026-10-02
Asier Villalibre,Racing,Desc,16,2534942,2602998,Disponible,2026-10-02
Augusto Batalla,Rayo,Desc,21,11001964,11309791,Lesionado,2026-10-02
Aurélien Tchouaméni,Real Madrid,Desc,25,19759741,19735882,Disponible,2026-10-02
Axel Tape,Levante,Desc,0,1248892,1276052,Disponible,2026-10-02
Aymeric Laporte,Athletic,Desc,47,50926105,50193664,Disponible,2026-10-02
Beñat Gerenabarrena,Athletic,Desc,45,3100016,3157380,Disponible,2026-10-02
Beñat Prados,Athletic,Desc,0,619826,620775,Disponible,2026-10-02
Beñat Turrientes,Real Sociedad,Desc,43,5133380,5255155,Disponible,2026-10-02
Bernardo Silva,Real Madrid,Desc,41,30706079,31161817,Disponible,2026-10-02
Bil Nsongo,Deportivo,Desc,33,7403220,7444150,Disponible,2026-10-02
Borja Iglesias,Celta,Desc,2,9193010,9392080,Disponible,2026-10-02
Borja Mayoral,Getafe,Desc,1,989025,1005357,Disponible,2026-10-02
Boyomo,Osasuna,Desc,16,9510534,9776073,Disponible,2026-10-02
Brian Fariñas,Barcelona,Desc,0,568857,567683,Disponible,2026-10-02
Bright Ede,Deportivo,Desc,22,2992504,3047568,Disponible,2026-10-02
Buba Sangaré,Elche,Desc,23,2561268,2631937,Duda,2026-10-02
Carl Starfelt,Celta,Desc,29,6775072,6945736,Disponible,2026-10-02
Carles Aleñá,Alavés,Desc,24,2223967,2270857,Disponible,2026-10-02
Carlos Dotor,Málaga,Desc,69,5207551,5172365,Disponible,2026-10-02
Carlos Espí,Real Madrid,Desc,27,12797100,12858274,Disponible,2026-10-02
Carlos López,Málaga,Desc,0,456133,450262,Disponible,2026-10-02
Carlos Macià,Villarreal,Desc,13,571919,570872,Disponible,2026-10-02
Carlos Puga,Málaga,Desc,23,2514148,2575017,Disponible,2026-10-02
Carlos Romero,Villarreal,Desc,19,15059624,15441573,Disponible,2026-10-02
Carlos Soler,Real Sociedad,Desc,69,40991127,39899639,Disponible,2026-10-02
César Tárrega,Valencia,Desc,36,5505098,5658947,Duda,2026-10-02
Cheikh Thiam,Villarreal,Desc,0,550879,548955,Disponible,2026-10-02
Chidera Ejuke,Sevilla,Desc,24,4726784,4817413,Disponible,2026-10-02
Chupete,Málaga,Desc,34,17221662,17650589,Disponible,2026-10-02
Clemens Riedel,Espanyol,Desc,30,4823841,4895464,Disponible,2026-10-02
Coke Carrillo,Celta,Desc,0,1567556,0,Disponible,2026-10-02
Couhaib Driouech,Celta,Desc,11,1808210,1857270,Disponible,2026-10-02
Cristian Rivero,Valencia,Desc,0,471342,466104,Disponible,2026-10-02
Cristian Romero,Atlético,Desc,51,51755437,50553709,Disponible,2026-10-02
Dakonam Djené,Getafe,Desc,42,23232464,22838574,Disponible,2026-10-02
Dani Barcia,Deportivo,Desc,0,595394,595325,Disponible,2026-10-02
Dani Cárdenas,Rayo,Desc,13,964198,979496,Disponible,2026-10-02
Dani Ceballos,Betis,Desc,17,14282305,14596423,Disponible,2026-10-02
Dani Lorenzo,Málaga,Desc,44,9499986,9576668,Disponible,2026-10-02
Dani Martínez,Atlético,Desc,12,510202,506584,Disponible,2026-10-02
Dani Olmo,Barcelona,Desc,63,45040211,45561139,Disponible,2026-10-02
Dani Requena,Levante,Desc,8,734625,740358,Disponible,2026-10-02
Daniel Raba,Valencia,Desc,2,641832,643698,Disponible,2026-10-02
David Hancko,Atlético,Desc,61,44830636,44427804,Disponible,2026-10-02
David Larrubia,Málaga,Desc,73,18082290,18477637,Disponible,2026-10-02
David Mella,Deportivo,Desc,13,1250957,1278203,Disponible,2026-10-02
David Otorbi,Valencia,Desc,37,593612,593469,Duda,2026-10-02
David Soria,Getafe,Desc,86,40079637,40202377,Disponible,2026-10-02
Davinchi,Getafe,Desc,4,1015250,1032675,Disponible,2026-10-02
Dean Huijsen,Real Madrid,Desc,56,39799749,40808928,Disponible,2026-10-02
Denis Suárez,Alavés,Desc,46,2739246,2762066,Disponible,2026-10-02
Denzel Dumfries,Real Madrid,Desc,35,23939352,24400669,Disponible,2026-10-02
Diego Conde,Betis,Desc,0,933425,947441,Disponible,2026-10-02
Diego Ferrer,Getafe,Desc,0,503223,499314,Disponible,2026-10-02
Diego Rico,Osasuna,Desc,2,1472160,1508623,Disponible,2026-10-02
Diego Villares,Deportivo,Desc,25,921142,932513,Disponible,2026-10-02
Dimitri Foulquier,Valencia,Desc,0,747157,753412,Duda,2026-10-02
Dominik Livakovic,Barcelona,Desc,6,2919461,2894752,Disponible,2026-10-02
Eder Aller,Barcelona,Desc,0,702705,702705,Disponible,2026-10-02
Edu Altozano,Sevilla,Desc,0,487708,483152,Disponible,2026-10-02
Edu Expósito,Espanyol,Desc,83,28040527,28305362,Disponible,2026-10-02
Eduardo Camavinga,Real Madrid,Desc,27,6466239,6577149,Disponible,2026-10-02
Einar Galilea,Málaga,Desc,30,4572899,4655800,Disponible,2026-10-02
Emil Audero,Rayo,Desc,32,4779568,4808010,Disponible,2026-10-02
Endrick,Real Madrid,Desc,0,2446289,2494659,Disponible,2026-10-02
Eneko Jauregi,Málaga,Desc,4,593659,593518,Disponible,2026-10-02
Enes Ünal,Getafe,Desc,31,12489266,12747324,Disponible,2026-10-02
Eric Garcia,Barcelona,Desc,49,38050900,38394936,Disponible,2026-10-02
Ezequiel Ponce,Elche,Desc,10,724235,729535,Disponible,2026-10-02
Facundo Bernal,Betis,Desc,54,11404311,11580316,Disponible,2026-10-02
Facundo Buonanotte,Elche,Desc,35,2630521,2694790,Disponible,2026-10-02
Federico Redondo,Elche,Desc,55,1010378,1027600,Disponible,2026-10-02
Federico Valverde,Real Madrid,Desc,69,47866665,48982793,Lesionado,2026-10-02
Félix Correia,Sevilla,Desc,23,5011981,5043330,Disponible,2026-10-02
Ferran Jutglà,Celta,Desc,30,10588466,10504085,Disponible,2026-10-02
Filip Ugrinic,Valencia,Desc,76,2778624,2821105,Disponible,2026-10-02
Florian Lejeune,Rayo,Desc,41,16241111,16371630,Disponible,2026-10-02
Fran García,Betis,Desc,53,25849566,26076852,Disponible,2026-10-02
Fran González,Sevilla,Desc,0,501302,497313,Disponible,2026-10-02
Gabriel Moscardo,Espanyol,Desc,21,2410033,2474933,Disponible,2026-10-02
Gabriel Suazo,Sevilla,Desc,62,7997095,7886149,Disponible,2026-10-02
Georges Mikautadze,Villarreal,Desc,63,43506456,44056295,Disponible,2026-10-02
Georgiy Tsitaishvili,Rayo,Desc,19,957592,972615,Disponible,2026-10-02
Gerard Martín,Barcelona,Desc,65,40007532,40663162,Disponible,2026-10-02
Germán Parreño,Deportivo,Desc,0,486541,481937,Disponible,2026-10-02
Germán Valera,Elche,Desc,84,13535404,13506322,Disponible,2026-10-02
Giacomo Quagliata,Deportivo,Desc,38,4965561,4901239,Disponible,2026-10-02
Giorgi Guliashvili,Racing,Desc,2,699700,703977,Disponible,2026-10-02
Giorgi Kochorashvili,Sevilla,Desc,28,4986042,5080641,Disponible,2026-10-02
Giovani Lo Celso,Betis,Desc,4,9590355,9836439,Disponible,2026-10-02
Gnangoro Bouare,Rayo,Desc,28,713431,718280,Disponible,2026-10-02
Gonçalo Guedes,Real Sociedad,Desc,38,15449943,15485387,Disponible,2026-10-02
Gonzalo Villar,Elche,Desc,85,9048970,9113383,Disponible,2026-10-02
Gorka Carrera,Real Sociedad,Desc,0,517664,514356,Disponible,2026-10-02
Gorka Guruzeta,Athletic,Desc,5,5297085,5443671,Disponible,2026-10-02
Grady Diangana,Elche,Desc,0,572069,571028,Disponible,2026-10-02
Grégoire Swiderski,Alavés,Desc,0,487963,483418,Disponible,2026-10-02
Hamza Abdelkarim,Barcelona,Desc,2,2013689,2060822,Disponible,2026-10-02
Héctor Bellerín,Betis,Desc,56,19224477,19122188,Disponible,2026-10-02
Héctor Fort,Real Sociedad,Desc,3,2326393,2381754,Disponible,2026-10-02
Hugo Burcio,Celta,Desc,7,545911,543780,Disponible,2026-10-02
Hugo Duro,Valencia,Desc,21,4029156,4080720,Disponible,2026-10-02
Hugo González,Celta,Desc,56,3788417,3605005,Disponible,2026-10-02
Hugo Novoa,Alavés,Desc,0,534696,532098,Disponible,2026-10-02
Hugo Pérez,Racing,Desc,0,628547,629860,Disponible,2026-10-02
Hugo Rincón,Athletic,Desc,4,1045705,1064399,Disponible,2026-10-02
Hugo Sotelo,Levante,Desc,9,687401,691166,Duda,2026-10-02
Iago Aspas,Celta,Desc,21,4077669,4182048,Duda,2026-10-02
Ibai Aguirre,R. Sociedad B,Desc,0,602257,602257,Disponible,2026-10-02
Ibrahima Konaté,Real Madrid,Desc,12,28631037,29372659,Disponible,2026-10-02
Ifeanyi Ndukwe,Levante,Desc,6,1016709,1034195,Disponible,2026-10-02
Igor Galdin,Levante,Desc,0,499172,495094,Disponible,2026-10-02
Igor Zubeldia,Real Sociedad,Desc,36,7870028,8076478,Duda,2026-10-02
Iker Córdoba,Valencia,Desc,6,782121,789832,Disponible,2026-10-02
Iker Losada,Betis,Desc,0,823594,833034,Disponible,2026-10-02
Iker Luque,Racing,Desc,10,963585,978857,Disponible,2026-10-02
Iker Monreal,Athletic,Desc,0,545911,543780,Disponible,2026-10-02
Iker Muñoz,Sevilla,Desc,41,487708,483152,Disponible,2026-10-02
Iker Muñoz,Osasuna,Desc,41,1608754,1632143,Disponible,2026-10-02
Iker Muñoz,Sevilla,Desc,0,487708,483152,Disponible,2026-10-02
Iker Muñoz,Osasuna,Desc,0,1608754,1632143,Disponible,2026-10-02
Ilaix Moriba,Celta,Desc,66,15626562,14966337,Disponible,2026-10-02
Ilias Akhomach,Villarreal,Desc,26,4978622,4716341,Disponible,2026-10-02
Iñigo Arguibide,Osasuna,Desc,25,2753038,2798921,Disponible,2026-10-02
Íñigo Sainz-Maza,Racing,Desc,12,509496,505848,Disponible,2026-10-02
Iñigo Vicente,Racing,Desc,80,27737824,28113982,Disponible,2026-10-02
Ionut Radu,Celta,Desc,82,47192032,47106198,Disponible,2026-10-02
Isaac Romero,Sevilla,Desc,24,4098094,4184896,Disponible,2026-10-02
Iván Alonso,Rayo,Desc,0,482113,477324,Disponible,2026-10-02
Iván Azón,Getafe,Desc,35,4577057,4530153,Disponible,2026-10-02
Iván Balliu,Rayo,Desc,0,569104,567940,Disponible,2026-10-02
Iván Martín,Racing,Desc,55,5862923,5966482,Disponible,2026-10-02
Iván Romero,Levante,Desc,54,6841486,6789283,Disponible,2026-10-02
Iván Villar,Celta,Desc,0,542848,540590,Disponible,2026-10-02
Izan Merino,Málaga,Desc,31,2646254,2709738,Disponible,2026-10-02
Jan Oblak,Atlético,Desc,59,51589285,51644650,Disponible,2026-10-02
Jaume Durá,Valencia,Desc,0,647841,649957,Disponible,2026-10-02
Javi Galán,Celta,Desc,23,5650095,5779643,Disponible,2026-10-02
Javi Guerra,Valencia,Desc,45,17504219,17703877,Disponible,2026-10-02
Javi Morcillo,Elche,Desc,47,754615,756771,Disponible,2026-10-02
Javi Navarro,Real Madrid,Desc,0,702622,702622,Disponible,2026-10-02
Javi Rodríguez,Celta,Desc,16,5492008,5636846,Disponible,2026-10-02
Javi Rueda,Celta,Desc,42,5217564,5252138,Disponible,2026-10-02
Javier Gil,Atlético,Desc,0,814272,823323,Disponible,2026-10-02
Javier Hernández,Espanyol,Desc,70,14935772,15201149,Disponible,2026-10-02
Jean Ives Valou,Getafe,Desc,-5,487708,483152,Disponible,2026-10-02
Jeanuël Belocian,Racing,Desc,6,2236676,2294168,Disponible,2026-10-02
Jens Cajuste,Málaga,Desc,2,3693161,3799169,Duda,2026-10-02
Jeremy Toljan,Levante,Desc,14,1467222,1492863,Disponible,2026-10-02
Jesús Areso,Athletic,Desc,47,3409120,3464404,Disponible,2026-10-02
Jesús Vázquez,Valencia,Desc,27,1220495,1246472,Disponible,2026-10-02
Jiri Letácek,Getafe,Desc,0,501591,497614,Disponible,2026-10-02
Joan Garcia,Barcelona,Desc,56,53151747,54034831,Duda,2026-10-02
Joao Cancelo,Barcelona,Desc,19,38453013,37935259,Disponible,2026-10-02
Job Ochieng,Real Sociedad,Desc,40,1572373,1542113,Disponible,2026-10-02
Johan Mojica,Getafe,Desc,84,15479344,15485012,Disponible,2026-10-02
Johnny Cardoso,Atlético,Desc,23,4636041,4502479,Disponible,2026-10-02
Jon Ander Olasagasti,Levante,Desc,73,7732935,7836956,Disponible,2026-10-02
Jon Aramburu,Real Sociedad,Desc,58,16347794,16593211,Disponible,2026-10-02
Jon Gorrotxategi,Real Sociedad,Desc,22,1890167,1928724,Disponible,2026-10-02
Jon Guridi,Sevilla,Desc,38,5637242,5717859,Disponible,2026-10-02
Jon Martín,Real Sociedad,Desc,23,18558787,18881159,Disponible,2026-10-02
Jon Moncayola,Osasuna,Desc,50,5604860,5713917,Disponible,2026-10-02
Jon Pacheco,Real Sociedad,Desc,3,1181144,1205481,Disponible,2026-10-02
Jonathan Asp Jensen,Deportivo,Desc,40,2813480,2871096,Disponible,2026-10-02
Jonathan David,Atlético,Desc,57,57025095,55162953,Disponible,2026-10-02
Jonathan Dubasin,Osasuna,Desc,22,4558833,4677824,Disponible,2026-10-02
Jones El-Abdellaoui,Celta,Desc,12,684293,687928,Lesionado,2026-10-02
Jordi Pesquer,Barcelona,Desc,0,600000,600000,Disponible,2026-10-02
Jorge Cabello,Levante,Desc,0,519637,516412,Disponible,2026-10-02
Jorge Castellanos,Racing,Desc,0,499123,495043,Disponible,2026-10-02
Jorge Castillo,Atlético,Desc,0,1000000,1000000,Disponible,2026-10-02
Jorge Cestero,Real Madrid,Desc,0,498079,493955,Disponible,2026-10-02
Jorge Domínguez,Atlético,Desc,2,1388758,1421746,Disponible,2026-10-02
Jorge Herrando,Osasuna,Desc,24,1018275,1035826,Lesionado,2026-10-02
Jorge Salinas,Racing,Desc,60,5360096,5441380,Disponible,2026-10-02
José Ángel Carmona,Sevilla,Desc,2,1334048,1364756,Disponible,2026-10-02
José Antonio Morante,Betis,Desc,0,869748,881111,Disponible,2026-10-02
José Gayà,Valencia,Desc,39,6584142,6667949,Disponible,2026-10-02
José María Giménez,Deportivo,Desc,28,16717095,16213842,Disponible,2026-10-02
José Salinas,Málaga,Desc,19,857746,865546,Disponible,2026-10-02
Joseph Otu,Málaga,Desc,0,583222,582646,Disponible,2026-10-02
Jozhua Vertrouwd,Rayo,Desc,-1,587815,587430,Disponible,2026-10-02
Juan Berrocal,Málaga,Desc,12,647276,649369,Disponible,2026-10-02
Juan Carlos Arana,Racing,Desc,1,514727,511297,Disponible,2026-10-02
Juan Cruz,Málaga,Desc,31,4796930,4916530,Disponible,2026-10-02
Juan Foyth,Villarreal,Desc,28,9232413,9424001,Disponible,2026-10-02
Juan Iglesias,Sevilla,Desc,81,22276172,21865260,Disponible,2026-10-02
Juan Musso,Atlético,Desc,0,1406802,1440542,Disponible,2026-10-02
Juani,Málaga,Desc,0,814272,823323,Disponible,2026-10-02
Jude Bellingham,Real Madrid,Desc,130,122625648,120893765,Disponible,2026-10-02
Julen Agirrezabala,Racing,Desc,76,27017461,26688369,Disponible,2026-10-02
Julen Lobete,Málaga,Desc,0,513103,509605,Lesionado,2026-10-02
Jules Koundé,Barcelona,Desc,14,19663427,20104519,Disponible,2026-10-02
Julio Díaz,Sevilla,Desc,1,467156,461744,Disponible,2026-10-02
Karim Adeyemi,Barcelona,Desc,64,83896196,82388048,Disponible,2026-10-02
Karl Etta Eyong,Levante,Desc,10,8150484,8377599,Duda,2026-10-02
Kevin Sánchez,Deportivo,Desc,0,538402,535959,Disponible,2026-10-02
Kike Barja,Osasuna,Desc,32,1163623,1187230,Disponible,2026-10-02
Kike Ribes,Celta Fortuna,Desc,0,600000,600000,Disponible,2026-10-02
Kike Salas,Sevilla,Desc,49,11554390,11455968,Disponible,2026-10-02
Kiko Femenia,Getafe,Desc,2,1312521,1342332,Duda,2026-10-02
Kylian Mbappé,Real Madrid,Desc,147,148934260,150570261,Duda,2026-10-02
Lamine Yamal,Barcelona,Desc,157,180864843,178690909,Disponible,2026-10-02
Laro Gómez,Racing,Desc,0,602234,602234,Disponible,2026-10-02
Leandro Cabrera,Espanyol,Desc,31,9546927,9646873,Disponible,2026-10-02
Leo Román,Deportivo,Desc,56,33373713,33739131,Disponible,2026-10-02
Logan Costa,Villarreal,Desc,-2,590730,590467,Disponible,2026-10-02
Lorenzo Amatucci,Deportivo,Desc,66,13804151,14061567,Disponible,2026-10-02
Lucas Boyé,Alavés,Desc,77,35111186,34974757,Disponible,2026-10-02
Lucas Cepeda,Elche,Desc,42,2037127,1983888,Disponible,2026-10-02
Lucas Noubi,Deportivo,Desc,47,11931859,12207193,Disponible,2026-10-02
Lucas Stassin,Sevilla,Desc,27,11900578,12235175,Duda,2026-10-02
Lucas Torró,Osasuna,Desc,19,1048675,1067493,Disponible,2026-10-02
Lucien Agoume,Sevilla,Desc,81,15410697,15128733,Disponible,2026-10-02
Luis Rioja,Valencia,Desc,23,4068979,4157327,Duda,2026-10-02
Luiz Junior,Villarreal,Desc,8,16900585,17357177,Disponible,2026-10-02
Luken Beitia,Real Sociedad,Desc,5,478488,473548,Disponible,2026-10-02
Manel Usedo,Levante,Desc,0,516132,512761,Disponible,2026-10-02
Manu Bueno,Sevilla,Desc,5,518909,515653,Disponible,2026-10-02
Manu González,Betis,Desc,0,581691,581691,Disponible,2026-10-02
Manu Hernando,Racing,Desc,22,1598074,1639784,Disponible,2026-10-02
Manu Sánchez,Levante,Desc,62,3984356,4072292,Disponible,2026-10-02
Manuel Ángel Castillo,Sevilla,Desc,0,900000,900000,Disponible,2026-10-02
Marash Kumbulla,Rayo,Desc,0,1380607,1413255,Disponible,2026-10-02
Marc Aguado,Elche,Desc,32,2675166,2745696,Disponible,2026-10-02
Marc Bartra,Betis,Desc,73,28438930,29211252,Disponible,2026-10-02
Marc Bernal,Barcelona,Desc,54,24966016,25330784,Disponible,2026-10-02
Marc Casadó,Deportivo,Desc,12,5097226,5233916,Lesionado,2026-10-02
Marc Cucurella,Real Madrid,Desc,36,43119089,43833801,Disponible,2026-10-02
Marc Roca,Betis,Desc,61,20097176,19694954,Disponible,2026-10-02
Marc Santos,Levante,Desc,3,533145,530482,Disponible,2026-10-02
Marcão,Sevilla,Desc,0,491740,487352,Disponible,2026-10-02
Marco Román,Rayo,Desc,0,516132,512761,Disponible,2026-10-02
Marcos Navarro,Valencia,Desc,0,501909,501909,Disponible,2026-10-02
Mario Martín,Getafe,Desc,28,1778114,1821140,Disponible,2026-10-02
Mario Rivas,Real Madrid,Desc,0,700000,700000,Disponible,2026-10-02
Marko Dmitrovic,Espanyol,Desc,73,35292333,35693989,Disponible,2026-10-02
Maroan Sannadi,Athletic,Desc,6,464721,459208,Disponible,2026-10-02
Martim Neto,Elche,Desc,13,777507,785026,Disponible,2026-10-02
Martín Satriano,Getafe,Desc,44,18474478,18621249,Disponible,2026-10-02
Mathew Ryan,Levante,Desc,71,26445112,26727514,Disponible,2026-10-02
Matia Barzic,Elche,Desc,3,517831,514530,Disponible,2026-10-02
Matías Dituro,Elche,Desc,25,9625750,9664073,Disponible,2026-10-02
Matteo Prati,Racing,Desc,33,1943216,1994138,Disponible,2026-10-02
Mauro Echegoyen,Osasuna,Desc,0,491529,487132,Disponible,2026-10-02
Miguel Cubo,Atlético,Desc,0,492413,488053,Disponible,2026-10-02
Miguel Loureiro,Deportivo,Desc,30,1666497,1695837,Disponible,2026-10-02
Miguel Román,Celta,Desc,76,20515921,21011043,Lesionado,2026-10-02
Miguel Sierra,Sevilla,Desc,82,12859764,12393464,Disponible,2026-10-02
Mikel Jauregizar,Athletic,Desc,35,9986271,10205564,Disponible,2026-10-02
Mikel Oyarzabal,Real Sociedad,Desc,52,45184473,45337428,Disponible,2026-10-02
Mikel Rodriguez,Alavés,Desc,39,1356401,1388041,Lesionado,2026-10-02
Moha Achraf,Getafe,Desc,0,925226,938900,Disponible,2026-10-02
Moi Gómez,Osasuna,Desc,37,2484305,2508579,Disponible,2026-10-02
Morten Hjulmand,Atlético,Desc,52,16041100,16382801,Disponible,2026-10-02
Mouctar Diakhaby,Valencia,Desc,12,2031745,2084768,Disponible,2026-10-02
Nacho Pérez,Levante,Desc,47,1719961,1759081,Disponible,2026-10-02
Nahuel Tenaglia,Alavés,Desc,86,29562730,29962870,Disponible,2026-10-02
Natan,Betis,Desc,85,52681448,51161714,Disponible,2026-10-02
Nathan-Dylan Saliba,Villarreal,Desc,45,6192701,6212026,Disponible,2026-10-02
Nelson Deossa,Betis,Desc,63,8680976,8211588,Disponible,2026-10-02
Nemanja Gudelj,Getafe,Desc,14,4976728,5035345,Disponible,2026-10-02
Nico Guillén,Sevilla,Desc,14,1341246,1372254,Disponible,2026-10-02
Nico Serrano,Athletic,Desc,2,528705,525858,Disponible,2026-10-02
Nicolas Pépé,Villarreal,Desc,67,44623238,45494507,Disponible,2026-10-02
Nicolás Valentini,Alavés,Desc,25,739031,731203,Disponible,2026-10-02
Obed Vargas,Atlético,Desc,0,522055,518930,Disponible,2026-10-02
Odysseas Vlachodimos,Sevilla,Desc,63,32569773,32785711,Disponible,2026-10-02
Oihan Sancet,Athletic,Desc,65,35167955,35706475,Disponible,2026-10-02
Omar El Hilali,Espanyol,Desc,51,17589931,17286728,Disponible,2026-10-02
Orel Mangala,Getafe,Desc,43,8771007,8942882,Disponible,2026-10-02
Oriol Rey,Levante,Desc,42,2155247,2167690,Disponible,2026-10-02
Orri Steinn Óskarsson,Real Sociedad,Desc,17,4729578,4861095,Disponible,2026-10-02
Óscar López,Getafe,Desc,0,647841,649957,Disponible,2026-10-02
Óscar Valentín,Rayo,Desc,50,2648615,2691138,Disponible,2026-10-02
Pablo Barrios,Atlético,Desc,49,33682578,34221395,Disponible,2026-10-02
Pablo Durán,Celta,Desc,36,1056118,1030943,Disponible,2026-10-02
Pablo Fornals,Betis,Desc,47,37794353,38000222,Disponible,2026-10-02
Pablo García,Deportivo,Desc,42,468964,468964,Disponible,2026-10-02
Pablo García,Racing,Desc,42,7426086,7504545,Disponible,2026-10-02
Pablo Gavi,Barcelona,Desc,4,10657535,10915342,Disponible,2026-10-02
Pablo Ibáñez,Alavés,Desc,67,15333686,15105350,Disponible,2026-10-02
Pablo Maffeo,Valencia,Desc,21,4652908,4735212,Disponible,2026-10-02
Pablo Marín,Real Sociedad,Desc,0,631051,632468,Disponible,2026-10-02
Pablo Martínez,Málaga,Desc,47,3549528,3614117,Disponible,2026-10-02
Pablo Ramón,Racing,Desc,49,1671581,1697023,Disponible,2026-10-02
Paco Cortés,Levante,Desc,7,519303,516064,Disponible,2026-10-02
Pape Gueye,Villarreal,Desc,87,32138839,32581996,Disponible,2026-10-02
Pau Cubarsí,Barcelona,Desc,37,56678066,57013763,Disponible,2026-10-02
Pau Navarro,Villarreal,Desc,12,3252350,3288548,Disponible,2026-10-02
Pedro Bigas,Elche,Desc,-7,1473852,1510386,Disponible,2026-10-02
Pedro Díaz,Rayo,Desc,45,922154,935700,Disponible,2026-10-02
Pedro Felipe,Racing,Desc,-8,821866,831234,Disponible,2026-10-02
Peio Canales,Athletic,Desc,29,4784485,4877754,Disponible,2026-10-02
Pepelu,Valencia,Desc,81,14613016,14315459,Disponible,2026-10-02
Peque,Sevilla,Desc,21,1595145,1636514,Disponible,2026-10-02
Pere Milla,Espanyol,Desc,4,2843737,2916933,Disponible,2026-10-02
Petar Ratkov,Levante,Desc,2,1893531,1946967,Disponible,2026-10-02
Pierre-Emerick Aubameyang,Deportivo,Desc,106,82709760,84965119,Lesionado,2026-10-02
Pol Lozano,Espanyol,Desc,4,803642,812250,Disponible,2026-10-02
Quilindschy Hartman,Espanyol,Desc,12,2324132,2383492,Disponible,2026-10-02
Rafa Rodríguez,Málaga,Desc,24,1696096,1737359,Disponible,2026-10-02
Rafel Bauzà,Espanyol,Desc,16,533145,530482,Disponible,2026-10-02
Ramón Enríquez,Málaga,Desc,5,519946,516734,Disponible,2026-10-02
Ramón Terrats,Getafe,Desc,84,14424202,13875127,Disponible,2026-10-02
Randy Nteka,Rayo,Desc,10,750986,757400,Disponible,2026-10-02
Raphinha,Barcelona,Desc,183,173214975,174165821,Duda,2026-10-02
Raúl Asencio,Real Madrid,Desc,0,1415251,1449343,Lesionado,2026-10-02
Raúl García,Osasuna,Desc,29,1222670,1241212,Disponible,2026-10-02
Raúl Jiménez,Valencia,Desc,0,1561503,0,Disponible,2026-10-02
Raul Moro,Osasuna,Desc,13,5301220,5451998,Lesionado,2026-10-02
Renato Veiga,Villarreal,Desc,29,27587682,27183662,Disponible,2026-10-02
Robbie Ure,Sevilla,Desc,18,7797498,7972546,Disponible,2026-10-02
Robert Navarro,Athletic,Desc,76,18383313,17585414,Disponible,2026-10-02
Robin Le Normand,Atlético,Desc,38,9324305,9439217,Disponible,2026-10-02
Rockson Yeboah,Osasuna,Desc,8,700910,705238,Disponible,2026-10-02
Rodrigo Gamón,Valencia,Desc,0,800000,800000,Disponible,2026-10-02
Rodrigo Mendoza,Atlético,Desc,23,754493,761053,Disponible,2026-10-02
Rodrigo Riquelme,Betis,Desc,66,17231174,17443171,Disponible,2026-10-02
Roger Hinojo,Espanyol,Desc,43,3560142,3636759,Disponible,2026-10-02
Romain Del Castillo,Osasuna,Desc,3,6179052,6354815,Disponible,2026-10-02
Roy Revivo,Elche,Desc,22,3547993,3573163,Disponible,2026-10-02
Rubén Gómez,Villarreal,Desc,0,482750,477988,Disponible,2026-10-02
Rubén Sánchez,Elche,Desc,10,466618,461184,Disponible,2026-10-02
Rubén Vargas,Sevilla,Desc,2,6496679,6669562,Disponible,2026-10-02
Ryunosuke Sato,Valencia,Desc,20,4625857,4750833,Disponible,2026-10-02
Saba Sazonov,Getafe,Desc,12,633604,635127,Disponible,2026-10-02
Salvi Esquivel,Atlético,Desc,0,517481,514166,Disponible,2026-10-02
Samu Becerra,Rayo,Desc,0,536457,533932,Disponible,2026-10-02
Santi Comesaña,Villarreal,Desc,39,10600820,10899291,Duda,2026-10-02
Santiago Mouriño,Villarreal,Desc,20,11888963,12205307,Disponible,2026-10-02
Sebastián Boselli,Getafe,Desc,3,878634,890367,Disponible,2026-10-02
Sebastián Cáceres,Celta,Desc,24,3990976,4092035,Duda,2026-10-02
Selu Diallo,Alavés,Desc,0,546405,544295,Disponible,2026-10-02
Sergio Camello,Rayo,Desc,113,45458130,43617821,Disponible,2026-10-02
Sergio Canales,Racing,Desc,67,21665104,22106487,Disponible,2026-10-02
Sergio Carreira,Celta,Desc,30,6926879,7030030,Disponible,2026-10-02
Sergio Gómez,Real Sociedad,Desc,44,14835988,14986062,Disponible,2026-10-02
Sergio Herrera,Osasuna,Desc,19,23646752,24170706,Disponible,2026-10-02
Sergio José Lozano,Rayo,Desc,0,499123,495043,Disponible,2026-10-02
Sergio Martínez,Real Madrid,Desc,28,1009940,1027144,Disponible,2026-10-02
Sergio Mestre,Real Madrid,Desc,0,677860,677860,Disponible,2026-10-02
Simon Eriksson,Racing,Desc,0,917456,930806,Duda,2026-10-02
Stole Dimitrievski,Valencia,Desc,68,19935420,20135438,Disponible,2026-10-02
Takefusa Kubo,Real Sociedad,Desc,23,14274294,14602326,Disponible,2026-10-02
Tani Oluwaseyi,Villarreal,Desc,8,906405,919295,Disponible,2026-10-02
Tete Morente,Elche,Desc,46,4145724,4039608,Disponible,2026-10-02
Theo Folgado,Real Sociedad,Desc,0,702606,702606,Disponible,2026-10-02
Thibaut Courtois,Real Madrid,Desc,59,54460292,54875210,Disponible,2026-10-02
Thomas Lemar,Elche,Desc,28,3940581,3949261,Disponible,2026-10-02
Toni Martinez,Alavés,Desc,31,13333413,13614941,Disponible,2026-10-02
Trent Alexander-Arnold,Real Madrid,Desc,37,16946250,17261035,Disponible,2026-10-02
Tyrhys Dolan,Espanyol,Desc,27,11910034,12167174,Disponible,2026-10-02
Umar Sadiq,Valencia,Desc,19,2065935,2124028,Lesionado,2026-10-02
Unai López,Rayo,Desc,84,19468264,19183518,Disponible,2026-10-02
Unai Marrero,Real Sociedad,Desc,23,676940,680269,Disponible,2026-10-02
Unai Santos,Osasuna,Desc,1,499664,495606,Disponible,2026-10-02
Unai Simón,Athletic,Desc,72,42379731,42844033,Disponible,2026-10-02
Valentín Gómez,Betis,Desc,43,3169047,3025080,Disponible,2026-10-02
Vanja Drkusic,Espanyol,Desc,11,1234089,1260632,Disponible,2026-10-02
Víctor Chust,Elche,Desc,14,3612296,3662069,Disponible,2026-10-02
Víctor García,Levante,Desc,3,749514,755867,Disponible,2026-10-02
Ville Koski,Alavés,Desc,71,26646871,25720335,Disponible,2026-10-02
Williot Swedberg,Celta,Desc,43,3338575,3401110,Disponible,2026-10-02
Wojciech Szczesny,Barcelona,Desc,-5,1055379,1074476,Disponible,2026-10-02
Xanet Oláiz,Alavés,Desc,2,488542,484021,Disponible,2026-10-02
Xavi Espart,Barcelona,Desc,79,42566404,42999601,Disponible,2026-10-02
Yangel Herrera,Real Sociedad,Desc,50,5031785,5048910,Disponible,2026-10-02
Yanis Musuayi,Levante,Desc,0,860561,871541,Disponible,2026-10-02
Yassir Zabiri,Racing,Desc,70,25016304,24298833,Disponible,2026-10-02
Yoel Lago,Celta,Desc,63,13302907,12863838,Disponible,2026-10-02
Youssouf Fofana,Sevilla,Desc,41,22689135,22047353,Disponible,2026-10-02
Zaid Romero,Getafe,Desc,55,35122505,34330181,Disponible,2026-10-02
Zakaria Eddahchouri,Deportivo,Desc,15,764457,771432,Duda,2026-10-02
Llorenç Serred,Espanyol,Desc,0,487248,482126,Disponible,2026-10-03
Aaron Ndive Mayol,Valencia,Desc,24,1035728,1012997,Disponible,2026-10-03
Abde Rebbach,Alavés,Desc,63,4901895,4876997,Disponible,2026-10-03
Abdel Abqar,Getafe,Desc,6,2385844,2452925,Duda,2026-10-03
Abdoulaye Faye,Celta,Desc,3,1244268,1270689,Disponible,2026-10-03
Abel Bretones,Osasuna,Desc,31,7247156,7404965,Disponible,2026-10-03
Abiel Osorio,Elche,Desc,23,652736,654510,Disponible,2026-10-03
Adam Aznou,Málaga,Desc,0,806527,814709,Disponible,2026-10-03
Adama Timera,Espanyol,Desc,0,503565,499123,Disponible,2026-10-03
Ademola Lookman,Atlético,Desc,37,35160796,35713857,Disponible,2026-10-03
Adrià Altimira,Deportivo,Desc,15,2971477,3044795,Disponible,2026-10-03
Adrià Pedrosa,Rayo,Desc,35,3018907,2984483,Disponible,2026-10-03
Adrián Molina,Rayo,Desc,0,516332,512422,Disponible,2026-10-03
Adrián Niño,Málaga,Desc,11,832541,841807,Disponible,2026-10-03
Aimar Blázquez,Valencia,Desc,3,581656,581656,Disponible,2026-10-03
Aimar Oroz,Osasuna,Desc,17,5739569,5841013,Disponible,2026-10-03
Aissa Mandi,Levante,Desc,48,9256917,9469128,Disponible,2026-10-03
Aitor Fraga,Real Sociedad,Desc,0,602234,602234,Disponible,2026-10-03
Aitor Mañas,Alavés,Desc,6,483524,478247,Disponible,2026-10-03
Aitor Paredes,Athletic,Desc,58,17762026,17494317,Disponible,2026-10-03
Alassane Diatta,Villarreal,Desc,0,485653,480465,Disponible,2026-10-03
Alberto Calatrava,Levante,Desc,0,552555,550155,Disponible,2026-10-03
Alberto Moleiro,Villarreal,Desc,97,64549657,62477956,Disponible,2026-10-03
Alberto Risco,Getafe,Desc,3,506735,502425,Disponible,2026-10-03
Aleix Febas,Celta,Desc,19,9956149,10069868,Disponible,2026-10-03
Alejandro Balde,Barcelona,Desc,5,7558654,7755215,Disponible,2026-10-03
Alejandro Catena,Osasuna,Desc,41,23030997,23528065,Disponible,2026-10-03
Alejandro Iturbe,Elche,Desc,0,525489,521961,Disponible,2026-10-03
Alejandro Panach,Valencia,Desc,0,504163,499746,Disponible,2026-10-03
Alejandro Rego,Athletic,Desc,0,1292372,1320797,Disponible,2026-10-03
Alemão,Rayo,Desc,12,1078880,1098410,Disponible,2026-10-03
Álex Baena,Atlético,Desc,105,82657651,81201189,Disponible,2026-10-03
Álex Berenguer,Athletic,Desc,55,9215621,9253124,Disponible,2026-10-03
Álex Calatrava,Espanyol,Desc,51,4310907,4409034,Disponible,2026-10-03
Alex Freeman,Villarreal,Desc,27,2367642,2289310,Disponible,2026-10-03
Álex Grimaldo,Atlético,Desc,76,64756895,63105769,Duda,2026-10-03
Alex Lebarbier,Real Sociedad,Desc,0,602234,602234,Disponible,2026-10-03
Alex Marchal,Real Sociedad,Desc,11,547496,544885,Disponible,2026-10-03
Alex Padilla,Athletic,Desc,0,640959,642242,Disponible,2026-10-03
Álex Pastor,Málaga,Desc,0,460966,454749,Disponible,2026-10-03
Álex Remiro,Real Sociedad,Desc,62,31045140,31443452,Disponible,2026-10-03
Alexis Ciria,Real Madrid,Desc,0,562015,560009,Disponible,2026-10-03
Alfonso Herrero,Málaga,Desc,69,20594984,20528815,Disponible,2026-10-03
Aliou Dieng,Valencia,Desc,28,1402912,1435943,Disponible,2026-10-03
Altay Bayindir,Celta,Desc,0,818068,826731,Disponible,2026-10-03
Álvaro Djaló,Athletic,Desc,2,554685,552373,Disponible,2026-10-03
Álvaro Fidalgo,Betis,Desc,3,892783,904559,Disponible,2026-10-03
Álvaro García,Rayo,Desc,71,14262261,14493391,Disponible,2026-10-03
Álvaro Mantilla,Racing,Desc,25,1162538,1185554,Disponible,2026-10-03
Álvaro Padilla,Elche,Desc,0,580949,579732,Disponible,2026-10-03
Álvaro Valles,Betis,Desc,127,69200626,68684636,Disponible,2026-10-03
Ander Barrenetxea,Real Sociedad,Desc,43,24054109,23671168,Disponible,2026-10-03
Ander Guevara,Alavés,Desc,17,566193,564361,Disponible,2026-10-03
Andoni Gorosabel,Espanyol,Desc,0,807606,815833,Disponible,2026-10-03
André Almeida,Racing,Desc,9,908554,920987,Disponible,2026-10-03
Andrei Ratiu,Rayo,Desc,43,18085866,18341688,Disponible,2026-10-03
Andrés Antañón,Celta,Desc,3,539405,536457,Duda,2026-10-03
Andrés Castrín,Sevilla,Desc,54,9728440,9495416,Disponible,2026-10-03
Andrés Céspedes,Málaga,Desc,0,409414,401498,Disponible,2026-10-03
Andrés García,Getafe,Desc,55,8339576,8237221,Disponible,2026-10-03
Andrés Martín,Racing,Desc,30,7973057,8134180,Disponible,2026-10-03
Andrés Vallecillo,Racing,Desc,0,503263,498809,Disponible,2026-10-03
Andriy Lunin,Real Madrid,Desc,0,901732,913881,Disponible,2026-10-03
Ángel Fortuño,Espanyol,Desc,0,483769,478502,Disponible,2026-10-03
Ángel Ortiz,Betis,Desc,29,767757,774323,Disponible,2026-10-03
Ángel Pérez,Alavés,Desc,75,34159713,33419462,Disponible,2026-10-03
Angel Recio,Málaga,Desc,26,2802812,2782555,Disponible,2026-10-03
Angeliño,Deportivo,Desc,-1,4980476,5118643,Disponible,2026-10-03
Ante Budimir,Osasuna,Desc,94,67205575,66426640,Disponible,2026-10-03
Anthony Gordon,Barcelona,Desc,52,64313868,65001478,Disponible,2026-10-03
Antonio Blanco,Alavés,Desc,56,14779687,15052272,Disponible,2026-10-03
Antonio Rüdiger,Real Madrid,Desc,35,23159336,22716698,Disponible,2026-10-03
Antonio Sivera,Alavés,Desc,98,48789537,48687977,Disponible,2026-10-03
Antony,Betis,Desc,78,64144800,64064266,Disponible,2026-10-03
Arda Güler,Real Madrid,Desc,108,112105581,112022484,Disponible,2026-10-03
Arnau Comas,Deportivo,Desc,0,507564,503289,Disponible,2026-10-03
Arnau Ortiz,Atlético,Desc,15,727992,732901,Disponible,2026-10-03
Arnaut Danjuma,Valencia,Desc,37,5329202,5295758,Disponible,2026-10-03
Arouna Sangante,Sevilla,Desc,16,5291995,5421959,Disponible,2026-10-03
Arsen Zakharyan,Real Sociedad,Desc,3,556322,554078,Disponible,2026-10-03
Asier Bonel,Osasuna,Desc,0,593074,592362,Disponible,2026-10-03
Asier Osambela,Osasuna,Desc,31,484498,479262,Disponible,2026-10-03
Asier Villalibre,Racing,Desc,16,2468665,2534942,Disponible,2026-10-03
Augusto Batalla,Rayo,Desc,21,10705479,11001964,Lesionado,2026-10-03
Aurélien Tchouaméni,Real Madrid,Desc,25,19801066,19759741,Disponible,2026-10-03
Axel Tape,Levante,Desc,0,1223343,1248892,Disponible,2026-10-03
Aymeric Laporte,Athletic,Desc,47,51559690,50926105,Disponible,2026-10-03
Beñat Gerenabarrena,Athletic,Desc,45,3045370,3100016,Disponible,2026-10-03
Beñat Prados,Athletic,Desc,0,619440,619826,Disponible,2026-10-03
Beñat Turrientes,Real Sociedad,Desc,43,5012344,5133380,Disponible,2026-10-03
Bernardo Silva,Real Madrid,Desc,41,30234352,30706079,Disponible,2026-10-03
Bil Nsongo,Deportivo,Desc,33,7359512,7403220,Disponible,2026-10-03
Borja Iglesias,Celta,Desc,2,9003022,9193010,Disponible,2026-10-03
Borja Mayoral,Getafe,Desc,1,973871,989025,Disponible,2026-10-03
Boyomo,Osasuna,Desc,16,9253891,9510534,Disponible,2026-10-03
Brian Fariñas,Barcelona,Desc,0,570509,568857,Disponible,2026-10-03
Bright Ede,Deportivo,Desc,22,2936917,2992504,Disponible,2026-10-03
Buba Sangaré,Elche,Desc,23,2492142,2561268,Duda,2026-10-03
Carl Starfelt,Celta,Desc,29,6614174,6775072,Duda,2026-10-03
Carles Aleñá,Alavés,Desc,24,2179642,2223967,Disponible,2026-10-03
Carlos Dotor,Málaga,Desc,69,5239369,5207551,Disponible,2026-10-03
Carlos Espí,Real Madrid,Desc,27,12796592,12797100,Disponible,2026-10-03
Carlos López,Málaga,Desc,0,462294,456133,Disponible,2026-10-03
Carlos Macià,Villarreal,Desc,13,573449,571919,Disponible,2026-10-03
Carlos Puga,Málaga,Desc,23,2456725,2514148,Disponible,2026-10-03
Carlos Romero,Villarreal,Desc,19,14692507,15059624,Disponible,2026-10-03
Carlos Soler,Real Sociedad,Desc,69,42083906,40991127,Disponible,2026-10-03
César Tárrega,Valencia,Desc,36,5364194,5505098,Disponible,2026-10-03
Cheikh Thiam,Villarreal,Desc,0,553250,550879,Disponible,2026-10-03
Chidera Ejuke,Sevilla,Desc,24,4639251,4726784,Disponible,2026-10-03
Chupete,Málaga,Desc,34,16818249,17221662,Disponible,2026-10-03
Clemens Riedel,Espanyol,Desc,30,4754836,4823841,Disponible,2026-10-03
Coke Carrillo,Celta,Desc,0,1567556,0,Disponible,2026-10-03
Couhaib Driouech,Celta,Desc,11,1761031,1808210,Disponible,2026-10-03
Cristian Rivero,Valencia,Desc,0,476895,471342,Disponible,2026-10-03
Cristian Romero,Atlético,Desc,51,52949840,51755437,Disponible,2026-10-03
Dakonam Djené,Getafe,Desc,42,23517620,23232464,Disponible,2026-10-03
Dani Barcia,Deportivo,Desc,0,595985,595394,Disponible,2026-10-03
Dani Cárdenas,Rayo,Desc,13,950037,964198,Disponible,2026-10-03
Dani Ceballos,Betis,Desc,17,13998505,14282305,Disponible,2026-10-03
Dani Lorenzo,Málaga,Desc,44,9428062,9499986,Disponible,2026-10-03
Dani Martínez,Atlético,Desc,12,514201,510202,Disponible,2026-10-03
Dani Olmo,Barcelona,Desc,63,44572656,45040211,Disponible,2026-10-03
Dani Requena,Levante,Desc,8,729647,734625,Disponible,2026-10-03
Daniel Raba,Valencia,Desc,2,640565,641832,Disponible,2026-10-03
David Hancko,Atlético,Desc,61,45345753,44830636,Disponible,2026-10-03
David Larrubia,Málaga,Desc,73,17739734,18082290,Disponible,2026-10-03
David Mella,Deportivo,Desc,13,1225325,1250957,Disponible,2026-10-03
David Otorbi,Valencia,Desc,37,594274,593612,Duda,2026-10-03
David Soria,Getafe,Desc,86,39776931,40079637,Disponible,2026-10-03
Davinchi,Getafe,Desc,4,999047,1015250,Disponible,2026-10-03
Dean Huijsen,Real Madrid,Desc,56,38828459,39799749,Disponible,2026-10-03
Denis Suárez,Alavés,Desc,46,2719583,2739246,Disponible,2026-10-03
Denzel Dumfries,Real Madrid,Desc,35,23511492,23939352,Disponible,2026-10-03
Diego Conde,Betis,Desc,0,920495,933425,Disponible,2026-10-03
Diego Ferrer,Getafe,Desc,0,507501,503223,Disponible,2026-10-03
Diego Rico,Osasuna,Desc,2,1437680,1472160,Disponible,2026-10-03
Diego Villares,Deportivo,Desc,25,908703,921142,Disponible,2026-10-03
Dimitri Foulquier,Valencia,Desc,0,741677,747157,Duda,2026-10-03
Dominik Livakovic,Barcelona,Desc,6,2941700,2919461,Disponible,2026-10-03
Eder Aller,Barcelona,Desc,0,702705,702705,Disponible,2026-10-03
Edu Altozano,Sevilla,Desc,0,492606,487708,Disponible,2026-10-03
Edu Expósito,Espanyol,Desc,83,27776341,28040527,Disponible,2026-10-03
Eduardo Camavinga,Real Madrid,Desc,27,6361366,6466239,Disponible,2026-10-03
Einar Galilea,Málaga,Desc,30,4490745,4572899,Disponible,2026-10-03
Emil Audero,Rayo,Desc,32,4747168,4779568,Disponible,2026-10-03
Endrick,Real Madrid,Desc,0,2394371,2446289,Disponible,2026-10-03
Eneko Jauregi,Málaga,Desc,4,594319,593659,Disponible,2026-10-03
Enes Ünal,Getafe,Desc,31,12242279,12489266,Disponible,2026-10-03
Eric Garcia,Barcelona,Desc,49,37805022,38050900,Disponible,2026-10-03
Ezequiel Ponce,Elche,Desc,10,719672,724235,Disponible,2026-10-03
Facundo Bernal,Betis,Desc,54,11234850,11404311,Disponible,2026-10-03
Facundo Buonanotte,Elche,Desc,35,2569493,2630521,Disponible,2026-10-03
Federico Redondo,Elche,Desc,55,994370,1010378,Disponible,2026-10-03
Federico Valverde,Real Madrid,Desc,69,46791523,47866665,Lesionado,2026-10-03
Félix Correia,Sevilla,Desc,23,4987338,5011981,Disponible,2026-10-03
Ferran Jutglà,Celta,Desc,30,10634888,10588466,Disponible,2026-10-03
Filip Ugrinic,Valencia,Desc,76,2734808,2778624,Disponible,2026-10-03
Florian Lejeune,Rayo,Desc,41,16101184,16241111,Disponible,2026-10-03
Fran García,Betis,Desc,53,25665962,25849566,Disponible,2026-10-03
Fran González,Sevilla,Desc,0,505657,501302,Disponible,2026-10-03
Gabriel Moscardo,Espanyol,Desc,21,2346191,2410033,Disponible,2026-10-03
Gabriel Suazo,Sevilla,Desc,62,8094265,7997095,Disponible,2026-10-03
Georges Mikautadze,Villarreal,Desc,63,43024189,43506456,Disponible,2026-10-03
Georgiy Tsitaishvili,Rayo,Desc,19,943695,957592,Disponible,2026-10-03
Gerard Martín,Barcelona,Desc,65,39453957,40007532,Disponible,2026-10-03
Germán Parreño,Deportivo,Desc,0,491486,486541,Disponible,2026-10-03
Germán Valera,Elche,Desc,84,13573664,13535404,Disponible,2026-10-03
Giacomo Quagliata,Deportivo,Desc,38,5029246,4965561,Disponible,2026-10-03
Giorgi Guliashvili,Racing,Desc,2,696119,699700,Disponible,2026-10-03
Giorgi Kochorashvili,Sevilla,Desc,28,4898487,4986042,Disponible,2026-10-03
Giovani Lo Celso,Betis,Desc,4,9360625,9590355,Disponible,2026-10-03
Gnangoro Bouare,Rayo,Desc,28,709300,713431,Disponible,2026-10-03
Gonçalo Guedes,Real Sociedad,Desc,38,15439843,15449943,Disponible,2026-10-03
Gonzalo Villar,Elche,Desc,85,8965200,9048970,Disponible,2026-10-03
Gorka Carrera,Real Sociedad,Desc,0,521364,517664,Disponible,2026-10-03
Gorka Guruzeta,Athletic,Desc,5,5158046,5297085,Disponible,2026-10-03
Grady Diangana,Elche,Desc,0,573593,572069,Disponible,2026-10-03
Grégoire Swiderski,Alavés,Desc,0,492851,487963,Disponible,2026-10-03
Hamza Abdelkarim,Barcelona,Desc,2,1969122,2013689,Disponible,2026-10-03
Héctor Bellerín,Betis,Desc,56,19281923,19224477,Disponible,2026-10-03
Héctor Fort,Real Sociedad,Desc,3,2274088,2326393,Disponible,2026-10-03
Hugo Burcio,Celta,Desc,7,548481,545911,Disponible,2026-10-03
Hugo Duro,Valencia,Desc,21,3991290,4029156,Disponible,2026-10-03
Hugo González,Celta,Desc,56,3972495,3788417,Disponible,2026-10-03
Hugo Novoa,Alavés,Desc,0,537715,534696,Disponible,2026-10-03
Hugo Pérez,Racing,Desc,0,627812,628547,Disponible,2026-10-03
Hugo Rincón,Athletic,Desc,4,1028283,1045705,Disponible,2026-10-03
Hugo Sotelo,Levante,Desc,9,684312,687401,Duda,2026-10-03
Iago Aspas,Celta,Desc,21,3973601,4077669,Duda,2026-10-03
Ibai Aguirre,R. Sociedad B,Desc,0,602257,602257,Disponible,2026-10-03
Ibrahima Konaté,Real Madrid,Desc,12,27922672,28631037,Disponible,2026-10-03
Ifeanyi Ndukwe,Levante,Desc,6,1000447,1016709,Disponible,2026-10-03
Igor Galdin,Levante,Desc,0,503612,499172,Disponible,2026-10-03
Igor Zubeldia,Real Sociedad,Desc,36,7680766,7870028,Duda,2026-10-03
Iker Córdoba,Valencia,Desc,6,775243,782121,Disponible,2026-10-03
Iker Losada,Betis,Desc,0,815057,823594,Disponible,2026-10-03
Iker Luque,Racing,Desc,10,949448,963585,Disponible,2026-10-03
Iker Monreal,Athletic,Desc,0,548481,545911,Disponible,2026-10-03
Iker Muñoz,Sevilla,Desc,41,492606,487708,Disponible,2026-10-03
Iker Muñoz,Osasuna,Desc,41,1583727,1608754,Disponible,2026-10-03
Iker Muñoz,Sevilla,Desc,0,492606,487708,Disponible,2026-10-03
Iker Muñoz,Osasuna,Desc,0,1583727,1608754,Disponible,2026-10-03
Ilaix Moriba,Celta,Desc,66,16388693,15626562,Disponible,2026-10-03
Ilias Akhomach,Villarreal,Desc,26,5238549,4978622,Disponible,2026-10-03
Iñigo Arguibide,Osasuna,Desc,25,2707980,2753038,Disponible,2026-10-03
Íñigo Sainz-Maza,Racing,Desc,12,513523,509496,Disponible,2026-10-03
Iñigo Vicente,Racing,Desc,80,27383002,27737824,Disponible,2026-10-03
Ionut Radu,Celta,Desc,82,46956697,47192032,Disponible,2026-10-03
Isaac Romero,Sevilla,Desc,24,4013659,4098094,Disponible,2026-10-03
Iván Alonso,Rayo,Desc,0,487235,482113,Disponible,2026-10-03
Iván Azón,Getafe,Desc,35,4621151,4577057,Disponible,2026-10-03
Iván Balliu,Rayo,Desc,0,570746,569104,Disponible,2026-10-03
Iván Martín,Racing,Desc,55,5772609,5862923,Disponible,2026-10-03
Iván Romero,Levante,Desc,54,6864969,6841486,Disponible,2026-10-03
Iván Villar,Celta,Desc,0,545541,542848,Disponible,2026-10-03
Izan Merino,Málaga,Desc,31,2584040,2646254,Disponible,2026-10-03
Jan Oblak,Atlético,Desc,59,51377179,51589285,Disponible,2026-10-03
Jaume Durá,Valencia,Desc,0,646334,647841,Disponible,2026-10-03
Javi Galán,Celta,Desc,23,5529015,5650095,Disponible,2026-10-03
Javi Guerra,Valencia,Desc,45,17318866,17504219,Disponible,2026-10-03
Javi Morcillo,Elche,Desc,47,751765,754615,Disponible,2026-10-03
Javi Navarro,Real Madrid,Desc,0,702622,702622,Disponible,2026-10-03
Javi Rodríguez,Celta,Desc,16,5357147,5492008,Disponible,2026-10-03
Javi Rueda,Celta,Desc,42,5191697,5217564,Disponible,2026-10-03
Javier Gil,Atlético,Desc,0,806108,814272,Disponible,2026-10-03
Javier Hernández,Espanyol,Desc,70,14694849,14935772,Disponible,2026-10-03
Jean Ives Valou,Getafe,Desc,-5,492606,487708,Disponible,2026-10-03
Jeanuël Belocian,Racing,Desc,6,2182993,2236676,Disponible,2026-10-03
Jens Cajuste,Málaga,Desc,2,3591273,3693161,Duda,2026-10-03
Jeremy Toljan,Levante,Desc,14,1441207,1467222,Disponible,2026-10-03
Jesús Areso,Athletic,Desc,47,3360645,3409120,Disponible,2026-10-03
Jesús Vázquez,Valencia,Desc,27,1196082,1220495,Disponible,2026-10-03
Jiri Letácek,Getafe,Desc,0,505934,501591,Disponible,2026-10-03
Joan Garcia,Barcelona,Desc,56,52323229,53151747,Duda,2026-10-03
Joao Cancelo,Barcelona,Desc,19,38997570,38453013,Disponible,2026-10-03
Job Ochieng,Real Sociedad,Desc,40,1601025,1572373,Disponible,2026-10-03
Johan Mojica,Getafe,Desc,84,15424122,15479344,Disponible,2026-10-03
Johnny Cardoso,Atlético,Desc,23,4770755,4636041,Disponible,2026-10-03
Jon Ander Olasagasti,Levante,Desc,73,7626885,7732935,Disponible,2026-10-03
Jon Aramburu,Real Sociedad,Desc,58,16100781,16347794,Disponible,2026-10-03
Jon Gorrotxategi,Real Sociedad,Desc,22,1851223,1890167,Disponible,2026-10-03
Jon Guridi,Sevilla,Desc,38,5557650,5637242,Disponible,2026-10-03
Jon Martín,Real Sociedad,Desc,23,18277248,18558787,Disponible,2026-10-03
Jon Moncayola,Osasuna,Desc,50,5505629,5604860,Disponible,2026-10-03
Jon Pacheco,Real Sociedad,Desc,3,1158305,1181144,Disponible,2026-10-03
Jonathan Asp Jensen,Deportivo,Desc,40,2757703,2813480,Disponible,2026-10-03
Jonathan David,Atlético,Desc,57,58901900,57025095,Disponible,2026-10-03
Jonathan Dubasin,Osasuna,Desc,22,4445886,4558833,Disponible,2026-10-03
Jones El-Abdellaoui,Celta,Desc,12,681328,684293,Lesionado,2026-10-03
Jordi Pesquer,Barcelona,Desc,0,600000,600000,Disponible,2026-10-03
Jorge Cabello,Levante,Desc,0,523258,519637,Disponible,2026-10-03
Jorge Castellanos,Racing,Desc,0,503565,499123,Disponible,2026-10-03
Jorge Castillo,Atlético,Desc,0,1000000,1000000,Disponible,2026-10-03
Jorge Cestero,Real Madrid,Desc,0,502562,498079,Disponible,2026-10-03
Jorge Domínguez,Atlético,Desc,2,1357614,1388758,Disponible,2026-10-03
Jorge Herrando,Osasuna,Desc,24,1001951,1018275,Lesionado,2026-10-03
Jorge Salinas,Racing,Desc,60,5277447,5360096,Disponible,2026-10-03
José Ángel Carmona,Sevilla,Desc,2,1305093,1334048,Disponible,2026-10-03
José Antonio Morante,Betis,Desc,0,859365,869748,Disponible,2026-10-03
José Gayà,Valencia,Desc,39,6501563,6584142,Disponible,2026-10-03
José María Giménez,Deportivo,Desc,28,17194743,16717095,Disponible,2026-10-03
José Salinas,Málaga,Desc,19,849772,857746,Disponible,2026-10-03
Joseph Otu,Málaga,Desc,0,584300,583222,Disponible,2026-10-03
Jozhua Vertrouwd,Rayo,Desc,-1,588709,587815,Disponible,2026-10-03
Juan Berrocal,Málaga,Desc,12,645792,647276,Disponible,2026-10-03
Juan Carlos Arana,Racing,Desc,1,518545,514727,Disponible,2026-10-03
Juan Cruz,Málaga,Desc,31,4682270,4796930,Disponible,2026-10-03
Juan Foyth,Villarreal,Desc,28,9055950,9232413,Disponible,2026-10-03
Juan Iglesias,Sevilla,Desc,81,22640531,22276172,Disponible,2026-10-03
Juan Musso,Atlético,Desc,0,1377543,1406802,Disponible,2026-10-03
Juani,Málaga,Desc,0,806108,814272,Disponible,2026-10-03
Jude Bellingham,Real Madrid,Desc,130,124520972,122625648,Disponible,2026-10-03
Julen Agirrezabala,Racing,Desc,76,27289754,27017461,Disponible,2026-10-03
Julen Lobete,Málaga,Desc,0,516986,513103,Lesionado,2026-10-03
Jules Koundé,Barcelona,Desc,14,19252080,19663427,Disponible,2026-10-03
Julio Díaz,Sevilla,Desc,1,472876,467156,Disponible,2026-10-03
Karim Adeyemi,Barcelona,Desc,64,85031920,83896196,Disponible,2026-10-03
Karl Etta Eyong,Levante,Desc,10,7932718,8150484,Duda,2026-10-03
Kevin Sánchez,Deportivo,Desc,0,541273,538402,Disponible,2026-10-03
Kike Barja,Osasuna,Desc,32,1141485,1163623,Disponible,2026-10-03
Kike Ribes,Celta Fortuna,Desc,0,600000,600000,Disponible,2026-10-03
Kike Salas,Sevilla,Desc,49,11697178,11554390,Disponible,2026-10-03
Kiko Femenia,Getafe,Desc,2,1284427,1312521,Duda,2026-10-03
Kylian Mbappé,Real Madrid,Desc,147,147396688,148934260,Duda,2026-10-03
Lamine Yamal,Barcelona,Desc,157,183335042,180864843,Disponible,2026-10-03
Laro Gómez,Racing,Desc,0,602234,602234,Disponible,2026-10-03
Leandro Cabrera,Espanyol,Desc,31,9458501,9546927,Disponible,2026-10-03
Leo Román,Deportivo,Desc,56,33037125,33373713,Disponible,2026-10-03
Logan Costa,Villarreal,Desc,-2,591507,590730,Disponible,2026-10-03
Lorenzo Amatucci,Deportivo,Desc,66,13556684,13804151,Disponible,2026-10-03
Lucas Boyé,Alavés,Desc,77,35303161,35111186,Disponible,2026-10-03
Lucas Cepeda,Elche,Desc,42,2094125,2037127,Disponible,2026-10-03
Lucas Noubi,Deportivo,Desc,47,11665926,11931859,Disponible,2026-10-03
Lucas Stassin,Sevilla,Desc,27,11583963,11900578,Duda,2026-10-03
Lucas Torró,Osasuna,Desc,19,1031135,1048675,Disponible,2026-10-03
Lucien Agoume,Sevilla,Desc,81,15664731,15410697,Disponible,2026-10-03
Luis Rioja,Valencia,Desc,23,3985277,4068979,Duda,2026-10-03
Luiz Junior,Villarreal,Desc,8,16460065,16900585,Disponible,2026-10-03
Luken Beitia,Real Sociedad,Desc,5,483755,478488,Disponible,2026-10-03
Manel Usedo,Levante,Desc,0,519893,516132,Disponible,2026-10-03
Manu Bueno,Sevilla,Desc,5,522559,518909,Disponible,2026-10-03
Manu González,Betis,Desc,0,581691,581691,Disponible,2026-10-03
Manu Hernando,Racing,Desc,22,1558558,1598074,Disponible,2026-10-03
Manu Sánchez,Levante,Desc,62,3900401,3984356,Disponible,2026-10-03
Manuel Ángel Castillo,Sevilla,Desc,0,900000,900000,Disponible,2026-10-03
Marash Kumbulla,Rayo,Desc,0,1349789,1380607,Disponible,2026-10-03
Marc Aguado,Elche,Desc,32,2607631,2675166,Disponible,2026-10-03
Marc Bartra,Betis,Desc,73,27718527,28438930,Disponible,2026-10-03
Marc Bernal,Barcelona,Desc,54,24653343,24966016,Disponible,2026-10-03
Marc Casadó,Deportivo,Desc,12,4965801,5097226,Lesionado,2026-10-03
Marc Cucurella,Real Madrid,Desc,36,42447192,43119089,Disponible,2026-10-03
Marc Roca,Betis,Desc,61,20528675,20097176,Disponible,2026-10-03
Marc Santos,Levante,Desc,3,536226,533145,Disponible,2026-10-03
Marcão,Sevilla,Desc,0,496477,491740,Duda,2026-10-03
Marco Román,Rayo,Desc,0,519893,516132,Disponible,2026-10-03
Marcos Navarro,Valencia,Desc,0,501909,501909,Disponible,2026-10-03
Mario Martín,Getafe,Desc,28,1735953,1778114,Disponible,2026-10-03
Mario Rivas,Real Madrid,Desc,0,700000,700000,Disponible,2026-10-03
Marko Dmitrovic,Espanyol,Desc,73,34935569,35292333,Disponible,2026-10-03
Maroan Sannadi,Athletic,Desc,6,470539,464721,Disponible,2026-10-03
Martim Neto,Elche,Desc,13,770813,777507,Disponible,2026-10-03
Martín Satriano,Getafe,Desc,44,18357838,18474478,Disponible,2026-10-03
Mathew Ryan,Levante,Desc,71,26190941,26445112,Disponible,2026-10-03
Matia Barzic,Elche,Desc,3,521524,517831,Disponible,2026-10-03
Matías Dituro,Elche,Desc,25,9597256,9625750,Disponible,2026-10-03
Matteo Prati,Racing,Desc,33,1895537,1943216,Disponible,2026-10-03
Mauro Echegoyen,Osasuna,Desc,0,496274,491529,Disponible,2026-10-03
Miguel Cubo,Atlético,Desc,0,497123,492413,Disponible,2026-10-03
Miguel Loureiro,Deportivo,Desc,30,1637903,1666497,Disponible,2026-10-03
Miguel Román,Celta,Desc,76,20031731,20515921,Lesionado,2026-10-03
Miguel Sierra,Sevilla,Desc,82,13346212,12859764,Disponible,2026-10-03
Mikel Jauregizar,Athletic,Desc,35,9778297,9986271,Disponible,2026-10-03
Mikel Oyarzabal,Real Sociedad,Desc,52,45088488,45184473,Disponible,2026-10-03
Mikel Rodriguez,Alavés,Desc,39,1326552,1356401,Lesionado,2026-10-03
Moha Achraf,Getafe,Desc,0,912624,925226,Disponible,2026-10-03
Moi Gómez,Osasuna,Desc,37,2462352,2484305,Disponible,2026-10-03
Morten Hjulmand,Atlético,Desc,52,15727221,16041100,Disponible,2026-10-03
Mouctar Diakhaby,Valencia,Desc,12,1980380,2031745,Disponible,2026-10-03
Nacho Pérez,Levante,Desc,47,1682952,1719961,Disponible,2026-10-03
Nahuel Tenaglia,Alavés,Desc,86,29318523,29562730,Disponible,2026-10-03
Natan,Betis,Desc,85,53899448,52681448,Disponible,2026-10-03
Nathan-Dylan Saliba,Villarreal,Desc,45,6166945,6192701,Disponible,2026-10-03
Nelson Deossa,Betis,Desc,63,9152043,8680976,Disponible,2026-10-03
Nemanja Gudelj,Getafe,Desc,14,4912478,4976728,Disponible,2026-10-03
Nico Guillén,Sevilla,Desc,14,1312003,1341246,Disponible,2026-10-03
Nico Serrano,Athletic,Desc,2,531963,528705,Disponible,2026-10-03
Nicolas Pépé,Villarreal,Desc,67,43771004,44623238,Disponible,2026-10-03
Nicolás Valentini,Alavés,Desc,25,745305,739031,Disponible,2026-10-03
Obed Vargas,Atlético,Desc,0,525579,522055,Disponible,2026-10-03
Odysseas Vlachodimos,Sevilla,Desc,63,32329317,32569773,Disponible,2026-10-03
Oihan Sancet,Athletic,Desc,65,34674214,35167955,Disponible,2026-10-03
Omar El Hilali,Espanyol,Desc,51,17906865,17589931,Disponible,2026-10-03
Orel Mangala,Getafe,Desc,43,8606380,8771007,Disponible,2026-10-03
Oriol Rey,Levante,Desc,42,2143924,2155247,Disponible,2026-10-03
Orri Steinn Óskarsson,Real Sociedad,Desc,17,4605321,4729578,Disponible,2026-10-03
Óscar López,Getafe,Desc,0,646334,647841,Disponible,2026-10-03
Óscar Valentín,Rayo,Desc,50,2606248,2648615,Disponible,2026-10-03
Pablo Barrios,Atlético,Desc,49,33328712,33682578,Disponible,2026-10-03
Pablo Durán,Celta,Desc,36,1080807,1056118,Disponible,2026-10-03
Pablo Fornals,Betis,Desc,47,37630535,37794353,Disponible,2026-10-03
Pablo García,Deportivo,Desc,42,468964,468964,Disponible,2026-10-03
Pablo García,Racing,Desc,42,7371789,7426086,Disponible,2026-10-03
Pablo Gavi,Barcelona,Desc,4,10420182,10657535,Disponible,2026-10-03
Pablo Ibáñez,Alavés,Desc,67,15545864,15333686,Disponible,2026-10-03
Pablo Maffeo,Valencia,Desc,21,4578608,4652908,Disponible,2026-10-03
Pablo Marín,Real Sociedad,Desc,0,630216,631051,Disponible,2026-10-03
Pablo Martínez,Málaga,Desc,47,3485894,3549528,Disponible,2026-10-03
Pablo Ramón,Racing,Desc,49,1644784,1671581,Disponible,2026-10-03
Paco Cortés,Levante,Desc,7,522938,519303,Disponible,2026-10-03
Pape Gueye,Villarreal,Desc,87,31683231,32138839,Disponible,2026-10-03
Pau Cubarsí,Barcelona,Desc,37,56260530,56678066,Disponible,2026-10-03
Pau Navarro,Villarreal,Desc,12,3212942,3252350,Disponible,2026-10-03
Pedro Bigas,Elche,Desc,-7,1439305,1473852,Disponible,2026-10-03
Pedro Díaz,Rayo,Desc,45,909674,922154,Disponible,2026-10-03
Pedro Felipe,Racing,Desc,-8,813398,821866,Disponible,2026-10-03
Peio Canales,Athletic,Desc,29,4695397,4784485,Disponible,2026-10-03
Pepelu,Valencia,Desc,81,14942197,14613016,Disponible,2026-10-03
Peque,Sevilla,Desc,21,1555746,1595145,Disponible,2026-10-03
Pere Milla,Espanyol,Desc,4,2774417,2843737,Disponible,2026-10-03
Petar Ratkov,Levante,Desc,2,1842196,1893531,Disponible,2026-10-03
Pierre-Emerick Aubameyang,Deportivo,Desc,106,80547964,82709760,Lesionado,2026-10-03
Pol Lozano,Espanyol,Desc,4,795903,803642,Disponible,2026-10-03
Quilindschy Hartman,Espanyol,Desc,12,2266158,2324132,Disponible,2026-10-03
Rafa Rodríguez,Málaga,Desc,24,1654779,1696096,Disponible,2026-10-03
Rafel Bauzà,Espanyol,Desc,16,536226,533145,Disponible,2026-10-03
Ramón Enríquez,Málaga,Desc,5,523555,519946,Disponible,2026-10-03
Ramón Terrats,Getafe,Desc,84,14897984,14424202,Disponible,2026-10-03
Randy Nteka,Rayo,Desc,10,745353,750986,Disponible,2026-10-03
Raphinha,Barcelona,Desc,183,172907890,173214975,Disponible,2026-10-03
Raúl Asencio,Real Madrid,Desc,0,1383048,1415251,Lesionado,2026-10-03
Raúl García,Osasuna,Desc,29,1204915,1222670,Disponible,2026-10-03
Raúl Jiménez,Valencia,Desc,0,1561503,0,Disponible,2026-10-03
Raul Moro,Osasuna,Desc,13,5156726,5301220,Lesionado,2026-10-03
Renato Veiga,Villarreal,Desc,29,27895427,27587682,Disponible,2026-10-03
Robbie Ure,Sevilla,Desc,18,7634476,7797498,Disponible,2026-10-03
Robert Navarro,Athletic,Desc,76,19270351,18383313,Disponible,2026-10-03
Robin Le Normand,Atlético,Desc,38,9216953,9324305,Disponible,2026-10-03
Rockson Yeboah,Osasuna,Desc,8,697280,700910,Disponible,2026-10-03
Rodrigo Gamón,Valencia,Desc,0,800000,800000,Disponible,2026-10-03
Rodrigo Mendoza,Atlético,Desc,23,748720,754493,Disponible,2026-10-03
Rodrigo Riquelme,Betis,Desc,66,17011358,17231174,Disponible,2026-10-03
Roger Hinojo,Espanyol,Desc,43,3483909,3560142,Disponible,2026-10-03
Romain Del Castillo,Osasuna,Desc,3,6009423,6179052,Disponible,2026-10-03
Roy Revivo,Elche,Desc,22,3517294,3547993,Disponible,2026-10-03
Rubén Gómez,Villarreal,Desc,0,487847,482750,Disponible,2026-10-03
Rubén Sánchez,Elche,Desc,10,472360,466618,Disponible,2026-10-03
Rubén Vargas,Sevilla,Desc,2,6330689,6496679,Disponible,2026-10-03
Ryunosuke Sato,Valencia,Desc,20,4505062,4625857,Disponible,2026-10-03
Saba Sazonov,Getafe,Desc,12,632666,633604,Disponible,2026-10-03
Salvi Esquivel,Atlético,Desc,0,521188,517481,Disponible,2026-10-03
Samu Becerra,Rayo,Desc,0,539405,536457,Disponible,2026-10-03
Santi Comesaña,Villarreal,Desc,39,10313908,10600820,Duda,2026-10-03
Santiago Mouriño,Villarreal,Desc,20,11587392,11888963,Disponible,2026-10-03
Sebastián Boselli,Getafe,Desc,3,867895,878634,Disponible,2026-10-03
Sebastián Cáceres,Celta,Desc,24,3891523,3990976,Duda,2026-10-03
Selu Diallo,Alavés,Desc,0,548955,546405,Disponible,2026-10-03
Sergio Camello,Rayo,Desc,113,47106675,45458130,Disponible,2026-10-03
Sergio Canales,Racing,Desc,67,21211108,21665104,Disponible,2026-10-03
Sergio Carreira,Celta,Desc,30,6828050,6926879,Disponible,2026-10-03
Sergio Gómez,Real Sociedad,Desc,44,14714823,14835988,Disponible,2026-10-03
Sergio Herrera,Osasuna,Desc,19,23126325,23646752,Disponible,2026-10-03
Sergio José Lozano,Rayo,Desc,0,503565,499123,Disponible,2026-10-03
Sergio Martínez,Real Madrid,Desc,28,993949,1009940,Disponible,2026-10-03
Sergio Mestre,Real Madrid,Desc,0,677860,677860,Disponible,2026-10-03
Simon Eriksson,Racing,Desc,0,905164,917456,Duda,2026-10-03
Stole Dimitrievski,Valencia,Desc,68,19767247,19935420,Disponible,2026-10-03
Takefusa Kubo,Real Sociedad,Desc,23,13963010,14274294,Disponible,2026-10-03
Tani Oluwaseyi,Villarreal,Desc,8,894555,906405,Disponible,2026-10-03
Tete Morente,Elche,Desc,46,4245614,4145724,Disponible,2026-10-03
Theo Folgado,Real Sociedad,Desc,0,702606,702606,Disponible,2026-10-03
Thibaut Courtois,Real Madrid,Desc,59,54087325,54460292,Disponible,2026-10-03
Thomas Lemar,Elche,Desc,28,3935414,3940581,Disponible,2026-10-03
Toni Martinez,Alavés,Desc,31,13059267,13333413,Disponible,2026-10-03
Trent Alexander-Arnold,Real Madrid,Desc,37,16643434,16946250,Disponible,2026-10-03
Tyrhys Dolan,Espanyol,Desc,27,11664998,11910034,Disponible,2026-10-03
Umar Sadiq,Valencia,Desc,19,2014603,2065935,Lesionado,2026-10-03
Unai López,Rayo,Desc,84,19728054,19468264,Disponible,2026-10-03
Unai Marrero,Real Sociedad,Desc,23,674269,676940,Disponible,2026-10-03
Unai Santos,Osasuna,Desc,1,504084,499664,Disponible,2026-10-03
Unai Simón,Athletic,Desc,72,41874014,42379731,Disponible,2026-10-03
Valentín Gómez,Betis,Desc,43,3309534,3169047,Disponible,2026-10-03
Vanja Drkusic,Espanyol,Desc,11,1209132,1234089,Disponible,2026-10-03
Víctor Chust,Elche,Desc,14,3559877,3612296,Disponible,2026-10-03
Víctor García,Levante,Desc,3,743940,749514,Disponible,2026-10-03
Ville Koski,Alavés,Desc,71,27490030,26646871,Disponible,2026-10-03
Williot Swedberg,Celta,Desc,43,3280102,3338575,Disponible,2026-10-03
Wojciech Szczesny,Barcelona,Desc,-5,1037570,1055379,Disponible,2026-10-03
Xanet Oláiz,Alavés,Desc,2,493407,488542,Disponible,2026-10-03
Xavi Espart,Barcelona,Desc,79,42104058,42566404,Disponible,2026-10-03
Yangel Herrera,Real Sociedad,Desc,50,5008633,5031785,Disponible,2026-10-03
Yanis Musuayi,Levante,Desc,0,850545,860561,Disponible,2026-10-03
Yassir Zabiri,Racing,Desc,70,25754655,25016304,Disponible,2026-10-03
Yoel Lago,Celta,Desc,63,13737844,13302907,Disponible,2026-10-03
Youssouf Fofana,Sevilla,Desc,41,23201368,22689135,Disponible,2026-10-03
Zaid Romero,Getafe,Desc,55,35879393,35122505,Disponible,2026-10-03
Zakaria Eddahchouri,Deportivo,Desc,15,758285,764457,Duda,2026-10-03
